[04Oct2026 19:01:28.456] [main/INFO] [cpw.mods.modlauncher.Launcher/MODLAUNCHER]: ModLauncher running: args [--launchTarget, forgeserver, --fml.forgeVersion, 47.4.10, --fml.mcVersion, 1.20.1, --fml.forgeGroup, net.minecraftforge, --fml.mcpVersion, 20230612.114412]
[04Oct2026 19:01:28.458] [main/INFO] [cpw.mods.modlauncher.Launcher/MODLAUNCHER]: ModLauncher 10.0.9+10.0.9+main.dcd20f30 starting: java version 17.0.18 by Eclipse Adoptium; OS Mac OS X arch aarch64 version 27.0
[04Oct2026 19:01:28.474] [main/DEBUG] [cpw.mods.modlauncher.LaunchServiceHandler/MODLAUNCHER]: Found launch services [fmlclientdev,forgeclient,minecraft,forgegametestserverdev,fmlserveruserdev,fmlclient,fmldatauserdev,forgeserverdev,forgeserveruserdev,forgeclientdev,forgeclientuserdev,forgeserver,forgedatadev,fmlserver,fmlclientuserdev,fmlserverdev,forgedatauserdev,testharness,forgegametestserveruserdev]
[04Oct2026 19:01:28.482] [main/DEBUG] [cpw.mods.modlauncher.NameMappingServiceHandler/MODLAUNCHER]: Found naming services : [srgtomcp]
[04Oct2026 19:01:28.492] [main/DEBUG] [cpw.mods.modlauncher.LaunchPluginHandler/MODLAUNCHER]: Found launch plugins: [mixin,eventbus,slf4jfixer,object_holder_definalize,runtime_enum_extender,capability_token_subclass,accesstransformer,runtimedistcleaner]
[04Oct2026 19:01:28.498] [main/DEBUG] [cpw.mods.modlauncher.TransformationServicesHandler/MODLAUNCHER]: Discovering transformation services
[04Oct2026 19:01:28.502] [main/DEBUG] [net.minecraftforge.fml.loading.FMLPaths/CORE]: Path GAMEDIR is /Users/caden/A.Developer/JuniorMC/SERVER
[04Oct2026 19:01:28.502] [main/DEBUG] [net.minecraftforge.fml.loading.FMLPaths/CORE]: Path MODSDIR is /Users/caden/A.Developer/JuniorMC/SERVER/mods
[04Oct2026 19:01:28.502] [main/DEBUG] [net.minecraftforge.fml.loading.FMLPaths/CORE]: Path CONFIGDIR is /Users/caden/A.Developer/JuniorMC/SERVER/config
[04Oct2026 19:01:28.502] [main/DEBUG] [net.minecraftforge.fml.loading.FMLPaths/CORE]: Path FMLCONFIG is /Users/caden/A.Developer/JuniorMC/SERVER/config/fml.toml
[04Oct2026 19:01:28.924] [main/DEBUG] [cpw.mods.modlauncher.TransformationServicesHandler/MODLAUNCHER]: Found additional transformation services from discovery services: 
[04Oct2026 19:01:28.930] [main/INFO] [net.minecraftforge.fml.loading.ImmediateWindowHandler/]: ImmediateWindowProvider not loading because launch target is forgeserver
[04Oct2026 19:01:28.936] [main/DEBUG] [cpw.mods.modlauncher.TransformationServicesHandler/MODLAUNCHER]: Found transformer services : [mixin,fml]
[04Oct2026 19:01:28.936] [main/DEBUG] [cpw.mods.modlauncher.TransformationServicesHandler/MODLAUNCHER]: Transformation services loading
[04Oct2026 19:01:28.936] [main/DEBUG] [cpw.mods.modlauncher.TransformationServiceDecorator/MODLAUNCHER]: Loading service mixin
[04Oct2026 19:01:28.936] [main/DEBUG] [cpw.mods.modlauncher.TransformationServiceDecorator/MODLAUNCHER]: Loaded service mixin
[04Oct2026 19:01:28.936] [main/DEBUG] [cpw.mods.modlauncher.TransformationServiceDecorator/MODLAUNCHER]: Loading service fml
[04Oct2026 19:01:28.937] [main/DEBUG] [net.minecraftforge.fml.loading.LauncherVersion/CORE]: Found FMLLauncher version 1.0
[04Oct2026 19:01:28.937] [main/DEBUG] [net.minecraftforge.fml.loading.FMLLoader/CORE]: FML 1.0 loading
[04Oct2026 19:01:28.937] [main/DEBUG] [net.minecraftforge.fml.loading.FMLLoader/CORE]: FML found ModLauncher version : 10.0.9+10.0.9+main.dcd20f30
[04Oct2026 19:01:28.937] [main/DEBUG] [net.minecraftforge.fml.loading.FMLLoader/CORE]: Requesting CoreMods to not apply the fix for ASMAPI.findFirstInstructionBefore by default
[04Oct2026 19:01:28.938] [main/DEBUG] [net.minecraftforge.fml.loading.FMLLoader/CORE]: FML found AccessTransformer version : 8.0.4+66+master.c09db6d7
[04Oct2026 19:01:28.938] [main/DEBUG] [net.minecraftforge.fml.loading.FMLLoader/CORE]: FML found EventBus version : 6.0.5+6.0.5+master.eb8e549b
[04Oct2026 19:01:28.938] [main/DEBUG] [net.minecraftforge.fml.loading.FMLLoader/CORE]: Found Runtime Dist Cleaner
[04Oct2026 19:01:28.939] [main/DEBUG] [net.minecraftforge.coremod.CoreModEngine/]: CoreMods will preserve legacy behavior of ASMAPI.findFirstInstructionBefore for backwards-compatibility
[04Oct2026 19:01:28.939] [main/DEBUG] [net.minecraftforge.fml.loading.FMLLoader/CORE]: FML found CoreMod version : 5.2.4
[04Oct2026 19:01:28.939] [main/DEBUG] [net.minecraftforge.fml.loading.FMLLoader/CORE]: Found ForgeSPI package implementation version 7.0.1+7.0.1+master.d2b38bf6
[04Oct2026 19:01:28.939] [main/DEBUG] [net.minecraftforge.fml.loading.FMLLoader/CORE]: Found ForgeSPI package specification 5
[04Oct2026 19:01:28.940] [main/DEBUG] [cpw.mods.modlauncher.TransformationServiceDecorator/MODLAUNCHER]: Loaded service fml
[04Oct2026 19:01:28.940] [main/DEBUG] [cpw.mods.modlauncher.TransformationServicesHandler/MODLAUNCHER]: Configuring option handling for services
[04Oct2026 19:01:28.944] [main/DEBUG] [cpw.mods.modlauncher.TransformationServicesHandler/MODLAUNCHER]: Transformation services initializing
[04Oct2026 19:01:28.944] [main/DEBUG] [cpw.mods.modlauncher.TransformationServiceDecorator/MODLAUNCHER]: Initializing transformation service mixin
[04Oct2026 19:01:28.953] [main/DEBUG] [mixin/]: MixinService [ModLauncher] was successfully booted in cpw.mods.cl.ModuleClassLoader@eafc191
[04Oct2026 19:01:28.973] [main/INFO] [mixin/]: SpongePowered MIXIN Subsystem Version=0.8.5 Source=union:/Users/caden/A.Developer/JuniorMC/SERVER/libraries/org/spongepowered/mixin/0.8.5/mixin-0.8.5.jar%2365!/ Service=ModLauncher Env=SERVER
[04Oct2026 19:01:28.976] [main/DEBUG] [mixin/]: Initialising Mixin Platform Manager
[04Oct2026 19:01:28.977] [main/DEBUG] [mixin/]: Adding mixin platform agents for container ModLauncher Root Container(ModLauncher:4f56a0a2)
[04Oct2026 19:01:28.977] [main/DEBUG] [mixin/]: Instancing new MixinPlatformAgentMinecraftForge for ModLauncher Root Container(ModLauncher:4f56a0a2)
[04Oct2026 19:01:28.977] [main/DEBUG] [mixin/]: MixinPlatformAgentMinecraftForge rejected container ModLauncher Root Container(ModLauncher:4f56a0a2)
[04Oct2026 19:01:28.978] [main/DEBUG] [mixin/]: Instancing new MixinPlatformAgentDefault for ModLauncher Root Container(ModLauncher:4f56a0a2)
[04Oct2026 19:01:28.978] [main/DEBUG] [mixin/]: MixinPlatformAgentDefault accepted container ModLauncher Root Container(ModLauncher:4f56a0a2)
[04Oct2026 19:01:28.979] [main/DEBUG] [cpw.mods.modlauncher.TransformationServiceDecorator/MODLAUNCHER]: Initialized transformation service mixin
[04Oct2026 19:01:28.979] [main/DEBUG] [cpw.mods.modlauncher.TransformationServiceDecorator/MODLAUNCHER]: Initializing transformation service fml
[04Oct2026 19:01:28.979] [main/DEBUG] [net.minecraftforge.fml.loading.FMLServiceProvider/CORE]: Setting up basic FML game directories
[04Oct2026 19:01:28.980] [main/DEBUG] [net.minecraftforge.fml.loading.FMLPaths/CORE]: Path GAMEDIR is /Users/caden/A.Developer/JuniorMC/SERVER
[04Oct2026 19:01:28.980] [main/DEBUG] [net.minecraftforge.fml.loading.FMLPaths/CORE]: Path MODSDIR is /Users/caden/A.Developer/JuniorMC/SERVER/mods
[04Oct2026 19:01:28.980] [main/DEBUG] [net.minecraftforge.fml.loading.FMLPaths/CORE]: Path CONFIGDIR is /Users/caden/A.Developer/JuniorMC/SERVER/config
[04Oct2026 19:01:28.980] [main/DEBUG] [net.minecraftforge.fml.loading.FMLPaths/CORE]: Path FMLCONFIG is /Users/caden/A.Developer/JuniorMC/SERVER/config/fml.toml
[04Oct2026 19:01:28.980] [main/DEBUG] [net.minecraftforge.fml.loading.FMLServiceProvider/CORE]: Loading configuration
[04Oct2026 19:01:28.982] [main/DEBUG] [net.minecraftforge.fml.loading.FMLServiceProvider/CORE]: Preparing ModFile
[04Oct2026 19:01:28.985] [main/DEBUG] [net.minecraftforge.fml.loading.FMLServiceProvider/CORE]: Preparing launch handler
[04Oct2026 19:01:28.985] [main/DEBUG] [net.minecraftforge.fml.loading.FMLLoader/CORE]: Using forgeserver as launch service
[04Oct2026 19:01:28.995] [main/DEBUG] [net.minecraftforge.fml.loading.FMLLoader/CORE]: Received command line version data  : VersionInfo[forgeVersion=47.4.10, mcVersion=1.20.1, mcpVersion=20230612.114412, forgeGroup=net.minecraftforge]
[04Oct2026 19:01:28.996] [main/DEBUG] [cpw.mods.modlauncher.TransformationServiceDecorator/MODLAUNCHER]: Initialized transformation service fml
[04Oct2026 19:01:28.996] [main/DEBUG] [cpw.mods.modlauncher.NameMappingServiceHandler/MODLAUNCHER]: Current naming domain is 'srg'
[04Oct2026 19:01:28.997] [main/DEBUG] [cpw.mods.modlauncher.NameMappingServiceHandler/MODLAUNCHER]: Identified name mapping providers {}
[04Oct2026 19:01:28.997] [main/DEBUG] [cpw.mods.modlauncher.TransformationServicesHandler/MODLAUNCHER]: Transformation services begin scanning
[04Oct2026 19:01:28.997] [main/DEBUG] [cpw.mods.modlauncher.TransformationServiceDecorator/MODLAUNCHER]: Beginning scan trigger - transformation service mixin
[04Oct2026 19:01:28.998] [main/DEBUG] [cpw.mods.modlauncher.TransformationServiceDecorator/MODLAUNCHER]: End scan trigger - transformation service mixin
[04Oct2026 19:01:28.998] [main/DEBUG] [cpw.mods.modlauncher.TransformationServiceDecorator/MODLAUNCHER]: Beginning scan trigger - transformation service fml
[04Oct2026 19:01:28.998] [main/DEBUG] [net.minecraftforge.fml.loading.FMLServiceProvider/CORE]: Initiating mod scan
[04Oct2026 19:01:29.005] [main/DEBUG] [net.minecraftforge.fml.loading.moddiscovery.ModListHandler/CORE]: Found mod coordinates from lists: []
[04Oct2026 19:01:29.007] [main/DEBUG] [net.minecraftforge.fml.loading.moddiscovery.ModDiscoverer/CORE]: Found Mod Locators : (mods folder:null),(maven libs:null),(exploded directory:null),(minecraft:null),(userdev classpath:null)
[04Oct2026 19:01:29.007] [main/DEBUG] [net.minecraftforge.fml.loading.moddiscovery.ModDiscoverer/CORE]: Found Dependency Locators : (JarInJar:null)
[04Oct2026 19:01:29.018] [main/DEBUG] [net.minecraftforge.fml.loading.moddiscovery.ModFileParser/LOADING]: Considering mod file candidate /Users/caden/A.Developer/JuniorMC/SERVER/mods/ad_astra-forge-1.20.1-1.15.21.jar
[04Oct2026 19:01:29.053] [main/DEBUG] [net.minecraftforge.fml.loading.moddiscovery.ModFileInfo/LOADING]: Found valid mod file ad_astra-forge-1.20.1-1.15.21.jar with {ad_astra} mods - versions {1.15.21}
[04Oct2026 19:01:29.054] [main/DEBUG] [net.minecraftforge.fml.loading.moddiscovery.ModFileParser/LOADING]: Considering mod file candidate /Users/caden/A.Developer/JuniorMC/SERVER/mods/AdLods-1.20.1-8.1.12.0-build.2294.jar
[04Oct2026 19:01:29.055] [main/DEBUG] [net.minecraftforge.fml.loading.moddiscovery.ModFileInfo/LOADING]: Found valid mod file AdLods-1.20.1-8.1.12.0-build.2294.jar with {adlods} mods - versions {8.1.12.0}
[04Oct2026 19:01:29.056] [main/DEBUG] [net.minecraftforge.fml.loading.moddiscovery.ModFileParser/LOADING]: Considering mod file candidate /Users/caden/A.Developer/JuniorMC/SERVER/mods/AdvancementPlaques-1.20.1-forge-1.6.9.jar
[04Oct2026 19:01:29.058] [main/DEBUG] [net.minecraftforge.fml.loading.moddiscovery.ModFileInfo/LOADING]: Found valid mod file AdvancementPlaques-1.20.1-forge-1.6.9.jar with {advancementplaques} mods - versions {1.6.9}
[04Oct2026 19:01:29.061] [main/DEBUG] [net.minecraftforge.fml.loading.moddiscovery.ModFileParser/LOADING]: Considering mod file candidate /Users/caden/A.Developer/JuniorMC/SERVER/mods/aether-1.20.1-1.5.2-neoforge.jar
[04Oct2026 19:01:29.062] [main/DEBUG] [net.minecraftforge.fml.loading.moddiscovery.ModFileInfo/LOADING]: Found valid mod file aether-1.20.1-1.5.2-neoforge.jar with {aether} mods - versions {1.20.1-1.5.2-neoforge}
[04Oct2026 19:01:29.065] [main/DEBUG] [net.minecraftforge.fml.loading.moddiscovery.ModFileParser/LOADING]: Considering mod file candidate /Users/caden/A.Developer/JuniorMC/SERVER/mods/alexsmobs-1.22.9.jar
[04Oct2026 19:01:29.067] [main/DEBUG] [net.minecraftforge.fml.loading.moddiscovery.ModFileInfo/LOADING]: Found valid mod file alexsmobs-1.22.9.jar with {alexsmobs} mods - versions {1.22.9}
[04Oct2026 19:01:29.067] [main/DEBUG] [net.minecraftforge.fml.loading.moddiscovery.ModFileParser/LOADING]: Considering mod file candidate /Users/caden/A.Developer/JuniorMC/SERVER/mods/almanac-1.20.x-forge-1.0.2.jar
[04Oct2026 19:01:29.068] [main/DEBUG] [net.minecraftforge.fml.loading.moddiscovery.ModFileInfo/LOADING]: Found valid mod file almanac-1.20.x-forge-1.0.2.jar with {almanac} mods - versions {1.0.2}
[04Oct2026 19:01:29.069] [main/DEBUG] [net.minecraftforge.fml.loading.moddiscovery.ModFileParser/LOADING]: Considering mod file candidate /Users/caden/A.Developer/JuniorMC/SERVER/mods/almostunified-forge-1.20.1-0.11.0.jar
[04Oct2026 19:01:29.070] [main/DEBUG] [net.minecraftforge.fml.loading.moddiscovery.ModFileInfo/LOADING]: Found valid mod file almostunified-forge-1.20.1-0.11.0.jar with {almostunified} mods - versions {1.20.1-0.11.0}
[04Oct2026 19:01:29.071] [main/DEBUG] [net.minecraftforge.fml.loading.moddiscovery.ModFileParser/LOADING]: Considering mod file candidate /Users/caden/A.Developer/JuniorMC/SERVER/mods/appleskin-forge-mc1.20.1-2.5.1.jar
[04Oct2026 19:01:29.072] [main/DEBUG] [net.minecraftforge.fml.loading.moddiscovery.ModFileInfo/LOADING]: Found valid mod file appleskin-forge-mc1.20.1-2.5.1.jar with {appleskin} mods - versions {2.5.1+mc1.20.1}
[04Oct2026 19:01:29.072] [main/DEBUG] [net.minecraftforge.fml.loading.moddiscovery.ModFileParser/LOADING]: Considering mod file candidate /Users/caden/A.Developer/JuniorMC/SERVER/mods/architectury-9.2.14-forge.jar
[04Oct2026 19:01:29.073] [main/DEBUG] [net.minecraftforge.fml.loading.moddiscovery.ModFileInfo/LOADING]: Found valid mod file architectury-9.2.14-forge.jar with {architectury} mods - versions {9.2.14}
[04Oct2026 19:01:29.074] [main/DEBUG] [net.minecraftforge.fml.loading.moddiscovery.ModFileParser/LOADING]: Considering mod file candidate /Users/caden/A.Developer/JuniorMC/SERVER/mods/artifacts-forge-9.5.19.jar
[04Oct2026 19:01:29.075] [main/DEBUG] [net.minecraftforge.fml.loading.moddiscovery.ModFileInfo/LOADING]: Found valid mod file artifacts-forge-9.5.19.jar with {artifacts} mods - versions {9.5.19}
[04Oct2026 19:01:29.076] [main/DEBUG] [net.minecraftforge.fml.loading.moddiscovery.ModFileParser/LOADING]: Considering mod file candidate /Users/caden/A.Developer/JuniorMC/SERVER/mods/BetterF3-7.0.2-Forge-1.20.1.jar
[04Oct2026 19:01:29.077] [main/DEBUG] [net.minecraftforge.fml.loading.moddiscovery.ModFileInfo/LOADING]: Found valid mod file BetterF3-7.0.2-Forge-1.20.1.jar with {betterf3} mods - versions {7.0.2}
[04Oct2026 19:01:29.078] [main/DEBUG] [net.minecraftforge.fml.loading.moddiscovery.ModFileParser/LOADING]: Considering mod file candidate /Users/caden/A.Developer/JuniorMC/SERVER/mods/BonsaiTrees3-1.20.1-3.3.2.jar
[04Oct2026 19:01:29.078] [main/DEBUG] [net.minecraftforge.fml.loading.moddiscovery.ModFileInfo/LOADING]: Found valid mod file BonsaiTrees3-1.20.1-3.3.2.jar with {bonsaitrees3} mods - versions {3.3.2}
[04Oct2026 19:01:29.084] [main/DEBUG] [net.minecraftforge.fml.loading.moddiscovery.ModFileParser/LOADING]: Considering mod file candidate /Users/caden/A.Developer/JuniorMC/SERVER/mods/Bookshelf-Forge-1.20.1-20.2.15.jar
[04Oct2026 19:01:29.085] [main/DEBUG] [net.minecraftforge.fml.loading.moddiscovery.ModFileInfo/LOADING]: Found valid mod file Bookshelf-Forge-1.20.1-20.2.15.jar with {bookshelf} mods - versions {20.2.15}
[04Oct2026 19:01:29.085] [main/DEBUG] [net.minecraftforge.fml.loading.moddiscovery.ModFileParser/LOADING]: Considering mod file candidate /Users/caden/A.Developer/JuniorMC/SERVER/mods/botarium-forge-1.20.1-2.3.4.jar
[04Oct2026 19:01:29.086] [main/DEBUG] [net.minecraftforge.fml.loading.moddiscovery.ModFileInfo/LOADING]: Found valid mod file botarium-forge-1.20.1-2.3.4.jar with {botarium} mods - versions {2.3.4}
[04Oct2026 19:01:29.087] [main/DEBUG] [net.minecraftforge.fml.loading.moddiscovery.ModFileParser/LOADING]: Considering mod file candidate /Users/caden/A.Developer/JuniorMC/SERVER/mods/buildinggadgets2-1.0.8.jar
[04Oct2026 19:01:29.088] [main/DEBUG] [net.minecraftforge.fml.loading.moddiscovery.ModFileInfo/LOADING]: Found valid mod file buildinggadgets2-1.0.8.jar with {buildinggadgets2} mods - versions {1.0.8}
[04Oct2026 19:01:29.089] [main/DEBUG] [net.minecraftforge.fml.loading.moddiscovery.ModFileParser/LOADING]: Considering mod file candidate /Users/caden/A.Developer/JuniorMC/SERVER/mods/caelus-forge-3.2.0+1.20.1.jar
[04Oct2026 19:01:29.089] [main/DEBUG] [net.minecraftforge.fml.loading.moddiscovery.ModFileInfo/LOADING]: Found valid mod file caelus-forge-3.2.0+1.20.1.jar with {caelus} mods - versions {3.2.0+1.20.1}
[04Oct2026 19:01:29.090] [main/DEBUG] [net.minecraftforge.fml.loading.moddiscovery.ModFileParser/LOADING]: Considering mod file candidate /Users/caden/A.Developer/JuniorMC/SERVER/mods/carryon-forge-1.20.1-2.1.2.7.jar
[04Oct2026 19:01:29.091] [main/DEBUG] [net.minecraftforge.fml.loading.moddiscovery.ModFileInfo/LOADING]: Found valid mod file carryon-forge-1.20.1-2.1.2.7.jar with {carryon} mods - versions {2.1.2.7}
[04Oct2026 19:01:29.091] [main/DEBUG] [net.minecraftforge.fml.loading.moddiscovery.ModFileParser/LOADING]: Considering mod file candidate /Users/caden/A.Developer/JuniorMC/SERVER/mods/charmofundying-forge-6.5.0+1.20.1.jar
[04Oct2026 19:01:29.092] [main/DEBUG] [net.minecraftforge.fml.loading.moddiscovery.ModFileInfo/LOADING]: Found valid mod file charmofundying-forge-6.5.0+1.20.1.jar with {charmofundying} mods - versions {6.5.0+1.20.1}
[04Oct2026 19:01:29.093] [main/DEBUG] [net.minecraftforge.fml.loading.moddiscovery.ModFileParser/LOADING]: Considering mod file candidate /Users/caden/A.Developer/JuniorMC/SERVER/mods/citadel-2.6.3-1.20.1.jar
[04Oct2026 19:01:29.094] [main/DEBUG] [net.minecraftforge.fml.loading.moddiscovery.ModFileInfo/LOADING]: Found valid mod file citadel-2.6.3-1.20.1.jar with {citadel} mods - versions {2.6.3}
[04Oct2026 19:01:29.094] [main/DEBUG] [net.minecraftforge.fml.loading.moddiscovery.ModFileParser/LOADING]: Considering mod file candidate /Users/caden/A.Developer/JuniorMC/SERVER/mods/cleanswing-1.20-1.8.jar
[04Oct2026 19:01:29.095] [main/DEBUG] [net.minecraftforge.fml.loading.moddiscovery.ModFileInfo/LOADING]: Found valid mod file cleanswing-1.20-1.8.jar with {cleanswing} mods - versions {1.8}
[04Oct2026 19:01:29.096] [main/DEBUG] [net.minecraftforge.fml.loading.moddiscovery.ModFileParser/LOADING]: Considering mod file candidate /Users/caden/A.Developer/JuniorMC/SERVER/mods/cloth-config-11.1.136-forge.jar
[04Oct2026 19:01:29.096] [main/DEBUG] [net.minecraftforge.fml.loading.moddiscovery.ModFileInfo/LOADING]: Found valid mod file cloth-config-11.1.136-forge.jar with {cloth_config} mods - versions {11.1.136}
[04Oct2026 19:01:29.097] [main/DEBUG] [net.minecraftforge.fml.loading.moddiscovery.ModFileParser/LOADING]: Considering mod file candidate /Users/caden/A.Developer/JuniorMC/SERVER/mods/Clumps-forge-1.20.1-12.0.0.4.jar
[04Oct2026 19:01:29.097] [main/DEBUG] [net.minecraftforge.fml.loading.moddiscovery.ModFileInfo/LOADING]: Found valid mod file Clumps-forge-1.20.1-12.0.0.4.jar with {clumps} mods - versions {12.0.0.4}
[04Oct2026 19:01:29.098] [main/DEBUG] [net.minecraftforge.fml.loading.moddiscovery.ModFileParser/LOADING]: Considering mod file candidate /Users/caden/A.Developer/JuniorMC/SERVER/mods/collective-1.20.1-8.42.jar
[04Oct2026 19:01:29.099] [main/DEBUG] [net.minecraftforge.fml.loading.moddiscovery.ModFileInfo/LOADING]: Found valid mod file collective-1.20.1-8.42.jar with {collective} mods - versions {8.42}
[04Oct2026 19:01:29.099] [main/DEBUG] [net.minecraftforge.fml.loading.moddiscovery.ModFileParser/LOADING]: Considering mod file candidate /Users/caden/A.Developer/JuniorMC/SERVER/mods/comforts-forge-6.4.0+1.20.1.jar
[04Oct2026 19:01:29.100] [main/DEBUG] [net.minecraftforge.fml.loading.moddiscovery.ModFileInfo/LOADING]: Found valid mod file comforts-forge-6.4.0+1.20.1.jar with {comforts} mods - versions {6.4.0+1.20.1}
[04Oct2026 19:01:29.101] [main/DEBUG] [net.minecraftforge.fml.loading.moddiscovery.ModFileParser/LOADING]: Considering mod file candidate /Users/caden/A.Developer/JuniorMC/SERVER/mods/compactmachines-forge-6.0.3.jar
[04Oct2026 19:01:29.102] [main/DEBUG] [net.minecraftforge.fml.loading.moddiscovery.ModFileInfo/LOADING]: Found valid mod file compactmachines-forge-6.0.3.jar with {compactmachines} mods - versions {6.0.3}
[04Oct2026 19:01:29.102] [main/DEBUG] [net.minecraftforge.fml.loading.moddiscovery.ModFileParser/LOADING]: Considering mod file candidate /Users/caden/A.Developer/JuniorMC/SERVER/mods/compasstomapxaeros-0.1.2-forge-1.20.1.jar
[04Oct2026 19:01:29.103] [main/DEBUG] [net.minecraftforge.fml.loading.moddiscovery.ModFileInfo/LOADING]: Found valid mod file compasstomapxaeros-0.1.2-forge-1.20.1.jar with {compasstomapxaeros} mods - versions {0.1.2}
[04Oct2026 19:01:29.104] [main/DEBUG] [net.minecraftforge.fml.loading.moddiscovery.ModFileParser/LOADING]: Considering mod file candidate /Users/caden/A.Developer/JuniorMC/SERVER/mods/Controlling-forge-1.20.1-12.0.2.jar
[04Oct2026 19:01:29.104] [main/DEBUG] [net.minecraftforge.fml.loading.moddiscovery.ModFileInfo/LOADING]: Found valid mod file Controlling-forge-1.20.1-12.0.2.jar with {controlling} mods - versions {12.0.2}
[04Oct2026 19:01:29.105] [main/DEBUG] [net.minecraftforge.fml.loading.moddiscovery.ModFileParser/LOADING]: Considering mod file candidate /Users/caden/A.Developer/JuniorMC/SERVER/mods/Cucumber-1.20.1-7.0.16.jar
[04Oct2026 19:01:29.105] [main/DEBUG] [net.minecraftforge.fml.loading.moddiscovery.ModFileInfo/LOADING]: Found valid mod file Cucumber-1.20.1-7.0.16.jar with {cucumber} mods - versions {7.0.16}
[04Oct2026 19:01:29.106] [main/DEBUG] [net.minecraftforge.fml.loading.moddiscovery.ModFileParser/LOADING]: Considering mod file candidate /Users/caden/A.Developer/JuniorMC/SERVER/mods/curios-forge-5.14.1+1.20.1.jar
[04Oct2026 19:01:29.106] [main/DEBUG] [net.minecraftforge.fml.loading.moddiscovery.ModFileInfo/LOADING]: Found valid mod file curios-forge-5.14.1+1.20.1.jar with {curios} mods - versions {5.14.1+1.20.1}
[04Oct2026 19:01:29.109] [main/DEBUG] [net.minecraftforge.fml.loading.moddiscovery.ModFileParser/LOADING]: Considering mod file candidate /Users/caden/A.Developer/JuniorMC/SERVER/mods/Cyclic-1.20.1-1.13.7.jar
[04Oct2026 19:01:29.109] [main/DEBUG] [net.minecraftforge.fml.loading.moddiscovery.ModFileInfo/LOADING]: Found valid mod file Cyclic-1.20.1-1.13.7.jar with {cyclic} mods - versions {1.13.7}
[04Oct2026 19:01:29.111] [main/DEBUG] [net.minecraftforge.fml.loading.moddiscovery.ModFileParser/LOADING]: Considering mod file candidate /Users/caden/A.Developer/JuniorMC/SERVER/mods/deeperdarker-forge-1.20.1-1.3.3.jar
[04Oct2026 19:01:29.112] [main/DEBUG] [net.minecraftforge.fml.loading.moddiscovery.ModFileInfo/LOADING]: Found valid mod file deeperdarker-forge-1.20.1-1.3.3.jar with {deeperdarker} mods - versions {1.3.3}
[04Oct2026 19:01:29.113] [main/DEBUG] [net.minecraftforge.fml.loading.moddiscovery.ModFileParser/LOADING]: Considering mod file candidate /Users/caden/A.Developer/JuniorMC/SERVER/mods/domum_ornamentum-1.20.1-1.0.296-universal.jar
[04Oct2026 19:01:29.114] [main/DEBUG] [net.minecraftforge.fml.loading.moddiscovery.ModFileInfo/LOADING]: Found valid mod file domum_ornamentum-1.20.1-1.0.296-universal.jar with {domum_ornamentum} mods - versions {1.20.1-1.0.296}
[04Oct2026 19:01:29.115] [main/DEBUG] [net.minecraftforge.fml.loading.moddiscovery.ModFileParser/LOADING]: Considering mod file candidate /Users/caden/A.Developer/JuniorMC/SERVER/mods/doubledoors-1.20.1-7.3.jar
[04Oct2026 19:01:29.115] [main/DEBUG] [net.minecraftforge.fml.loading.moddiscovery.ModFileInfo/LOADING]: Found valid mod file doubledoors-1.20.1-7.3.jar with {doubledoors} mods - versions {7.3}
[04Oct2026 19:01:29.116] [main/DEBUG] [net.minecraftforge.fml.loading.moddiscovery.ModFileParser/LOADING]: Considering mod file candidate /Users/caden/A.Developer/JuniorMC/SERVER/mods/easy-villagers-forge-1.20.1-1.1.23.jar
[04Oct2026 19:01:29.116] [main/DEBUG] [net.minecraftforge.fml.loading.moddiscovery.ModFileInfo/LOADING]: Found valid mod file easy-villagers-forge-1.20.1-1.1.23.jar with {easy_villagers} mods - versions {1.20.1-1.1.23}
[04Oct2026 19:01:29.117] [main/DEBUG] [net.minecraftforge.fml.loading.moddiscovery.ModFileParser/LOADING]: Considering mod file candidate /Users/caden/A.Developer/JuniorMC/SERVER/mods/elevatorid-1.20.1-1.9.1-forge.jar
[04Oct2026 19:01:29.118] [main/DEBUG] [net.minecraftforge.fml.loading.moddiscovery.ModFileInfo/LOADING]: Found valid mod file elevatorid-1.20.1-1.9.1-forge.jar with {elevatorid} mods - versions {1.20.1-1.9.1-forge}
[04Oct2026 19:01:29.118] [main/DEBUG] [net.minecraftforge.fml.loading.moddiscovery.ModFileParser/LOADING]: Considering mod file candidate /Users/caden/A.Developer/JuniorMC/SERVER/mods/elytraslot-forge-6.4.4+1.20.1.jar
[04Oct2026 19:01:29.119] [main/DEBUG] [net.minecraftforge.fml.loading.moddiscovery.ModFileInfo/LOADING]: Found valid mod file elytraslot-forge-6.4.4+1.20.1.jar with {elytraslot} mods - versions {6.4.4+1.20.1}
[04Oct2026 19:01:29.121] [main/DEBUG] [net.minecraftforge.fml.loading.moddiscovery.ModFileParser/LOADING]: Considering mod file candidate /Users/caden/A.Developer/JuniorMC/SERVER/mods/EnchantingInfuser-v8.0.3-1.20.1-Forge.jar
[04Oct2026 19:01:29.122] [main/DEBUG] [net.minecraftforge.fml.loading.moddiscovery.ModFileInfo/LOADING]: Found valid mod file EnchantingInfuser-v8.0.3-1.20.1-Forge.jar with {enchantinginfuser} mods - versions {8.0.3}
[04Oct2026 19:01:29.125] [main/DEBUG] [net.minecraftforge.fml.loading.moddiscovery.ModFileParser/LOADING]: Considering mod file candidate /Users/caden/A.Developer/JuniorMC/SERVER/mods/EnchantmentDescriptions-Forge-1.20.1-17.1.21.jar
[04Oct2026 19:01:29.125] [main/DEBUG] [net.minecraftforge.fml.loading.moddiscovery.ModFileInfo/LOADING]: Found valid mod file EnchantmentDescriptions-Forge-1.20.1-17.1.21.jar with {enchdesc} mods - versions {17.1.21}
[04Oct2026 19:01:29.126] [main/DEBUG] [net.minecraftforge.fml.loading.moddiscovery.ModFileParser/LOADING]: Considering mod file candidate /Users/caden/A.Developer/JuniorMC/SERVER/mods/ExplorersCompass-1.20.1-1.4.0-forge.jar
[04Oct2026 19:01:29.126] [main/DEBUG] [net.minecraftforge.fml.loading.moddiscovery.ModFileInfo/LOADING]: Found valid mod file ExplorersCompass-1.20.1-1.4.0-forge.jar with {explorerscompass} mods - versions {1.20.1-1.4.0-forge}
[04Oct2026 19:01:29.128] [main/DEBUG] [net.minecraftforge.fml.loading.moddiscovery.ModFileParser/LOADING]: Considering mod file candidate /Users/caden/A.Developer/JuniorMC/SERVER/mods/FarmersDelight-1.20.1-1.3.4.jar
[04Oct2026 19:01:29.129] [main/DEBUG] [net.minecraftforge.fml.loading.moddiscovery.ModFileInfo/LOADING]: Found valid mod file FarmersDelight-1.20.1-1.3.4.jar with {farmersdelight} mods - versions {1.20.1-1.3.4}
[04Oct2026 19:01:29.132] [main/DEBUG] [net.minecraftforge.fml.loading.moddiscovery.ModFileParser/LOADING]: Considering mod file candidate /Users/caden/A.Developer/JuniorMC/SERVER/mods/ferritecore-6.0.1-forge.jar
[04Oct2026 19:01:29.132] [main/DEBUG] [net.minecraftforge.fml.loading.moddiscovery.ModFileInfo/LOADING]: Found valid mod file ferritecore-6.0.1-forge.jar with {ferritecore} mods - versions {6.0.1}
[04Oct2026 19:01:29.133] [main/DEBUG] [net.minecraftforge.fml.loading.moddiscovery.ModFileParser/LOADING]: Considering mod file candidate /Users/caden/A.Developer/JuniorMC/SERVER/mods/flib-1.20.1-0.0.16.jar
[04Oct2026 19:01:29.133] [main/DEBUG] [net.minecraftforge.fml.loading.moddiscovery.ModFileInfo/LOADING]: Found valid mod file flib-1.20.1-0.0.16.jar with {flib} mods - versions {0.0.16}
[04Oct2026 19:01:29.134] [main/DEBUG] [net.minecraftforge.fml.loading.moddiscovery.ModFileParser/LOADING]: Considering mod file candidate /Users/caden/A.Developer/JuniorMC/SERVER/mods/ForgeEndertech-1.20.1-11.1.11.1-build.2351.jar
[04Oct2026 19:01:29.135] [main/DEBUG] [net.minecraftforge.fml.loading.moddiscovery.ModFileInfo/LOADING]: Found valid mod file ForgeEndertech-1.20.1-11.1.11.1-build.2351.jar with {forgeendertech} mods - versions {11.1.11.1}
[04Oct2026 19:01:29.136] [main/DEBUG] [net.minecraftforge.fml.loading.moddiscovery.ModFileParser/LOADING]: Considering mod file candidate /Users/caden/A.Developer/JuniorMC/SERVER/mods/Gobber2-Forge-1.20.1-2.8.9.jar
[04Oct2026 19:01:29.137] [main/DEBUG] [net.minecraftforge.fml.loading.moddiscovery.ModFileInfo/LOADING]: Found valid mod file Gobber2-Forge-1.20.1-2.8.9.jar with {gobber2} mods - versions {2.8.9}
[04Oct2026 19:01:29.137] [main/DEBUG] [net.minecraftforge.fml.loading.moddiscovery.ModFileParser/LOADING]: Considering mod file candidate /Users/caden/A.Developer/JuniorMC/SERVER/mods/Iceberg-1.20.1-forge-1.1.25.jar
[04Oct2026 19:01:29.137] [main/DEBUG] [net.minecraftforge.fml.loading.moddiscovery.ModFileInfo/LOADING]: Found valid mod file Iceberg-1.20.1-forge-1.1.25.jar with {iceberg} mods - versions {1.1.25}
[04Oct2026 19:01:29.138] [main/DEBUG] [net.minecraftforge.fml.loading.moddiscovery.ModFileParser/LOADING]: Considering mod file candidate /Users/caden/A.Developer/JuniorMC/SERVER/mods/ironchest-1.20.1-14.4.4.jar
[04Oct2026 19:01:29.138] [main/DEBUG] [net.minecraftforge.fml.loading.moddiscovery.ModFileInfo/LOADING]: Found valid mod file ironchest-1.20.1-14.4.4.jar with {ironchest} mods - versions {1.20.1-14.4.4}
[04Oct2026 19:01:29.139] [main/DEBUG] [net.minecraftforge.fml.loading.moddiscovery.ModFileParser/LOADING]: Considering mod file candidate /Users/caden/A.Developer/JuniorMC/SERVER/mods/ironfurnaces-1.20.1-4.1.8.jar
[04Oct2026 19:01:29.140] [main/DEBUG] [net.minecraftforge.fml.loading.moddiscovery.ModFileInfo/LOADING]: Found valid mod file ironfurnaces-1.20.1-4.1.8.jar with {ironfurnaces} mods - versions {4.1.8}
[04Oct2026 19:01:29.140] [main/DEBUG] [net.minecraftforge.fml.loading.moddiscovery.ModFileParser/LOADING]: Considering mod file candidate /Users/caden/A.Developer/JuniorMC/SERVER/mods/Jade-1.20.1-Forge-11.13.3.jar
[04Oct2026 19:01:29.140] [main/DEBUG] [net.minecraftforge.fml.loading.moddiscovery.ModFileInfo/LOADING]: Found valid mod file Jade-1.20.1-Forge-11.13.3.jar with {jade} mods - versions {11.13.3+forge}
[04Oct2026 19:01:29.141] [main/DEBUG] [net.minecraftforge.fml.loading.moddiscovery.ModFileParser/LOADING]: Considering mod file candidate /Users/caden/A.Developer/JuniorMC/SERVER/mods/jade-sophisticated-backpacks-1.20.1-forge-1.0.2.jar
[04Oct2026 19:01:29.141] [main/DEBUG] [net.minecraftforge.fml.loading.moddiscovery.ModFileInfo/LOADING]: Found valid mod file jade-sophisticated-backpacks-1.20.1-forge-1.0.2.jar with {jade_sophisticated_backpacks} mods - versions {1.0.2}
[04Oct2026 19:01:29.142] [main/DEBUG] [net.minecraftforge.fml.loading.moddiscovery.ModFileParser/LOADING]: Considering mod file candidate /Users/caden/A.Developer/JuniorMC/SERVER/mods/jade-sophisticated-storage-1.20.1-forge-1.0.1.jar
[04Oct2026 19:01:29.142] [main/DEBUG] [net.minecraftforge.fml.loading.moddiscovery.ModFileInfo/LOADING]: Found valid mod file jade-sophisticated-storage-1.20.1-forge-1.0.1.jar with {jade_sophisticated_storage} mods - versions {1.0.1}
[04Oct2026 19:01:29.143] [main/DEBUG] [net.minecraftforge.fml.loading.moddiscovery.ModFileParser/LOADING]: Considering mod file candidate /Users/caden/A.Developer/JuniorMC/SERVER/mods/jei-1.20.1-forge-15.56.0.205.jar
[04Oct2026 19:01:29.144] [main/DEBUG] [net.minecraftforge.fml.loading.moddiscovery.ModFileInfo/LOADING]: Found valid mod file jei-1.20.1-forge-15.56.0.205.jar with {jei} mods - versions {15.56.0.205}
[04Oct2026 19:01:29.145] [main/DEBUG] [net.minecraftforge.fml.loading.moddiscovery.ModFileParser/LOADING]: Considering mod file candidate /Users/caden/A.Developer/JuniorMC/SERVER/mods/justenoughbreeding-forge-1.20.1-3.1.1.jar
[04Oct2026 19:01:29.145] [main/DEBUG] [net.minecraftforge.fml.loading.moddiscovery.ModFileInfo/LOADING]: Found valid mod file justenoughbreeding-forge-1.20.1-3.1.1.jar with {justenoughbreeding} mods - versions {3.1.1}
[04Oct2026 19:01:29.146] [main/DEBUG] [net.minecraftforge.fml.loading.moddiscovery.ModFileParser/LOADING]: Considering mod file candidate /Users/caden/A.Developer/JuniorMC/SERVER/mods/JustEnoughProfessions-forge-1.20.1-3.0.1.jar
[04Oct2026 19:01:29.146] [main/DEBUG] [net.minecraftforge.fml.loading.moddiscovery.ModFileInfo/LOADING]: Found valid mod file JustEnoughProfessions-forge-1.20.1-3.0.1.jar with {justenoughprofessions} mods - versions {3.0.1}
[04Oct2026 19:01:29.148] [main/DEBUG] [net.minecraftforge.fml.loading.moddiscovery.ModFileParser/LOADING]: Considering mod file candidate /Users/caden/A.Developer/JuniorMC/SERVER/mods/JustEnoughResources-1.20.1-1.4.0.247.jar
[04Oct2026 19:01:29.149] [main/DEBUG] [net.minecraftforge.fml.loading.moddiscovery.ModFileInfo/LOADING]: Found valid mod file JustEnoughResources-1.20.1-1.4.0.247.jar with {jeresources} mods - versions {1.4.0.247}
[04Oct2026 19:01:29.149] [main/DEBUG] [net.minecraftforge.fml.loading.moddiscovery.ModFileParser/LOADING]: Considering mod file candidate /Users/caden/A.Developer/JuniorMC/SERVER/mods/justzoom_forge_3.0.1_MC_1.20.1.jar
[04Oct2026 19:01:29.150] [main/DEBUG] [net.minecraftforge.fml.loading.moddiscovery.ModFileInfo/LOADING]: Found valid mod file justzoom_forge_3.0.1_MC_1.20.1.jar with {justzoom} mods - versions {3.0.1}
[04Oct2026 19:01:29.150] [main/DEBUG] [net.minecraftforge.fml.loading.moddiscovery.ModFileParser/LOADING]: Considering mod file candidate /Users/caden/A.Developer/JuniorMC/SERVER/mods/konkrete_forge_1.8.0_MC_1.20-1.20.1.jar
[04Oct2026 19:01:29.151] [main/DEBUG] [net.minecraftforge.fml.loading.moddiscovery.ModFileInfo/LOADING]: Found valid mod file konkrete_forge_1.8.0_MC_1.20-1.20.1.jar with {konkrete} mods - versions {1.8.0}
[04Oct2026 19:01:29.151] [main/DEBUG] [net.minecraftforge.fml.loading.moddiscovery.ModFileParser/LOADING]: Considering mod file candidate /Users/caden/A.Developer/JuniorMC/SERVER/mods/legendarytabs-1.20.1-2.0.jar
[04Oct2026 19:01:29.152] [main/DEBUG] [net.minecraftforge.fml.loading.moddiscovery.ModFileInfo/LOADING]: Found valid mod file legendarytabs-1.20.1-2.0.jar with {legendarytabs} mods - versions {1.20.1-2.0}
[04Oct2026 19:01:29.152] [main/DEBUG] [net.minecraftforge.fml.loading.moddiscovery.ModFileParser/LOADING]: Considering mod file candidate /Users/caden/A.Developer/JuniorMC/SERVER/mods/letmedespawn-1.20.x-forge-1.5.0.jar
[04Oct2026 19:01:29.153] [main/DEBUG] [net.minecraftforge.fml.loading.moddiscovery.ModFileInfo/LOADING]: Found valid mod file letmedespawn-1.20.x-forge-1.5.0.jar with {letmedespawn} mods - versions {1.5.0}
[04Oct2026 19:01:29.153] [main/DEBUG] [net.minecraftforge.fml.loading.moddiscovery.ModFileParser/LOADING]: Considering mod file candidate /Users/caden/A.Developer/JuniorMC/SERVER/mods/libnonymous-1.20.1-2.3.1.jar
[04Oct2026 19:01:29.154] [main/DEBUG] [net.minecraftforge.fml.loading.moddiscovery.ModFileInfo/LOADING]: Found valid mod file libnonymous-1.20.1-2.3.1.jar with {libnonymous} mods - versions {2.3.1}
[04Oct2026 19:01:29.154] [main/DEBUG] [net.minecraftforge.fml.loading.moddiscovery.ModFileParser/LOADING]: Considering mod file candidate /Users/caden/A.Developer/JuniorMC/SERVER/mods/lootr-forge-1.20-0.7.35.94.jar
[04Oct2026 19:01:29.155] [main/DEBUG] [net.minecraftforge.fml.loading.moddiscovery.ModFileInfo/LOADING]: Found valid mod file lootr-forge-1.20-0.7.35.94.jar with {lootr} mods - versions {0.7.35.94}
[04Oct2026 19:01:29.156] [main/DEBUG] [net.minecraftforge.fml.loading.moddiscovery.ModFileParser/LOADING]: Considering mod file candidate /Users/caden/A.Developer/JuniorMC/SERVER/mods/mob_grinding_utils-1.20.1-1.1.0.jar
[04Oct2026 19:01:29.156] [main/DEBUG] [net.minecraftforge.fml.loading.moddiscovery.ModFileInfo/LOADING]: Found valid mod file mob_grinding_utils-1.20.1-1.1.0.jar with {mob_grinding_utils} mods - versions {1.20.1-1.1.0}
[04Oct2026 19:01:29.157] [main/DEBUG] [net.minecraftforge.fml.loading.moddiscovery.ModFileParser/LOADING]: Considering mod file candidate /Users/caden/A.Developer/JuniorMC/SERVER/mods/modernfix-forge-5.27.85+mc1.20.1.jar
[04Oct2026 19:01:29.158] [main/DEBUG] [net.minecraftforge.fml.loading.moddiscovery.ModFileInfo/LOADING]: Found valid mod file modernfix-forge-5.27.85+mc1.20.1.jar with {modernfix} mods - versions {5.27.85+mc1.20.1}
[04Oct2026 19:01:29.158] [main/DEBUG] [net.minecraftforge.fml.loading.moddiscovery.ModFileParser/LOADING]: Considering mod file candidate /Users/caden/A.Developer/JuniorMC/SERVER/mods/more_tier_upgrade-1.0.10-forge.jar
[04Oct2026 19:01:29.159] [main/DEBUG] [net.minecraftforge.fml.loading.moddiscovery.ModFileInfo/LOADING]: Found valid mod file more_tier_upgrade-1.0.10-forge.jar with {more_tier_upgrade} mods - versions {1.0.10-forge}
[04Oct2026 19:01:29.159] [main/DEBUG] [net.minecraftforge.fml.loading.moddiscovery.ModFileParser/LOADING]: Considering mod file candidate /Users/caden/A.Developer/JuniorMC/SERVER/mods/MouseTweaks-forge-mc1.20.1-2.25.1.jar
[04Oct2026 19:01:29.159] [main/DEBUG] [net.minecraftforge.fml.loading.moddiscovery.ModFileInfo/LOADING]: Found valid mod file MouseTweaks-forge-mc1.20.1-2.25.1.jar with {mousetweaks} mods - versions {2.25.1}
[04Oct2026 19:01:29.160] [main/DEBUG] [net.minecraftforge.fml.loading.moddiscovery.ModFileParser/LOADING]: Considering mod file candidate /Users/caden/A.Developer/JuniorMC/SERVER/mods/music_dicks-1.0.0.jar
[04Oct2026 19:01:29.160] [main/DEBUG] [net.minecraftforge.fml.loading.moddiscovery.ModFileInfo/LOADING]: Found valid mod file music_dicks-1.0.0.jar with {music_dicks} mods - versions {1.0.0}
[04Oct2026 19:01:29.162] [main/DEBUG] [net.minecraftforge.fml.loading.moddiscovery.ModFileParser/LOADING]: Considering mod file candidate /Users/caden/A.Developer/JuniorMC/SERVER/mods/MysticalAgriculture-1.20.1-7.0.24.jar
[04Oct2026 19:01:29.163] [main/DEBUG] [net.minecraftforge.fml.loading.moddiscovery.ModFileInfo/LOADING]: Found valid mod file MysticalAgriculture-1.20.1-7.0.24.jar with {mysticalagriculture} mods - versions {7.0.24}
[04Oct2026 19:01:29.164] [main/DEBUG] [net.minecraftforge.fml.loading.moddiscovery.ModFileParser/LOADING]: Considering mod file candidate /Users/caden/A.Developer/JuniorMC/SERVER/mods/naturalist-5.0pre2+forge-1.20.1.jar
[04Oct2026 19:01:29.164] [main/DEBUG] [net.minecraftforge.fml.loading.moddiscovery.ModFileInfo/LOADING]: Found valid mod file naturalist-5.0pre2+forge-1.20.1.jar with {naturalist} mods - versions {5.0pre2}
[04Oct2026 19:01:29.165] [main/DEBUG] [net.minecraftforge.fml.loading.moddiscovery.ModFileParser/LOADING]: Considering mod file candidate /Users/caden/A.Developer/JuniorMC/SERVER/mods/NaturesCompass-1.20.1-1.12.0-forge.jar
[04Oct2026 19:01:29.165] [main/DEBUG] [net.minecraftforge.fml.loading.moddiscovery.ModFileInfo/LOADING]: Found valid mod file NaturesCompass-1.20.1-1.12.0-forge.jar with {naturescompass} mods - versions {1.20.1-1.12.0-forge}
[04Oct2026 19:01:29.166] [main/DEBUG] [net.minecraftforge.fml.loading.moddiscovery.ModFileParser/LOADING]: Considering mod file candidate /Users/caden/A.Developer/JuniorMC/SERVER/mods/nethersdelight-1.20.1-4.0.jar
[04Oct2026 19:01:29.166] [main/DEBUG] [net.minecraftforge.fml.loading.moddiscovery.ModFileInfo/LOADING]: Found valid mod file nethersdelight-1.20.1-4.0.jar with {nethersdelight} mods - versions {1.20.1-4.0}
[04Oct2026 19:01:29.167] [main/DEBUG] [net.minecraftforge.fml.loading.moddiscovery.ModFileParser/LOADING]: Considering mod file candidate /Users/caden/A.Developer/JuniorMC/SERVER/mods/Ore Creeper-1.20.1-1.2.1.jar
[04Oct2026 19:01:29.167] [main/DEBUG] [net.minecraftforge.fml.loading.moddiscovery.ModFileInfo/LOADING]: Found valid mod file Ore Creeper-1.20.1-1.2.1.jar with {ore_creeper} mods - versions {1.20.1-1.2.1}
[04Oct2026 19:01:29.168] [main/DEBUG] [net.minecraftforge.fml.loading.moddiscovery.ModFileParser/LOADING]: Considering mod file candidate /Users/caden/A.Developer/JuniorMC/SERVER/mods/oreexcavation-1.13.174.jar
[04Oct2026 19:01:29.169] [main/DEBUG] [net.minecraftforge.fml.loading.moddiscovery.ModFileInfo/LOADING]: Found valid mod file oreexcavation-1.13.174.jar with {oreexcavation} mods - versions {1.13.174}
[04Oct2026 19:01:29.169] [main/DEBUG] [net.minecraftforge.fml.loading.moddiscovery.ModFileParser/LOADING]: Considering mod file candidate /Users/caden/A.Developer/JuniorMC/SERVER/mods/Placebo-1.20.1-8.6.3.jar
[04Oct2026 19:01:29.170] [main/DEBUG] [net.minecraftforge.fml.loading.moddiscovery.ModFileInfo/LOADING]: Found valid mod file Placebo-1.20.1-8.6.3.jar with {placebo} mods - versions {8.6.3}
[04Oct2026 19:01:29.171] [main/DEBUG] [net.minecraftforge.fml.loading.moddiscovery.ModFileParser/LOADING]: Considering mod file candidate /Users/caden/A.Developer/JuniorMC/SERVER/mods/ProjectE-1.20.1-PE1.0.1.jar
[04Oct2026 19:01:29.172] [main/DEBUG] [net.minecraftforge.fml.loading.moddiscovery.ModFileInfo/LOADING]: Found valid mod file ProjectE-1.20.1-PE1.0.1.jar with {projecte} mods - versions {1.0.1}
[04Oct2026 19:01:29.182] [main/DEBUG] [net.minecraftforge.fml.loading.moddiscovery.ModFileParser/LOADING]: Considering mod file candidate /Users/caden/A.Developer/JuniorMC/SERVER/mods/PuzzlesLib-v8.1.33-1.20.1-Forge.jar
[04Oct2026 19:01:29.182] [main/DEBUG] [net.minecraftforge.fml.loading.moddiscovery.ModFileInfo/LOADING]: Found valid mod file PuzzlesLib-v8.1.33-1.20.1-Forge.jar with {puzzleslib} mods - versions {8.1.33}
[04Oct2026 19:01:29.183] [main/DEBUG] [net.minecraftforge.fml.loading.moddiscovery.ModFileParser/LOADING]: Considering mod file candidate /Users/caden/A.Developer/JuniorMC/SERVER/mods/resourcefulconfig-forge-1.20.1-2.1.3.jar
[04Oct2026 19:01:29.183] [main/DEBUG] [net.minecraftforge.fml.loading.moddiscovery.ModFileInfo/LOADING]: Found valid mod file resourcefulconfig-forge-1.20.1-2.1.3.jar with {resourcefulconfig} mods - versions {2.1.3}
[04Oct2026 19:01:29.184] [main/DEBUG] [net.minecraftforge.fml.loading.moddiscovery.ModFileParser/LOADING]: Considering mod file candidate /Users/caden/A.Developer/JuniorMC/SERVER/mods/resourcefullib-forge-1.20.1-2.1.29.jar
[04Oct2026 19:01:29.184] [main/DEBUG] [net.minecraftforge.fml.loading.moddiscovery.ModFileInfo/LOADING]: Found valid mod file resourcefullib-forge-1.20.1-2.1.29.jar with {resourcefullib} mods - versions {2.1.29}
[04Oct2026 19:01:29.185] [main/DEBUG] [net.minecraftforge.fml.loading.moddiscovery.ModFileParser/LOADING]: Considering mod file candidate /Users/caden/A.Developer/JuniorMC/SERVER/mods/Searchables-forge-1.20.1-1.0.3.jar
[04Oct2026 19:01:29.185] [main/DEBUG] [net.minecraftforge.fml.loading.moddiscovery.ModFileInfo/LOADING]: Found valid mod file Searchables-forge-1.20.1-1.0.3.jar with {searchables} mods - versions {1.0.3}
[04Oct2026 19:01:29.186] [main/DEBUG] [net.minecraftforge.fml.loading.moddiscovery.ModFileParser/LOADING]: Considering mod file candidate /Users/caden/A.Developer/JuniorMC/SERVER/mods/sophisticatedbackpacks-1.20.1-3.26.6.2176.jar
[04Oct2026 19:01:29.187] [main/DEBUG] [net.minecraftforge.fml.loading.moddiscovery.ModFileInfo/LOADING]: Found valid mod file sophisticatedbackpacks-1.20.1-3.26.6.2176.jar with {sophisticatedbackpacks} mods - versions {3.26.6.2176}
[04Oct2026 19:01:29.187] [main/DEBUG] [net.minecraftforge.fml.loading.moddiscovery.ModFileParser/LOADING]: Considering mod file candidate /Users/caden/A.Developer/JuniorMC/SERVER/mods/sophisticatedcore-1.20.1-1.5.4.2362.jar
[04Oct2026 19:01:29.188] [main/DEBUG] [net.minecraftforge.fml.loading.moddiscovery.ModFileInfo/LOADING]: Found valid mod file sophisticatedcore-1.20.1-1.5.4.2362.jar with {sophisticatedcore} mods - versions {1.5.4.2362}
[04Oct2026 19:01:29.189] [main/DEBUG] [net.minecraftforge.fml.loading.moddiscovery.ModFileParser/LOADING]: Considering mod file candidate /Users/caden/A.Developer/JuniorMC/SERVER/mods/sophisticatedstorage-1.20.1-1.5.0.2137.jar
[04Oct2026 19:01:29.190] [main/DEBUG] [net.minecraftforge.fml.loading.moddiscovery.ModFileInfo/LOADING]: Found valid mod file sophisticatedstorage-1.20.1-1.5.0.2137.jar with {sophisticatedstorage} mods - versions {1.5.0.2137}
[04Oct2026 19:01:29.190] [main/DEBUG] [net.minecraftforge.fml.loading.moddiscovery.ModFileParser/LOADING]: Considering mod file candidate /Users/caden/A.Developer/JuniorMC/SERVER/mods/sophisticatedtab-1.20.1-0.8.0.jar
[04Oct2026 19:01:29.190] [main/DEBUG] [net.minecraftforge.fml.loading.moddiscovery.ModFileInfo/LOADING]: Found valid mod file sophisticatedtab-1.20.1-0.8.0.jar with {sophisticatedtab} mods - versions {1.20.1-0.8.0}
[04Oct2026 19:01:29.191] [main/DEBUG] [net.minecraftforge.fml.loading.moddiscovery.ModFileParser/LOADING]: Considering mod file candidate /Users/caden/A.Developer/JuniorMC/SERVER/mods/ToastControl-1.20.1-8.0.3.jar
[04Oct2026 19:01:29.191] [main/DEBUG] [net.minecraftforge.fml.loading.moddiscovery.ModFileInfo/LOADING]: Found valid mod file ToastControl-1.20.1-8.0.3.jar with {toastcontrol} mods - versions {8.0.3}
[04Oct2026 19:01:29.193] [main/DEBUG] [net.minecraftforge.fml.loading.moddiscovery.ModFileParser/LOADING]: Considering mod file candidate /Users/caden/A.Developer/JuniorMC/SERVER/mods/worldedit-mod-7.2.15.jar
[04Oct2026 19:01:29.193] [main/DEBUG] [net.minecraftforge.fml.loading.moddiscovery.ModFileInfo/LOADING]: Found valid mod file worldedit-mod-7.2.15.jar with {worldedit} mods - versions {7.2.15+6463-5ca4dff}
[04Oct2026 19:01:29.194] [main/DEBUG] [net.minecraftforge.fml.loading.moddiscovery.ModFileParser/LOADING]: Considering mod file candidate /Users/caden/A.Developer/JuniorMC/SERVER/mods/xaerominimap-forge-1.20.1-26.5.0.jar
[04Oct2026 19:01:29.194] [main/DEBUG] [net.minecraftforge.fml.loading.moddiscovery.ModFileInfo/LOADING]: Found valid mod file xaerominimap-forge-1.20.1-26.5.0.jar with {xaerominimap} mods - versions {26.5.0}
[04Oct2026 19:01:29.195] [main/DEBUG] [net.minecraftforge.fml.loading.moddiscovery.ModFileParser/LOADING]: Considering mod file candidate /Users/caden/A.Developer/JuniorMC/SERVER/mods/xaeroworldmap-forge-1.20.1-1.46.0.jar
[04Oct2026 19:01:29.195] [main/DEBUG] [net.minecraftforge.fml.loading.moddiscovery.ModFileInfo/LOADING]: Found valid mod file xaeroworldmap-forge-1.20.1-1.46.0.jar with {xaeroworldmap} mods - versions {1.46.0}
[04Oct2026 19:01:29.304] [main/DEBUG] [net.minecraftforge.fml.loading.moddiscovery.ModFileInfo/LOADING]: Found valid mod file server-1.20.1-20230612.114412-srg.jar with {minecraft} mods - versions {1.20.1}
[04Oct2026 19:01:29.306] [main/DEBUG] [net.minecraftforge.fml.loading.moddiscovery.ModFileParser/LOADING]: Considering mod file candidate /Users/caden/A.Developer/JuniorMC/SERVER/libraries/net/minecraftforge/fmlcore/1.20.1-47.4.10/fmlcore-1.20.1-47.4.10.jar
[04Oct2026 19:01:29.306] [main/WARN] [net.minecraftforge.fml.loading.moddiscovery.ModFileParser/LOADING]: Mod file /Users/caden/A.Developer/JuniorMC/SERVER/libraries/net/minecraftforge/fmlcore/1.20.1-47.4.10/fmlcore-1.20.1-47.4.10.jar is missing mods.toml file
[04Oct2026 19:01:29.307] [main/DEBUG] [net.minecraftforge.fml.loading.moddiscovery.ModFileParser/LOADING]: Considering mod file candidate /Users/caden/A.Developer/JuniorMC/SERVER/libraries/net/minecraftforge/javafmllanguage/1.20.1-47.4.10/javafmllanguage-1.20.1-47.4.10.jar
[04Oct2026 19:01:29.307] [main/WARN] [net.minecraftforge.fml.loading.moddiscovery.ModFileParser/LOADING]: Mod file /Users/caden/A.Developer/JuniorMC/SERVER/libraries/net/minecraftforge/javafmllanguage/1.20.1-47.4.10/javafmllanguage-1.20.1-47.4.10.jar is missing mods.toml file
[04Oct2026 19:01:29.308] [main/DEBUG] [net.minecraftforge.fml.loading.moddiscovery.ModFileParser/LOADING]: Considering mod file candidate /Users/caden/A.Developer/JuniorMC/SERVER/libraries/net/minecraftforge/lowcodelanguage/1.20.1-47.4.10/lowcodelanguage-1.20.1-47.4.10.jar
[04Oct2026 19:01:29.308] [main/WARN] [net.minecraftforge.fml.loading.moddiscovery.ModFileParser/LOADING]: Mod file /Users/caden/A.Developer/JuniorMC/SERVER/libraries/net/minecraftforge/lowcodelanguage/1.20.1-47.4.10/lowcodelanguage-1.20.1-47.4.10.jar is missing mods.toml file
[04Oct2026 19:01:29.309] [main/DEBUG] [net.minecraftforge.fml.loading.moddiscovery.ModFileParser/LOADING]: Considering mod file candidate /Users/caden/A.Developer/JuniorMC/SERVER/libraries/net/minecraftforge/mclanguage/1.20.1-47.4.10/mclanguage-1.20.1-47.4.10.jar
[04Oct2026 19:01:29.309] [main/WARN] [net.minecraftforge.fml.loading.moddiscovery.ModFileParser/LOADING]: Mod file /Users/caden/A.Developer/JuniorMC/SERVER/libraries/net/minecraftforge/mclanguage/1.20.1-47.4.10/mclanguage-1.20.1-47.4.10.jar is missing mods.toml file
[04Oct2026 19:01:29.347] [main/DEBUG] [net.minecraftforge.fml.loading.moddiscovery.ModFileParser/LOADING]: Considering mod file candidate /Users/caden/A.Developer/JuniorMC/SERVER/libraries/net/minecraftforge/forge/1.20.1-47.4.10/forge-1.20.1-47.4.10-universal.jar
[04Oct2026 19:01:29.347] [main/DEBUG] [net.minecraftforge.fml.loading.moddiscovery.ModFileInfo/LOADING]: Found valid mod file forge-1.20.1-47.4.10-universal.jar with {forge} mods - versions {47.4.10}
[04Oct2026 19:01:29.356] [main/DEBUG] [net.minecraftforge.fml.loading.moddiscovery.AbstractJarFileDependencyLocator/]: Failed to load resource META-INF/jarjar/metadata.json from doubledoors-1.20.1-7.3.jar, it does not contain dependency information.
[04Oct2026 19:01:29.356] [main/DEBUG] [net.minecraftforge.fml.loading.moddiscovery.AbstractJarFileDependencyLocator/]: Failed to load resource META-INF/jarjar/metadata.json from almanac-1.20.x-forge-1.0.2.jar, it does not contain dependency information.
[04Oct2026 19:01:29.356] [main/DEBUG] [net.minecraftforge.fml.loading.moddiscovery.AbstractJarFileDependencyLocator/]: Failed to load resource META-INF/jarjar/metadata.json from more_tier_upgrade-1.0.10-forge.jar, it does not contain dependency information.
[04Oct2026 19:01:29.356] [main/DEBUG] [net.minecraftforge.fml.loading.moddiscovery.AbstractJarFileDependencyLocator/]: Failed to load resource META-INF/jarjar/metadata.json from Cucumber-1.20.1-7.0.16.jar, it does not contain dependency information.
[04Oct2026 19:01:29.356] [main/DEBUG] [net.minecraftforge.fml.loading.moddiscovery.AbstractJarFileDependencyLocator/]: Failed to load resource META-INF/jarjar/metadata.json from alexsmobs-1.22.9.jar, it does not contain dependency information.
[04Oct2026 19:01:29.356] [main/DEBUG] [net.minecraftforge.fml.loading.moddiscovery.AbstractJarFileDependencyLocator/]: Failed to load resource META-INF/jarjar/metadata.json from sophisticatedstorage-1.20.1-1.5.0.2137.jar, it does not contain dependency information.
[04Oct2026 19:01:29.356] [main/DEBUG] [net.minecraftforge.fml.loading.moddiscovery.AbstractJarFileDependencyLocator/]: Failed to load resource META-INF/jarjar/metadata.json from botarium-forge-1.20.1-2.3.4.jar, it does not contain dependency information.
[04Oct2026 19:01:29.356] [main/DEBUG] [net.minecraftforge.fml.loading.moddiscovery.AbstractJarFileDependencyLocator/]: Failed to load resource META-INF/jarjar/metadata.json from jei-1.20.1-forge-15.56.0.205.jar, it does not contain dependency information.
[04Oct2026 19:01:29.356] [main/DEBUG] [net.minecraftforge.fml.loading.moddiscovery.AbstractJarFileDependencyLocator/]: Failed to load resource META-INF/jarjar/metadata.json from ProjectE-1.20.1-PE1.0.1.jar, it does not contain dependency information.
[04Oct2026 19:01:29.356] [main/DEBUG] [net.minecraftforge.fml.loading.moddiscovery.AbstractJarFileDependencyLocator/]: Failed to load resource META-INF/jarjar/metadata.json from caelus-forge-3.2.0+1.20.1.jar, it does not contain dependency information.
[04Oct2026 19:01:29.356] [main/DEBUG] [net.minecraftforge.fml.loading.moddiscovery.AbstractJarFileDependencyLocator/]: Failed to load resource META-INF/jarjar/metadata.json from sophisticatedcore-1.20.1-1.5.4.2362.jar, it does not contain dependency information.
[04Oct2026 19:01:29.356] [main/DEBUG] [net.minecraftforge.fml.loading.moddiscovery.AbstractJarFileDependencyLocator/]: Failed to load resource META-INF/jarjar/metadata.json from ForgeEndertech-1.20.1-11.1.11.1-build.2351.jar, it does not contain dependency information.
[04Oct2026 19:01:29.356] [main/DEBUG] [net.minecraftforge.fml.loading.moddiscovery.AbstractJarFileDependencyLocator/]: Failed to load resource META-INF/jarjar/metadata.json from Clumps-forge-1.20.1-12.0.0.4.jar, it does not contain dependency information.
[04Oct2026 19:01:29.357] [main/DEBUG] [net.minecraftforge.fml.loading.moddiscovery.AbstractJarFileDependencyLocator/]: Failed to load resource META-INF/jarjar/metadata.json from Controlling-forge-1.20.1-12.0.2.jar, it does not contain dependency information.
[04Oct2026 19:01:29.357] [main/DEBUG] [net.minecraftforge.fml.loading.moddiscovery.AbstractJarFileDependencyLocator/]: Failed to load resource META-INF/jarjar/metadata.json from Placebo-1.20.1-8.6.3.jar, it does not contain dependency information.
[04Oct2026 19:01:29.357] [main/DEBUG] [net.minecraftforge.fml.loading.moddiscovery.AbstractJarFileDependencyLocator/]: Failed to load resource META-INF/jarjar/metadata.json from citadel-2.6.3-1.20.1.jar, it does not contain dependency information.
[04Oct2026 19:01:29.357] [main/DEBUG] [net.minecraftforge.fml.loading.moddiscovery.AbstractJarFileDependencyLocator/]: Failed to load resource META-INF/jarjar/metadata.json from NaturesCompass-1.20.1-1.12.0-forge.jar, it does not contain dependency information.
[04Oct2026 19:01:29.357] [main/DEBUG] [net.minecraftforge.fml.loading.moddiscovery.AbstractJarFileDependencyLocator/]: Failed to load resource META-INF/jarjar/metadata.json from Bookshelf-Forge-1.20.1-20.2.15.jar, it does not contain dependency information.
[04Oct2026 19:01:29.357] [main/DEBUG] [net.minecraftforge.fml.loading.moddiscovery.AbstractJarFileDependencyLocator/]: Failed to load resource META-INF/jarjar/metadata.json from sophisticatedbackpacks-1.20.1-3.26.6.2176.jar, it does not contain dependency information.
[04Oct2026 19:01:29.357] [main/DEBUG] [net.minecraftforge.fml.loading.moddiscovery.AbstractJarFileDependencyLocator/]: Failed to load resource META-INF/jarjar/metadata.json from BonsaiTrees3-1.20.1-3.3.2.jar, it does not contain dependency information.
[04Oct2026 19:01:29.357] [main/DEBUG] [net.minecraftforge.fml.loading.moddiscovery.AbstractJarFileDependencyLocator/]: Failed to load resource META-INF/jarjar/metadata.json from ExplorersCompass-1.20.1-1.4.0-forge.jar, it does not contain dependency information.
[04Oct2026 19:01:29.357] [main/DEBUG] [net.minecraftforge.fml.loading.moddiscovery.AbstractJarFileDependencyLocator/]: Failed to load resource META-INF/jarjar/metadata.json from sophisticatedtab-1.20.1-0.8.0.jar, it does not contain dependency information.
[04Oct2026 19:01:29.357] [main/DEBUG] [net.minecraftforge.fml.loading.moddiscovery.AbstractJarFileDependencyLocator/]: Failed to load resource META-INF/jarjar/metadata.json from Ore Creeper-1.20.1-1.2.1.jar, it does not contain dependency information.
[04Oct2026 19:01:29.357] [main/DEBUG] [net.minecraftforge.fml.loading.moddiscovery.AbstractJarFileDependencyLocator/]: Failed to load resource META-INF/jarjar/metadata.json from music_dicks-1.0.0.jar, it does not contain dependency information.
[04Oct2026 19:01:29.357] [main/DEBUG] [net.minecraftforge.fml.loading.moddiscovery.AbstractJarFileDependencyLocator/]: Failed to load resource META-INF/jarjar/metadata.json from ToastControl-1.20.1-8.0.3.jar, it does not contain dependency information.
[04Oct2026 19:01:29.357] [main/DEBUG] [net.minecraftforge.fml.loading.moddiscovery.AbstractJarFileDependencyLocator/]: Failed to load resource META-INF/jarjar/metadata.json from JustEnoughResources-1.20.1-1.4.0.247.jar, it does not contain dependency information.
[04Oct2026 19:01:29.357] [main/DEBUG] [net.minecraftforge.fml.loading.moddiscovery.AbstractJarFileDependencyLocator/]: Failed to load resource META-INF/jarjar/metadata.json from cloth-config-11.1.136-forge.jar, it does not contain dependency information.
[04Oct2026 19:01:29.358] [main/DEBUG] [net.minecraftforge.fml.loading.moddiscovery.AbstractJarFileDependencyLocator/]: Failed to load resource META-INF/jarjar/metadata.json from forge-1.20.1-47.4.10-universal.jar, it does not contain dependency information.
[04Oct2026 19:01:29.358] [main/DEBUG] [net.minecraftforge.fml.loading.moddiscovery.AbstractJarFileDependencyLocator/]: Failed to load resource META-INF/jarjar/metadata.json from mob_grinding_utils-1.20.1-1.1.0.jar, it does not contain dependency information.
[04Oct2026 19:01:29.358] [main/DEBUG] [net.minecraftforge.fml.loading.moddiscovery.AbstractJarFileDependencyLocator/]: Failed to load resource META-INF/jarjar/metadata.json from konkrete_forge_1.8.0_MC_1.20-1.20.1.jar, it does not contain dependency information.
[04Oct2026 19:01:29.358] [main/DEBUG] [net.minecraftforge.fml.loading.moddiscovery.AbstractJarFileDependencyLocator/]: Failed to load resource META-INF/jarjar/metadata.json from MysticalAgriculture-1.20.1-7.0.24.jar, it does not contain dependency information.
[04Oct2026 19:01:29.358] [main/DEBUG] [net.minecraftforge.fml.loading.moddiscovery.AbstractJarFileDependencyLocator/]: Failed to load resource META-INF/jarjar/metadata.json from ironchest-1.20.1-14.4.4.jar, it does not contain dependency information.
[04Oct2026 19:01:29.358] [main/DEBUG] [net.minecraftforge.fml.loading.moddiscovery.AbstractJarFileDependencyLocator/]: Failed to load resource META-INF/jarjar/metadata.json from AdvancementPlaques-1.20.1-forge-1.6.9.jar, it does not contain dependency information.
[04Oct2026 19:01:29.358] [main/DEBUG] [net.minecraftforge.fml.loading.moddiscovery.AbstractJarFileDependencyLocator/]: Failed to load resource META-INF/jarjar/metadata.json from server-1.20.1-20230612.114412-srg.jar, it does not contain dependency information.
[04Oct2026 19:01:29.358] [main/DEBUG] [net.minecraftforge.fml.loading.moddiscovery.AbstractJarFileDependencyLocator/]: Failed to load resource META-INF/jarjar/metadata.json from EnchantmentDescriptions-Forge-1.20.1-17.1.21.jar, it does not contain dependency information.
[04Oct2026 19:01:29.358] [main/DEBUG] [net.minecraftforge.fml.loading.moddiscovery.AbstractJarFileDependencyLocator/]: Failed to load resource META-INF/jarjar/metadata.json from MouseTweaks-forge-mc1.20.1-2.25.1.jar, it does not contain dependency information.
[04Oct2026 19:01:29.358] [main/DEBUG] [net.minecraftforge.fml.loading.moddiscovery.AbstractJarFileDependencyLocator/]: Failed to load resource META-INF/jarjar/metadata.json from Jade-1.20.1-Forge-11.13.3.jar, it does not contain dependency information.
[04Oct2026 19:01:29.358] [main/DEBUG] [net.minecraftforge.fml.loading.moddiscovery.AbstractJarFileDependencyLocator/]: Failed to load resource META-INF/jarjar/metadata.json from ironfurnaces-1.20.1-4.1.8.jar, it does not contain dependency information.
[04Oct2026 19:01:29.359] [main/DEBUG] [net.minecraftforge.fml.loading.moddiscovery.AbstractJarFileDependencyLocator/]: Failed to load resource META-INF/jarjar/metadata.json from justenoughbreeding-forge-1.20.1-3.1.1.jar, it does not contain dependency information.
[04Oct2026 19:01:29.359] [main/DEBUG] [net.minecraftforge.fml.loading.moddiscovery.AbstractJarFileDependencyLocator/]: Failed to load resource META-INF/jarjar/metadata.json from cleanswing-1.20-1.8.jar, it does not contain dependency information.
[04Oct2026 19:01:29.359] [main/DEBUG] [net.minecraftforge.fml.loading.moddiscovery.AbstractJarFileDependencyLocator/]: Failed to load resource META-INF/jarjar/metadata.json from AdLods-1.20.1-8.1.12.0-build.2294.jar, it does not contain dependency information.
[04Oct2026 19:01:29.359] [main/DEBUG] [net.minecraftforge.fml.loading.moddiscovery.AbstractJarFileDependencyLocator/]: Failed to load resource META-INF/jarjar/metadata.json from nethersdelight-1.20.1-4.0.jar, it does not contain dependency information.
[04Oct2026 19:01:29.359] [main/DEBUG] [net.minecraftforge.fml.loading.moddiscovery.AbstractJarFileDependencyLocator/]: Failed to load resource META-INF/jarjar/metadata.json from resourcefulconfig-forge-1.20.1-2.1.3.jar, it does not contain dependency information.
[04Oct2026 19:01:29.359] [main/DEBUG] [net.minecraftforge.fml.loading.moddiscovery.AbstractJarFileDependencyLocator/]: Failed to load resource META-INF/jarjar/metadata.json from jade-sophisticated-backpacks-1.20.1-forge-1.0.2.jar, it does not contain dependency information.
[04Oct2026 19:01:29.359] [main/DEBUG] [net.minecraftforge.fml.loading.moddiscovery.AbstractJarFileDependencyLocator/]: Failed to load resource META-INF/jarjar/metadata.json from domum_ornamentum-1.20.1-1.0.296-universal.jar, it does not contain dependency information.
[04Oct2026 19:01:29.359] [main/DEBUG] [net.minecraftforge.fml.loading.moddiscovery.AbstractJarFileDependencyLocator/]: Failed to load resource META-INF/jarjar/metadata.json from easy-villagers-forge-1.20.1-1.1.23.jar, it does not contain dependency information.
[04Oct2026 19:01:29.359] [main/DEBUG] [net.minecraftforge.fml.loading.moddiscovery.AbstractJarFileDependencyLocator/]: Failed to load resource META-INF/jarjar/metadata.json from Iceberg-1.20.1-forge-1.1.25.jar, it does not contain dependency information.
[04Oct2026 19:01:29.359] [main/DEBUG] [net.minecraftforge.fml.loading.moddiscovery.AbstractJarFileDependencyLocator/]: Failed to load resource META-INF/jarjar/metadata.json from curios-forge-5.14.1+1.20.1.jar, it does not contain dependency information.
[04Oct2026 19:01:29.359] [main/DEBUG] [net.minecraftforge.fml.loading.moddiscovery.AbstractJarFileDependencyLocator/]: Failed to load resource META-INF/jarjar/metadata.json from collective-1.20.1-8.42.jar, it does not contain dependency information.
[04Oct2026 19:01:29.359] [main/DEBUG] [net.minecraftforge.fml.loading.moddiscovery.AbstractJarFileDependencyLocator/]: Failed to load resource META-INF/jarjar/metadata.json from Searchables-forge-1.20.1-1.0.3.jar, it does not contain dependency information.
[04Oct2026 19:01:29.359] [main/DEBUG] [net.minecraftforge.fml.loading.moddiscovery.AbstractJarFileDependencyLocator/]: Failed to load resource META-INF/jarjar/metadata.json from JustEnoughProfessions-forge-1.20.1-3.0.1.jar, it does not contain dependency information.
[04Oct2026 19:01:29.359] [main/DEBUG] [net.minecraftforge.fml.loading.moddiscovery.AbstractJarFileDependencyLocator/]: Failed to load resource META-INF/jarjar/metadata.json from oreexcavation-1.13.174.jar, it does not contain dependency information.
[04Oct2026 19:01:29.359] [main/DEBUG] [net.minecraftforge.fml.loading.moddiscovery.AbstractJarFileDependencyLocator/]: Failed to load resource META-INF/jarjar/metadata.json from almostunified-forge-1.20.1-0.11.0.jar, it does not contain dependency information.
[04Oct2026 19:01:29.359] [main/DEBUG] [net.minecraftforge.fml.loading.moddiscovery.AbstractJarFileDependencyLocator/]: Failed to load resource META-INF/jarjar/metadata.json from libnonymous-1.20.1-2.3.1.jar, it does not contain dependency information.
[04Oct2026 19:01:29.359] [main/DEBUG] [net.minecraftforge.fml.loading.moddiscovery.AbstractJarFileDependencyLocator/]: Failed to load resource META-INF/jarjar/metadata.json from legendarytabs-1.20.1-2.0.jar, it does not contain dependency information.
[04Oct2026 19:01:29.360] [main/DEBUG] [net.minecraftforge.fml.loading.moddiscovery.AbstractJarFileDependencyLocator/]: Failed to load resource META-INF/jarjar/metadata.json from elevatorid-1.20.1-1.9.1-forge.jar, it does not contain dependency information.
[04Oct2026 19:01:29.360] [main/DEBUG] [net.minecraftforge.fml.loading.moddiscovery.AbstractJarFileDependencyLocator/]: Failed to load resource META-INF/jarjar/metadata.json from Gobber2-Forge-1.20.1-2.8.9.jar, it does not contain dependency information.
[04Oct2026 19:01:29.360] [main/DEBUG] [net.minecraftforge.fml.loading.moddiscovery.AbstractJarFileDependencyLocator/]: Failed to load resource META-INF/jarjar/metadata.json from buildinggadgets2-1.0.8.jar, it does not contain dependency information.
[04Oct2026 19:01:29.360] [main/DEBUG] [net.minecraftforge.fml.loading.moddiscovery.AbstractJarFileDependencyLocator/]: Failed to load resource META-INF/jarjar/metadata.json from worldedit-mod-7.2.15.jar, it does not contain dependency information.
[04Oct2026 19:01:29.360] [main/DEBUG] [net.minecraftforge.fml.loading.moddiscovery.AbstractJarFileDependencyLocator/]: Failed to load resource META-INF/jarjar/metadata.json from deeperdarker-forge-1.20.1-1.3.3.jar, it does not contain dependency information.
[04Oct2026 19:01:29.360] [main/DEBUG] [net.minecraftforge.fml.loading.moddiscovery.AbstractJarFileDependencyLocator/]: Failed to load resource META-INF/jarjar/metadata.json from architectury-9.2.14-forge.jar, it does not contain dependency information.
[04Oct2026 19:01:29.360] [main/DEBUG] [net.minecraftforge.fml.loading.moddiscovery.AbstractJarFileDependencyLocator/]: Failed to load resource META-INF/jarjar/metadata.json from appleskin-forge-mc1.20.1-2.5.1.jar, it does not contain dependency information.
[04Oct2026 19:01:29.360] [main/DEBUG] [net.minecraftforge.fml.loading.moddiscovery.AbstractJarFileDependencyLocator/]: Failed to load resource META-INF/jarjar/metadata.json from lootr-forge-1.20-0.7.35.94.jar, it does not contain dependency information.
[04Oct2026 19:01:29.360] [main/DEBUG] [net.minecraftforge.fml.loading.moddiscovery.AbstractJarFileDependencyLocator/]: Failed to load resource META-INF/jarjar/metadata.json from ferritecore-6.0.1-forge.jar, it does not contain dependency information.
[04Oct2026 19:01:29.360] [main/DEBUG] [net.minecraftforge.fml.loading.moddiscovery.AbstractJarFileDependencyLocator/]: Failed to load resource META-INF/jarjar/metadata.json from flib-1.20.1-0.0.16.jar, it does not contain dependency information.
[04Oct2026 19:01:29.360] [main/DEBUG] [net.minecraftforge.fml.loading.moddiscovery.AbstractJarFileDependencyLocator/]: Failed to load resource META-INF/jarjar/metadata.json from BetterF3-7.0.2-Forge-1.20.1.jar, it does not contain dependency information.
[04Oct2026 19:01:29.361] [main/DEBUG] [net.minecraftforge.fml.loading.moddiscovery.AbstractJarFileDependencyLocator/]: Failed to load resource META-INF/jarjar/metadata.json from letmedespawn-1.20.x-forge-1.5.0.jar, it does not contain dependency information.
[04Oct2026 19:01:29.361] [main/DEBUG] [net.minecraftforge.fml.loading.moddiscovery.AbstractJarFileDependencyLocator/]: Failed to load resource META-INF/jarjar/metadata.json from jade-sophisticated-storage-1.20.1-forge-1.0.1.jar, it does not contain dependency information.
[04Oct2026 19:01:29.361] [main/DEBUG] [net.minecraftforge.fml.loading.moddiscovery.AbstractJarFileDependencyLocator/]: Failed to load resource META-INF/jarjar/metadata.json from compasstomapxaeros-0.1.2-forge-1.20.1.jar, it does not contain dependency information.
[04Oct2026 19:01:29.361] [main/DEBUG] [net.minecraftforge.fml.loading.moddiscovery.AbstractJarFileDependencyLocator/]: Failed to load resource META-INF/jarjar/metadata.json from Cyclic-1.20.1-1.13.7.jar, it does not contain dependency information.
[04Oct2026 19:01:29.361] [main/DEBUG] [net.minecraftforge.fml.loading.moddiscovery.AbstractJarFileDependencyLocator/]: Failed to load resource META-INF/jarjar/metadata.json from mclanguage-1.20.1-47.4.10.jar, it does not contain dependency information.
[04Oct2026 19:01:29.361] [main/DEBUG] [net.minecraftforge.fml.loading.moddiscovery.AbstractJarFileDependencyLocator/]: Failed to load resource META-INF/jarjar/metadata.json from javafmllanguage-1.20.1-47.4.10.jar, it does not contain dependency information.
[04Oct2026 19:01:29.361] [main/DEBUG] [net.minecraftforge.fml.loading.moddiscovery.AbstractJarFileDependencyLocator/]: Failed to load resource META-INF/jarjar/metadata.json from fmlcore-1.20.1-47.4.10.jar, it does not contain dependency information.
[04Oct2026 19:01:29.361] [main/DEBUG] [net.minecraftforge.fml.loading.moddiscovery.AbstractJarFileDependencyLocator/]: Failed to load resource META-INF/jarjar/metadata.json from lowcodelanguage-1.20.1-47.4.10.jar, it does not contain dependency information.
[04Oct2026 19:01:29.399] [main/DEBUG] [net.minecraftforge.fml.loading.moddiscovery.ModFileParser/LOADING]: Considering mod file candidate 
[04Oct2026 19:01:29.400] [main/DEBUG] [net.minecraftforge.fml.loading.moddiscovery.ModFileInfo/LOADING]: Found valid mod file xaerolib-forge-1.20.1-1.7.3.jar with {xaerolib} mods - versions {1.7.3}
[04Oct2026 19:01:29.403] [main/DEBUG] [net.minecraftforge.fml.loading.moddiscovery.ModFileParser/LOADING]: Considering mod file candidate 
[04Oct2026 19:01:29.403] [main/DEBUG] [net.minecraftforge.fml.loading.moddiscovery.ModFileInfo/LOADING]: Found valid mod file spectrelib-forge-0.13.15+1.20.1.jar with {spectrelib} mods - versions {0.13.15+1.20.1}
[04Oct2026 19:01:29.406] [main/DEBUG] [net.minecraftforge.fml.loading.moddiscovery.ModFileParser/LOADING]: Considering mod file candidate 
[04Oct2026 19:01:29.406] [main/DEBUG] [net.minecraftforge.fml.loading.moddiscovery.ModFileInfo/LOADING]: Found valid mod file spectrelib-forge-0.13.15+1.20.1.jar with {spectrelib} mods - versions {0.13.15+1.20.1}
[04Oct2026 19:01:29.408] [main/DEBUG] [net.minecraftforge.fml.loading.moddiscovery.ModFileParser/LOADING]: Considering mod file candidate 
[04Oct2026 19:01:29.408] [main/DEBUG] [net.minecraftforge.fml.loading.moddiscovery.ModFileInfo/LOADING]: Found valid mod file midnightlib-1.4.2-forge.jar with {midnightlib} mods - versions {1.4.2}
[04Oct2026 19:01:29.409] [main/DEBUG] [net.minecraftforge.fml.loading.moddiscovery.ModFileParser/LOADING]: Considering mod file candidate 
[04Oct2026 19:01:29.409] [main/DEBUG] [net.minecraftforge.fml.loading.moddiscovery.ModFileInfo/LOADING]: Found valid mod file mixinextras-forge-0.2.0-beta.9.jar with {mixinextras} mods - versions {0.2.0-beta.9}
[04Oct2026 19:01:29.414] [main/DEBUG] [net.minecraftforge.fml.loading.moddiscovery.ModFileParser/LOADING]: Considering mod file candidate 
[04Oct2026 19:01:29.415] [main/DEBUG] [net.minecraftforge.fml.loading.moddiscovery.ModFileInfo/LOADING]: Found valid mod file nitrogen_internals-1.20.1-1.0.12-neoforge.jar with {nitrogen_internals} mods - versions {1.20.1-1.0.12-neoforge}
[04Oct2026 19:01:29.417] [main/DEBUG] [net.minecraftforge.fml.loading.moddiscovery.ModFileParser/LOADING]: Considering mod file candidate 
[04Oct2026 19:01:29.417] [main/DEBUG] [net.minecraftforge.fml.loading.moddiscovery.ModFileInfo/LOADING]: Found valid mod file cumulus_menus-1.20.1-1.0.1-neoforge.jar with {cumulus_menus} mods - versions {1.20.1-1.0.1-neoforge}
[04Oct2026 19:01:29.424] [main/DEBUG] [net.minecraftforge.fml.loading.moddiscovery.ModFileParser/LOADING]: Considering mod file candidate 
[04Oct2026 19:01:29.424] [main/DEBUG] [net.minecraftforge.fml.loading.moddiscovery.ModFileInfo/LOADING]: Found valid mod file curios-forge-5.6.1+1.20.1.jar with {curios} mods - versions {5.6.1+1.20.1}
[04Oct2026 19:01:29.430] [main/DEBUG] [net.minecraftforge.fml.loading.moddiscovery.ModFileParser/LOADING]: Considering mod file candidate 
[04Oct2026 19:01:29.431] [main/DEBUG] [net.minecraftforge.fml.loading.moddiscovery.ModFileInfo/LOADING]: Found valid mod file mixinextras-forge-0.3.2.jar with {mixinextras} mods - versions {0.3.2}
[04Oct2026 19:01:29.432] [main/DEBUG] [net.minecraftforge.fml.loading.moddiscovery.ModFileParser/LOADING]: Considering mod file candidate 
[04Oct2026 19:01:29.432] [main/DEBUG] [net.minecraftforge.fml.loading.moddiscovery.ModFileInfo/LOADING]: Found valid mod file mixinextras-forge-0.4.1.jar with {mixinextras} mods - versions {0.4.1}
[04Oct2026 19:01:29.450] [main/DEBUG] [net.minecraftforge.fml.loading.moddiscovery.ModFileParser/LOADING]: Considering mod file candidate 
[04Oct2026 19:01:29.450] [main/DEBUG] [net.minecraftforge.fml.loading.moddiscovery.ModFileInfo/LOADING]: Found valid mod file xaerolib-forge-1.20.1-1.7.3.jar with {xaerolib} mods - versions {1.7.3}
[04Oct2026 19:01:29.452] [main/DEBUG] [net.minecraftforge.fml.loading.moddiscovery.ModFileParser/LOADING]: Considering mod file candidate 
[04Oct2026 19:01:29.452] [main/DEBUG] [net.minecraftforge.fml.loading.moddiscovery.ModFileInfo/LOADING]: Found valid mod file mixinextras-forge-0.3.6.jar with {mixinextras} mods - versions {0.3.6}
[04Oct2026 19:01:29.456] [main/DEBUG] [net.minecraftforge.fml.loading.moddiscovery.ModFileParser/LOADING]: Considering mod file candidate 
[04Oct2026 19:01:29.457] [main/DEBUG] [net.minecraftforge.fml.loading.moddiscovery.ModFileInfo/LOADING]: Found valid mod file mixinsquared-forge-0.1.2-beta.6.jar with {mixinsquared} mods - versions {0.1.2-beta.6}
[04Oct2026 19:01:29.458] [main/DEBUG] [net.minecraftforge.fml.loading.moddiscovery.ModFileParser/LOADING]: Considering mod file candidate 
[04Oct2026 19:01:29.458] [main/DEBUG] [net.minecraftforge.fml.loading.moddiscovery.ModFileInfo/LOADING]: Found valid mod file mixinextras-forge-0.4.1.jar with {mixinextras} mods - versions {0.4.1}
[04Oct2026 19:01:29.459] [main/DEBUG] [net.minecraftforge.fml.loading.moddiscovery.ModFileParser/LOADING]: Considering mod file candidate 
[04Oct2026 19:01:29.459] [main/DEBUG] [net.minecraftforge.fml.loading.moddiscovery.ModFileInfo/LOADING]: Found valid mod file mixinextras-forge-0.2.0-beta.6.jar with {mixinextras} mods - versions {0.2.0-beta.6}
[04Oct2026 19:01:29.465] [main/DEBUG] [net.minecraftforge.fml.loading.moddiscovery.ModFileParser/LOADING]: Considering mod file candidate 
[04Oct2026 19:01:29.465] [main/DEBUG] [net.minecraftforge.fml.loading.moddiscovery.ModFileInfo/LOADING]: Found valid mod file expandability-forge-9.0.4.jar with {expandability} mods - versions {9.0.4}
[04Oct2026 19:01:29.466] [main/DEBUG] [net.minecraftforge.fml.loading.moddiscovery.ModFileParser/LOADING]: Considering mod file candidate 
[04Oct2026 19:01:29.467] [main/DEBUG] [net.minecraftforge.fml.loading.moddiscovery.ModFileInfo/LOADING]: Found valid mod file mixinextras-forge-0.3.5.jar with {mixinextras} mods - versions {0.3.5}
[04Oct2026 19:01:29.468] [main/DEBUG] [net.minecraftforge.fml.loading.moddiscovery.ModFileParser/LOADING]: Considering mod file candidate 
[04Oct2026 19:01:29.468] [main/DEBUG] [net.minecraftforge.fml.loading.moddiscovery.ModFileInfo/LOADING]: Found valid mod file puzzlesaccessapi-forge-20.1.1.jar with {puzzlesaccessapi} mods - versions {20.1.1}
[04Oct2026 19:01:29.469] [main/DEBUG] [net.minecraftforge.fml.loading.moddiscovery.ModFileParser/LOADING]: Considering mod file candidate 
[04Oct2026 19:01:29.470] [main/DEBUG] [net.minecraftforge.fml.loading.moddiscovery.ModFileInfo/LOADING]: Found valid mod file mixinextras-forge-0.4.1.jar with {mixinextras} mods - versions {0.4.1}
[04Oct2026 19:01:29.470] [main/DEBUG] [net.minecraftforge.fml.loading.moddiscovery.AbstractJarFileDependencyLocator/]: Failed to load resource META-INF/jarjar/metadata.json from xaerolib-forge-1.20.1-1.7.3.jar, it does not contain dependency information.
[04Oct2026 19:01:29.470] [main/DEBUG] [net.minecraftforge.fml.loading.moddiscovery.AbstractJarFileDependencyLocator/]: Failed to load resource META-INF/jarjar/metadata.json from spectrelib-forge-0.13.15+1.20.1.jar, it does not contain dependency information.
[04Oct2026 19:01:29.470] [main/DEBUG] [net.minecraftforge.fml.loading.moddiscovery.AbstractJarFileDependencyLocator/]: Failed to load resource META-INF/jarjar/metadata.json from spectrelib-forge-0.13.15+1.20.1.jar, it does not contain dependency information.
[04Oct2026 19:01:29.470] [main/DEBUG] [net.minecraftforge.fml.loading.moddiscovery.AbstractJarFileDependencyLocator/]: Failed to load resource META-INF/jarjar/metadata.json from midnightlib-1.4.2-forge.jar, it does not contain dependency information.
[04Oct2026 19:01:29.473] [main/DEBUG] [net.minecraftforge.fml.loading.moddiscovery.AbstractJarFileDependencyLocator/]: Failed to load resource META-INF/jarjar/metadata.json from nitrogen_internals-1.20.1-1.0.12-neoforge.jar, it does not contain dependency information.
[04Oct2026 19:01:29.473] [main/DEBUG] [net.minecraftforge.fml.loading.moddiscovery.AbstractJarFileDependencyLocator/]: Failed to load resource META-INF/jarjar/metadata.json from cumulus_menus-1.20.1-1.0.1-neoforge.jar, it does not contain dependency information.
[04Oct2026 19:01:29.474] [main/DEBUG] [net.minecraftforge.fml.loading.moddiscovery.AbstractJarFileDependencyLocator/]: Failed to load resource META-INF/jarjar/metadata.json from curios-forge-5.6.1+1.20.1.jar, it does not contain dependency information.
[04Oct2026 19:01:29.474] [main/DEBUG] [net.minecraftforge.fml.loading.moddiscovery.AbstractJarFileDependencyLocator/]: Failed to load resource META-INF/jarjar/metadata.json from jlayer-1.0.1.jar, it does not contain dependency information.
[04Oct2026 19:01:29.483] [main/DEBUG] [net.minecraftforge.fml.loading.moddiscovery.AbstractJarFileDependencyLocator/]: Failed to load resource META-INF/jarjar/metadata.json from xaerolib-forge-1.20.1-1.7.3.jar, it does not contain dependency information.
[04Oct2026 19:01:29.488] [main/DEBUG] [net.minecraftforge.fml.loading.moddiscovery.AbstractJarFileDependencyLocator/]: Failed to load resource META-INF/jarjar/metadata.json from yabn-1.0.3.jar, it does not contain dependency information.
[04Oct2026 19:01:29.488] [main/DEBUG] [net.minecraftforge.fml.loading.moddiscovery.AbstractJarFileDependencyLocator/]: Failed to load resource META-INF/jarjar/metadata.json from bytecodecs-1.0.2.jar, it does not contain dependency information.
[04Oct2026 19:01:29.497] [main/DEBUG] [net.minecraftforge.fml.loading.moddiscovery.AbstractJarFileDependencyLocator/]: Failed to load resource META-INF/jarjar/metadata.json from jnanoid-2.0.0.jar, it does not contain dependency information.
[04Oct2026 19:01:29.497] [main/DEBUG] [net.minecraftforge.fml.loading.moddiscovery.AbstractJarFileDependencyLocator/]: Failed to load resource META-INF/jarjar/metadata.json from core-0.1.9.jar, it does not contain dependency information.
[04Oct2026 19:01:29.497] [main/DEBUG] [net.minecraftforge.fml.loading.moddiscovery.AbstractJarFileDependencyLocator/]: Failed to load resource META-INF/jarjar/metadata.json from levels-0.1.9.jar, it does not contain dependency information.
[04Oct2026 19:01:29.497] [main/DEBUG] [net.minecraftforge.fml.loading.moddiscovery.AbstractJarFileDependencyLocator/]: Failed to load resource META-INF/jarjar/metadata.json from rendering-0.1.9.jar, it does not contain dependency information.
[04Oct2026 19:01:29.497] [main/DEBUG] [net.minecraftforge.fml.loading.moddiscovery.AbstractJarFileDependencyLocator/]: Failed to load resource META-INF/jarjar/metadata.json from ui-0.1.9.jar, it does not contain dependency information.
[04Oct2026 19:01:29.503] [main/DEBUG] [net.minecraftforge.fml.loading.moddiscovery.AbstractJarFileDependencyLocator/]: Failed to load resource META-INF/jarjar/metadata.json from puzzlesaccessapi-forge-20.1.1.jar, it does not contain dependency information.
[04Oct2026 19:01:29.507] [main/DEBUG] [net.minecraftforge.fml.loading.moddiscovery.AbstractJarFileDependencyLocator/]: Failed to load resource META-INF/jarjar/metadata.json from MixinExtras-0.2.0-beta.9.jar, it does not contain dependency information.
[04Oct2026 19:01:29.508] [main/DEBUG] [net.minecraftforge.fml.loading.moddiscovery.AbstractJarFileDependencyLocator/]: Failed to load resource META-INF/jarjar/metadata.json from MixinExtras-0.3.2.jar, it does not contain dependency information.
[04Oct2026 19:01:29.508] [main/DEBUG] [net.minecraftforge.fml.loading.moddiscovery.AbstractJarFileDependencyLocator/]: Failed to load resource META-INF/jarjar/metadata.json from MixinExtras-0.4.1.jar, it does not contain dependency information.
[04Oct2026 19:01:29.508] [main/DEBUG] [net.minecraftforge.fml.loading.moddiscovery.AbstractJarFileDependencyLocator/]: Failed to load resource META-INF/jarjar/metadata.json from MixinExtras-0.3.6.jar, it does not contain dependency information.
[04Oct2026 19:01:29.508] [main/DEBUG] [net.minecraftforge.fml.loading.moddiscovery.AbstractJarFileDependencyLocator/]: Failed to load resource META-INF/jarjar/metadata.json from MixinSquared-0.1.2-beta.6.jar, it does not contain dependency information.
[04Oct2026 19:01:29.508] [main/DEBUG] [net.minecraftforge.fml.loading.moddiscovery.AbstractJarFileDependencyLocator/]: Failed to load resource META-INF/jarjar/metadata.json from MixinExtras-0.4.1.jar, it does not contain dependency information.
[04Oct2026 19:01:29.508] [main/DEBUG] [net.minecraftforge.fml.loading.moddiscovery.AbstractJarFileDependencyLocator/]: Failed to load resource META-INF/jarjar/metadata.json from MixinExtras-0.2.0-beta.6.jar, it does not contain dependency information.
[04Oct2026 19:01:29.508] [main/DEBUG] [net.minecraftforge.fml.loading.moddiscovery.AbstractJarFileDependencyLocator/]: Failed to load resource META-INF/jarjar/metadata.json from MixinExtras-0.1.1.jar, it does not contain dependency information.
[04Oct2026 19:01:29.508] [main/DEBUG] [net.minecraftforge.fml.loading.moddiscovery.AbstractJarFileDependencyLocator/]: Failed to load resource META-INF/jarjar/metadata.json from MixinExtras-0.3.5.jar, it does not contain dependency information.
[04Oct2026 19:01:29.508] [main/DEBUG] [net.minecraftforge.fml.loading.moddiscovery.AbstractJarFileDependencyLocator/]: Failed to load resource META-INF/jarjar/metadata.json from MixinExtras-0.4.1.jar, it does not contain dependency information.
[04Oct2026 19:01:29.526] [main/DEBUG] [net.minecraftforge.fml.loading.moddiscovery.ModFileParser/LOADING]: Considering mod file candidate 
[04Oct2026 19:01:29.526] [main/DEBUG] [net.minecraftforge.fml.loading.moddiscovery.ModFileInfo/LOADING]: Found valid mod file puzzlesaccessapi-forge-20.1.1.jar with {puzzlesaccessapi} mods - versions {20.1.1}
[04Oct2026 19:01:29.528] [main/DEBUG] [net.minecraftforge.fml.loading.moddiscovery.ModFileParser/LOADING]: Considering mod file candidate 
[04Oct2026 19:01:29.528] [main/DEBUG] [net.minecraftforge.fml.loading.moddiscovery.ModFileInfo/LOADING]: Found valid mod file mixinextras-forge-0.4.1.jar with {mixinextras} mods - versions {0.4.1}
[04Oct2026 19:01:29.530] [main/DEBUG] [net.minecraftforge.fml.loading.moddiscovery.ModFileParser/LOADING]: Considering mod file candidate 
[04Oct2026 19:01:29.530] [main/DEBUG] [net.minecraftforge.fml.loading.moddiscovery.ModFileInfo/LOADING]: Found valid mod file mixinextras-forge-0.2.0-beta.9.jar with {mixinextras} mods - versions {0.2.0-beta.9}
[04Oct2026 19:01:29.534] [main/DEBUG] [net.minecraftforge.fml.loading.moddiscovery.ModFileParser/LOADING]: Considering mod file candidate 
[04Oct2026 19:01:29.534] [main/DEBUG] [net.minecraftforge.fml.loading.moddiscovery.ModFileInfo/LOADING]: Found valid mod file spectrelib-forge-0.13.15+1.20.1.jar with {spectrelib} mods - versions {0.13.15+1.20.1}
[04Oct2026 19:01:29.542] [main/DEBUG] [net.minecraftforge.fml.loading.moddiscovery.ModFileParser/LOADING]: Considering mod file candidate 
[04Oct2026 19:01:29.542] [main/DEBUG] [net.minecraftforge.fml.loading.moddiscovery.ModFileInfo/LOADING]: Found valid mod file xaerolib-forge-1.20.1-1.7.3.jar with {xaerolib} mods - versions {1.7.3}
[04Oct2026 19:01:29.546] [main/DEBUG] [net.minecraftforge.fml.loading.moddiscovery.ModFileParser/LOADING]: Considering mod file candidate 
[04Oct2026 19:01:29.546] [main/DEBUG] [net.minecraftforge.fml.loading.moddiscovery.ModFileInfo/LOADING]: Found valid mod file nitrogen_internals-1.20.1-1.0.12-neoforge.jar with {nitrogen_internals} mods - versions {1.20.1-1.0.12-neoforge}
[04Oct2026 19:01:29.548] [main/DEBUG] [net.minecraftforge.fml.loading.moddiscovery.ModFileParser/LOADING]: Considering mod file candidate 
[04Oct2026 19:01:29.548] [main/DEBUG] [net.minecraftforge.fml.loading.moddiscovery.ModFileInfo/LOADING]: Found valid mod file cumulus_menus-1.20.1-1.0.1-neoforge.jar with {cumulus_menus} mods - versions {1.20.1-1.0.1-neoforge}
[04Oct2026 19:01:29.553] [main/DEBUG] [net.minecraftforge.fml.loading.moddiscovery.ModFileParser/LOADING]: Considering mod file candidate 
[04Oct2026 19:01:29.553] [main/DEBUG] [net.minecraftforge.fml.loading.moddiscovery.ModFileInfo/LOADING]: Found valid mod file curios-forge-5.6.1+1.20.1.jar with {curios} mods - versions {5.6.1+1.20.1}
[04Oct2026 19:01:29.561] [main/DEBUG] [net.minecraftforge.fml.loading.moddiscovery.ModFileParser/LOADING]: Considering mod file candidate 
[04Oct2026 19:01:29.562] [main/DEBUG] [net.minecraftforge.fml.loading.moddiscovery.ModFileInfo/LOADING]: Found valid mod file midnightlib-1.4.2-forge.jar with {midnightlib} mods - versions {1.4.2}
[04Oct2026 19:01:29.563] [main/DEBUG] [net.minecraftforge.fml.loading.moddiscovery.ModFileParser/LOADING]: Considering mod file candidate 
[04Oct2026 19:01:29.563] [main/DEBUG] [net.minecraftforge.fml.loading.moddiscovery.ModFileInfo/LOADING]: Found valid mod file expandability-forge-9.0.4.jar with {expandability} mods - versions {9.0.4}
[04Oct2026 19:01:29.564] [main/DEBUG] [net.minecraftforge.fml.loading.moddiscovery.ModFileParser/LOADING]: Considering mod file candidate 
[04Oct2026 19:01:29.564] [main/DEBUG] [net.minecraftforge.fml.loading.moddiscovery.ModFileInfo/LOADING]: Found valid mod file mixinsquared-forge-0.1.2-beta.6.jar with {mixinsquared} mods - versions {0.1.2-beta.6}
[04Oct2026 19:01:29.565] [main/WARN] [net.minecraftforge.jarjar.selection.JarSelector/]: Attempted to select two dependency jars from JarJar which have the same identification: Mod File:  and Mod File: . Using Mod File: 
[04Oct2026 19:01:29.566] [main/WARN] [net.minecraftforge.jarjar.selection.JarSelector/]: Attempted to select a dependency jar for JarJar which was passed in as source: curios. Using Mod File: /Users/caden/A.Developer/JuniorMC/SERVER/mods/curios-forge-5.14.1+1.20.1.jar
[04Oct2026 19:01:29.566] [main/INFO] [net.minecraftforge.fml.loading.moddiscovery.JarInJarDependencyLocator/]: Found 19 dependencies adding them to mods collection
[04Oct2026 19:01:29.568] [main/DEBUG] [net.minecraftforge.fml.loading.moddiscovery.ModFileParser/LOADING]: Considering mod file candidate /Users/caden/A.Developer/JuniorMC/SERVER/mods/almanac-1.20.x-forge-1.0.2.jar
[04Oct2026 19:01:29.568] [main/DEBUG] [net.minecraftforge.fml.loading.moddiscovery.ModFileInfo/LOADING]: Found valid mod file almanac-1.20.x-forge-1.0.2.jar with {almanac} mods - versions {1.0.2}
[04Oct2026 19:01:29.570] [main/DEBUG] [net.minecraftforge.fml.loading.moddiscovery.ModFile/LOADING]: Loading mod file /Users/caden/A.Developer/JuniorMC/SERVER/mods/almanac-1.20.x-forge-1.0.2.jar with languages [LanguageSpec[languageName=javafml, acceptedVersions=[47,)]]
[04Oct2026 19:01:29.570] [main/DEBUG] [net.minecraftforge.fml.loading.moddiscovery.ModFileParser/LOADING]: Considering mod file candidate /Users/caden/A.Developer/JuniorMC/SERVER/mods/alexsmobs-1.22.9.jar
[04Oct2026 19:01:29.571] [main/DEBUG] [net.minecraftforge.fml.loading.moddiscovery.ModFileInfo/LOADING]: Found valid mod file alexsmobs-1.22.9.jar with {alexsmobs} mods - versions {1.22.9}
[04Oct2026 19:01:29.571] [main/DEBUG] [net.minecraftforge.fml.loading.moddiscovery.ModFile/LOADING]: Loading mod file /Users/caden/A.Developer/JuniorMC/SERVER/mods/alexsmobs-1.22.9.jar with languages [LanguageSpec[languageName=javafml, acceptedVersions=[46,)]]
[04Oct2026 19:01:29.571] [main/DEBUG] [net.minecraftforge.fml.loading.moddiscovery.ModFileParser/LOADING]: Considering mod file candidate /Users/caden/A.Developer/JuniorMC/SERVER/mods/botarium-forge-1.20.1-2.3.4.jar
[04Oct2026 19:01:29.571] [main/DEBUG] [net.minecraftforge.fml.loading.moddiscovery.ModFileInfo/LOADING]: Found valid mod file botarium-forge-1.20.1-2.3.4.jar with {botarium} mods - versions {2.3.4}
[04Oct2026 19:01:29.571] [main/DEBUG] [net.minecraftforge.fml.loading.moddiscovery.ModFile/LOADING]: Loading mod file /Users/caden/A.Developer/JuniorMC/SERVER/mods/botarium-forge-1.20.1-2.3.4.jar with languages [LanguageSpec[languageName=javafml, acceptedVersions=[47,)]]
[04Oct2026 19:01:29.571] [main/DEBUG] [net.minecraftforge.fml.loading.moddiscovery.ModFileParser/LOADING]: Considering mod file candidate /Users/caden/A.Developer/JuniorMC/SERVER/mods/aether-1.20.1-1.5.2-neoforge.jar
[04Oct2026 19:01:29.571] [main/DEBUG] [net.minecraftforge.fml.loading.moddiscovery.ModFileInfo/LOADING]: Found valid mod file aether-1.20.1-1.5.2-neoforge.jar with {aether} mods - versions {1.20.1-1.5.2-neoforge}
[04Oct2026 19:01:29.571] [main/DEBUG] [net.minecraftforge.fml.loading.moddiscovery.ModFile/LOADING]: Loading mod file /Users/caden/A.Developer/JuniorMC/SERVER/mods/aether-1.20.1-1.5.2-neoforge.jar with languages [LanguageSpec[languageName=javafml, acceptedVersions=[47,)]]
[04Oct2026 19:01:29.571] [main/DEBUG] [net.minecraftforge.fml.loading.moddiscovery.ModFileParser/LOADING]: Considering mod file candidate /Users/caden/A.Developer/JuniorMC/SERVER/mods/naturalist-5.0pre2+forge-1.20.1.jar
[04Oct2026 19:01:29.572] [main/DEBUG] [net.minecraftforge.fml.loading.moddiscovery.ModFileInfo/LOADING]: Found valid mod file naturalist-5.0pre2+forge-1.20.1.jar with {naturalist} mods - versions {5.0pre2}
[04Oct2026 19:01:29.572] [main/DEBUG] [net.minecraftforge.fml.loading.moddiscovery.ModFile/LOADING]: Loading mod file /Users/caden/A.Developer/JuniorMC/SERVER/mods/naturalist-5.0pre2+forge-1.20.1.jar with languages [LanguageSpec[languageName=javafml, acceptedVersions=[41,)]]
[04Oct2026 19:01:29.572] [main/DEBUG] [net.minecraftforge.fml.loading.moddiscovery.ModFileParser/LOADING]: Considering mod file candidate /Users/caden/A.Developer/JuniorMC/SERVER/mods/ProjectE-1.20.1-PE1.0.1.jar
[04Oct2026 19:01:29.572] [main/DEBUG] [net.minecraftforge.fml.loading.moddiscovery.ModFileInfo/LOADING]: Found valid mod file ProjectE-1.20.1-PE1.0.1.jar with {projecte} mods - versions {1.0.1}
[04Oct2026 19:01:29.572] [main/DEBUG] [net.minecraftforge.fml.loading.moddiscovery.ModFile/LOADING]: Loading mod file /Users/caden/A.Developer/JuniorMC/SERVER/mods/ProjectE-1.20.1-PE1.0.1.jar with languages [LanguageSpec[languageName=javafml, acceptedVersions=[47,)]]
[04Oct2026 19:01:29.572] [main/DEBUG] [net.minecraftforge.fml.loading.moddiscovery.ModFileParser/LOADING]: Considering mod file candidate /Users/caden/A.Developer/JuniorMC/SERVER/mods/sophisticatedcore-1.20.1-1.5.4.2362.jar
[04Oct2026 19:01:29.572] [main/DEBUG] [net.minecraftforge.fml.loading.moddiscovery.ModFileInfo/LOADING]: Found valid mod file sophisticatedcore-1.20.1-1.5.4.2362.jar with {sophisticatedcore} mods - versions {1.5.4.2362}
[04Oct2026 19:01:29.572] [main/DEBUG] [net.minecraftforge.fml.loading.moddiscovery.ModFile/LOADING]: Loading mod file /Users/caden/A.Developer/JuniorMC/SERVER/mods/sophisticatedcore-1.20.1-1.5.4.2362.jar with languages [LanguageSpec[languageName=javafml, acceptedVersions=[47,)]]
[04Oct2026 19:01:29.572] [main/DEBUG] [net.minecraftforge.fml.loading.moddiscovery.ModFileParser/LOADING]: Considering mod file candidate /Users/caden/A.Developer/JuniorMC/SERVER/mods/ForgeEndertech-1.20.1-11.1.11.1-build.2351.jar
[04Oct2026 19:01:29.573] [main/DEBUG] [net.minecraftforge.fml.loading.moddiscovery.ModFileInfo/LOADING]: Found valid mod file ForgeEndertech-1.20.1-11.1.11.1-build.2351.jar with {forgeendertech} mods - versions {11.1.11.1}
[04Oct2026 19:01:29.573] [main/DEBUG] [net.minecraftforge.fml.loading.moddiscovery.ModFile/LOADING]: Loading mod file /Users/caden/A.Developer/JuniorMC/SERVER/mods/ForgeEndertech-1.20.1-11.1.11.1-build.2351.jar with languages [LanguageSpec[languageName=javafml, acceptedVersions=[47,)]]
[04Oct2026 19:01:29.573] [main/DEBUG] [net.minecraftforge.fml.loading.moddiscovery.ModFileParser/LOADING]: Considering mod file candidate /Users/caden/A.Developer/JuniorMC/SERVER/mods/Controlling-forge-1.20.1-12.0.2.jar
[04Oct2026 19:01:29.573] [main/DEBUG] [net.minecraftforge.fml.loading.moddiscovery.ModFileInfo/LOADING]: Found valid mod file Controlling-forge-1.20.1-12.0.2.jar with {controlling} mods - versions {12.0.2}
[04Oct2026 19:01:29.573] [main/DEBUG] [net.minecraftforge.fml.loading.moddiscovery.ModFile/LOADING]: Loading mod file /Users/caden/A.Developer/JuniorMC/SERVER/mods/Controlling-forge-1.20.1-12.0.2.jar with languages [LanguageSpec[languageName=javafml, acceptedVersions=[41,)]]
[04Oct2026 19:01:29.573] [main/DEBUG] [net.minecraftforge.fml.loading.moddiscovery.ModFileParser/LOADING]: Considering mod file candidate /Users/caden/A.Developer/JuniorMC/SERVER/mods/xaeroworldmap-forge-1.20.1-1.46.0.jar
[04Oct2026 19:01:29.574] [main/DEBUG] [net.minecraftforge.fml.loading.moddiscovery.ModFileInfo/LOADING]: Found valid mod file xaeroworldmap-forge-1.20.1-1.46.0.jar with {xaeroworldmap} mods - versions {1.46.0}
[04Oct2026 19:01:29.574] [main/DEBUG] [net.minecraftforge.fml.loading.moddiscovery.ModFile/LOADING]: Loading mod file /Users/caden/A.Developer/JuniorMC/SERVER/mods/xaeroworldmap-forge-1.20.1-1.46.0.jar with languages [LanguageSpec[languageName=javafml, acceptedVersions=[46,48)]]
[04Oct2026 19:01:29.575] [main/DEBUG] [net.minecraftforge.fml.loading.moddiscovery.ModFileParser/LOADING]: Found coremod xaeroworldmap_core with Javascript path META-INF/xaeroworldmap_core.js
[04Oct2026 19:01:29.575] [main/DEBUG] [net.minecraftforge.fml.loading.moddiscovery.ModFile/LOADING]: Found coremod META-INF/xaeroworldmap_core.js
[04Oct2026 19:01:29.575] [main/DEBUG] [net.minecraftforge.fml.loading.moddiscovery.ModFileParser/LOADING]: Considering mod file candidate /Users/caden/A.Developer/JuniorMC/SERVER/mods/citadel-2.6.3-1.20.1.jar
[04Oct2026 19:01:29.575] [main/DEBUG] [net.minecraftforge.fml.loading.moddiscovery.ModFileInfo/LOADING]: Found valid mod file citadel-2.6.3-1.20.1.jar with {citadel} mods - versions {2.6.3}
[04Oct2026 19:01:29.575] [main/DEBUG] [net.minecraftforge.fml.loading.moddiscovery.ModFile/LOADING]: Loading mod file /Users/caden/A.Developer/JuniorMC/SERVER/mods/citadel-2.6.3-1.20.1.jar with languages [LanguageSpec[languageName=javafml, acceptedVersions=[47,)]]
[04Oct2026 19:01:29.575] [main/DEBUG] [net.minecraftforge.fml.loading.moddiscovery.ModFileParser/LOADING]: Considering mod file candidate /Users/caden/A.Developer/JuniorMC/SERVER/mods/modernfix-forge-5.27.85+mc1.20.1.jar
[04Oct2026 19:01:29.576] [main/DEBUG] [net.minecraftforge.fml.loading.moddiscovery.ModFileInfo/LOADING]: Found valid mod file modernfix-forge-5.27.85+mc1.20.1.jar with {modernfix} mods - versions {5.27.85+mc1.20.1}
[04Oct2026 19:01:29.576] [main/DEBUG] [net.minecraftforge.fml.loading.moddiscovery.ModFile/LOADING]: Loading mod file /Users/caden/A.Developer/JuniorMC/SERVER/mods/modernfix-forge-5.27.85+mc1.20.1.jar with languages [LanguageSpec[languageName=javafml, acceptedVersions=[46,)]]
[04Oct2026 19:01:29.576] [main/DEBUG] [net.minecraftforge.fml.loading.moddiscovery.ModFileParser/LOADING]: Considering mod file candidate /Users/caden/A.Developer/JuniorMC/SERVER/mods/Placebo-1.20.1-8.6.3.jar
[04Oct2026 19:01:29.576] [main/DEBUG] [net.minecraftforge.fml.loading.moddiscovery.ModFileInfo/LOADING]: Found valid mod file Placebo-1.20.1-8.6.3.jar with {placebo} mods - versions {8.6.3}
[04Oct2026 19:01:29.576] [main/DEBUG] [net.minecraftforge.fml.loading.moddiscovery.ModFile/LOADING]: Loading mod file /Users/caden/A.Developer/JuniorMC/SERVER/mods/Placebo-1.20.1-8.6.3.jar with languages [LanguageSpec[languageName=javafml, acceptedVersions=[32,)]]
[04Oct2026 19:01:29.576] [main/DEBUG] [net.minecraftforge.fml.loading.moddiscovery.ModFileParser/LOADING]: Found coremod placebo_get_ench_level_event with Javascript path coremods/get_ench_level_event.js
[04Oct2026 19:01:29.576] [main/DEBUG] [net.minecraftforge.fml.loading.moddiscovery.ModFileParser/LOADING]: Found coremod placebo_get_ench_level_event_specific with Javascript path coremods/get_ench_level_event_specific.js
[04Oct2026 19:01:29.576] [main/DEBUG] [net.minecraftforge.fml.loading.moddiscovery.ModFile/LOADING]: Found coremod coremods/get_ench_level_event.js
[04Oct2026 19:01:29.576] [main/DEBUG] [net.minecraftforge.fml.loading.moddiscovery.ModFile/LOADING]: Found coremod coremods/get_ench_level_event_specific.js
[04Oct2026 19:01:29.576] [main/DEBUG] [net.minecraftforge.fml.loading.moddiscovery.ModFileParser/LOADING]: Considering mod file candidate /Users/caden/A.Developer/JuniorMC/SERVER/mods/Bookshelf-Forge-1.20.1-20.2.15.jar
[04Oct2026 19:01:29.576] [main/DEBUG] [net.minecraftforge.fml.loading.moddiscovery.ModFileInfo/LOADING]: Found valid mod file Bookshelf-Forge-1.20.1-20.2.15.jar with {bookshelf} mods - versions {20.2.15}
[04Oct2026 19:01:29.577] [main/DEBUG] [net.minecraftforge.fml.loading.moddiscovery.ModFile/LOADING]: Loading mod file /Users/caden/A.Developer/JuniorMC/SERVER/mods/Bookshelf-Forge-1.20.1-20.2.15.jar with languages [LanguageSpec[languageName=javafml, acceptedVersions=[47,)]]
[04Oct2026 19:01:29.577] [main/DEBUG] [net.minecraftforge.fml.loading.moddiscovery.ModFileParser/LOADING]: Considering mod file candidate /Users/caden/A.Developer/JuniorMC/SERVER/mods/sophisticatedbackpacks-1.20.1-3.26.6.2176.jar
[04Oct2026 19:01:29.577] [main/DEBUG] [net.minecraftforge.fml.loading.moddiscovery.ModFileInfo/LOADING]: Found valid mod file sophisticatedbackpacks-1.20.1-3.26.6.2176.jar with {sophisticatedbackpacks} mods - versions {3.26.6.2176}
[04Oct2026 19:01:29.577] [main/DEBUG] [net.minecraftforge.fml.loading.moddiscovery.ModFile/LOADING]: Loading mod file /Users/caden/A.Developer/JuniorMC/SERVER/mods/sophisticatedbackpacks-1.20.1-3.26.6.2176.jar with languages [LanguageSpec[languageName=javafml, acceptedVersions=[47,)]]
[04Oct2026 19:01:29.577] [main/DEBUG] [net.minecraftforge.fml.loading.moddiscovery.ModFileParser/LOADING]: Considering mod file candidate /Users/caden/A.Developer/JuniorMC/SERVER/mods/sophisticatedtab-1.20.1-0.8.0.jar
[04Oct2026 19:01:29.577] [main/DEBUG] [net.minecraftforge.fml.loading.moddiscovery.ModFileInfo/LOADING]: Found valid mod file sophisticatedtab-1.20.1-0.8.0.jar with {sophisticatedtab} mods - versions {1.20.1-0.8.0}
[04Oct2026 19:01:29.577] [main/DEBUG] [net.minecraftforge.fml.loading.moddiscovery.ModFile/LOADING]: Loading mod file /Users/caden/A.Developer/JuniorMC/SERVER/mods/sophisticatedtab-1.20.1-0.8.0.jar with languages [LanguageSpec[languageName=javafml, acceptedVersions=[47,48)]]
[04Oct2026 19:01:29.577] [main/DEBUG] [net.minecraftforge.fml.loading.moddiscovery.ModFileParser/LOADING]: Considering mod file candidate /Users/caden/A.Developer/JuniorMC/SERVER/mods/music_dicks-1.0.0.jar
[04Oct2026 19:01:29.577] [main/DEBUG] [net.minecraftforge.fml.loading.moddiscovery.ModFileInfo/LOADING]: Found valid mod file music_dicks-1.0.0.jar with {music_dicks} mods - versions {1.0.0}
[04Oct2026 19:01:29.578] [main/DEBUG] [net.minecraftforge.fml.loading.moddiscovery.ModFile/LOADING]: Loading mod file /Users/caden/A.Developer/JuniorMC/SERVER/mods/music_dicks-1.0.0.jar with languages [LanguageSpec[languageName=javafml, acceptedVersions=[47,)]]
[04Oct2026 19:01:29.578] [main/DEBUG] [net.minecraftforge.fml.loading.moddiscovery.ModFileParser/LOADING]: Considering mod file candidate /Users/caden/A.Developer/JuniorMC/SERVER/mods/carryon-forge-1.20.1-2.1.2.7.jar
[04Oct2026 19:01:29.578] [main/DEBUG] [net.minecraftforge.fml.loading.moddiscovery.ModFileInfo/LOADING]: Found valid mod file carryon-forge-1.20.1-2.1.2.7.jar with {carryon} mods - versions {2.1.2.7}
[04Oct2026 19:01:29.578] [main/DEBUG] [net.minecraftforge.fml.loading.moddiscovery.ModFile/LOADING]: Loading mod file /Users/caden/A.Developer/JuniorMC/SERVER/mods/carryon-forge-1.20.1-2.1.2.7.jar with languages [LanguageSpec[languageName=javafml, acceptedVersions=[46,)]]
[04Oct2026 19:01:29.578] [main/DEBUG] [net.minecraftforge.fml.loading.moddiscovery.ModFileParser/LOADING]: Considering mod file candidate /Users/caden/A.Developer/JuniorMC/SERVER/mods/JustEnoughResources-1.20.1-1.4.0.247.jar
[04Oct2026 19:01:29.578] [main/DEBUG] [net.minecraftforge.fml.loading.moddiscovery.ModFileInfo/LOADING]: Found valid mod file JustEnoughResources-1.20.1-1.4.0.247.jar with {jeresources} mods - versions {1.4.0.247}
[04Oct2026 19:01:29.578] [main/DEBUG] [net.minecraftforge.fml.loading.moddiscovery.ModFile/LOADING]: Loading mod file /Users/caden/A.Developer/JuniorMC/SERVER/mods/JustEnoughResources-1.20.1-1.4.0.247.jar with languages [LanguageSpec[languageName=javafml, acceptedVersions=[47,)]]
[04Oct2026 19:01:29.578] [main/DEBUG] [net.minecraftforge.fml.loading.moddiscovery.ModFileParser/LOADING]: Considering mod file candidate /Users/caden/A.Developer/JuniorMC/SERVER/mods/cloth-config-11.1.136-forge.jar
[04Oct2026 19:01:29.579] [main/DEBUG] [net.minecraftforge.fml.loading.moddiscovery.ModFileInfo/LOADING]: Found valid mod file cloth-config-11.1.136-forge.jar with {cloth_config} mods - versions {11.1.136}
[04Oct2026 19:01:29.579] [main/DEBUG] [net.minecraftforge.fml.loading.moddiscovery.ModFile/LOADING]: Loading mod file /Users/caden/A.Developer/JuniorMC/SERVER/mods/cloth-config-11.1.136-forge.jar with languages [LanguageSpec[languageName=javafml, acceptedVersions=[34,)]]
[04Oct2026 19:01:29.579] [main/DEBUG] [net.minecraftforge.fml.loading.moddiscovery.ModFileParser/LOADING]: Considering mod file candidate /Users/caden/A.Developer/JuniorMC/SERVER/mods/mob_grinding_utils-1.20.1-1.1.0.jar
[04Oct2026 19:01:29.579] [main/DEBUG] [net.minecraftforge.fml.loading.moddiscovery.ModFileInfo/LOADING]: Found valid mod file mob_grinding_utils-1.20.1-1.1.0.jar with {mob_grinding_utils} mods - versions {1.20.1-1.1.0}
[04Oct2026 19:01:29.579] [main/DEBUG] [net.minecraftforge.fml.loading.moddiscovery.ModFile/LOADING]: Loading mod file /Users/caden/A.Developer/JuniorMC/SERVER/mods/mob_grinding_utils-1.20.1-1.1.0.jar with languages [LanguageSpec[languageName=javafml, acceptedVersions=[44,)]]
[04Oct2026 19:01:29.579] [main/DEBUG] [net.minecraftforge.fml.loading.moddiscovery.ModFileParser/LOADING]: Considering mod file candidate /Users/caden/A.Developer/JuniorMC/SERVER/mods/konkrete_forge_1.8.0_MC_1.20-1.20.1.jar
[04Oct2026 19:01:29.579] [main/DEBUG] [net.minecraftforge.fml.loading.moddiscovery.ModFileInfo/LOADING]: Found valid mod file konkrete_forge_1.8.0_MC_1.20-1.20.1.jar with {konkrete} mods - versions {1.8.0}
[04Oct2026 19:01:29.579] [main/DEBUG] [net.minecraftforge.fml.loading.moddiscovery.ModFile/LOADING]: Loading mod file /Users/caden/A.Developer/JuniorMC/SERVER/mods/konkrete_forge_1.8.0_MC_1.20-1.20.1.jar with languages [LanguageSpec[languageName=javafml, acceptedVersions=[46,)]]
[04Oct2026 19:01:29.579] [main/DEBUG] [net.minecraftforge.fml.loading.moddiscovery.ModFileParser/LOADING]: Considering mod file candidate /Users/caden/A.Developer/JuniorMC/SERVER/mods/AdvancementPlaques-1.20.1-forge-1.6.9.jar
[04Oct2026 19:01:29.580] [main/DEBUG] [net.minecraftforge.fml.loading.moddiscovery.ModFileInfo/LOADING]: Found valid mod file AdvancementPlaques-1.20.1-forge-1.6.9.jar with {advancementplaques} mods - versions {1.6.9}
[04Oct2026 19:01:29.580] [main/DEBUG] [net.minecraftforge.fml.loading.moddiscovery.ModFile/LOADING]: Loading mod file /Users/caden/A.Developer/JuniorMC/SERVER/mods/AdvancementPlaques-1.20.1-forge-1.6.9.jar with languages [LanguageSpec[languageName=javafml, acceptedVersions=[47,)]]
[04Oct2026 19:01:29.580] [main/DEBUG] [net.minecraftforge.fml.loading.moddiscovery.ModFileParser/LOADING]: Considering mod file candidate /Users/caden/A.Developer/JuniorMC/SERVER/mods/FarmersDelight-1.20.1-1.3.4.jar
[04Oct2026 19:01:29.580] [main/DEBUG] [net.minecraftforge.fml.loading.moddiscovery.ModFileInfo/LOADING]: Found valid mod file FarmersDelight-1.20.1-1.3.4.jar with {farmersdelight} mods - versions {1.20.1-1.3.4}
[04Oct2026 19:01:29.580] [main/DEBUG] [net.minecraftforge.fml.loading.moddiscovery.ModFile/LOADING]: Loading mod file /Users/caden/A.Developer/JuniorMC/SERVER/mods/FarmersDelight-1.20.1-1.3.4.jar with languages [LanguageSpec[languageName=javafml, acceptedVersions=[46,)]]
[04Oct2026 19:01:29.580] [main/DEBUG] [net.minecraftforge.fml.loading.moddiscovery.ModFileParser/LOADING]: Considering mod file candidate /Users/caden/A.Developer/JuniorMC/SERVER/mods/ironfurnaces-1.20.1-4.1.8.jar
[04Oct2026 19:01:29.580] [main/DEBUG] [net.minecraftforge.fml.loading.moddiscovery.ModFileInfo/LOADING]: Found valid mod file ironfurnaces-1.20.1-4.1.8.jar with {ironfurnaces} mods - versions {4.1.8}
[04Oct2026 19:01:29.580] [main/DEBUG] [net.minecraftforge.fml.loading.moddiscovery.ModFile/LOADING]: Loading mod file /Users/caden/A.Developer/JuniorMC/SERVER/mods/ironfurnaces-1.20.1-4.1.8.jar with languages [LanguageSpec[languageName=javafml, acceptedVersions=[46,)]]
[04Oct2026 19:01:29.581] [main/DEBUG] [net.minecraftforge.fml.loading.moddiscovery.ModFileParser/LOADING]: Considering mod file candidate /Users/caden/A.Developer/JuniorMC/SERVER/mods/resourcefulconfig-forge-1.20.1-2.1.3.jar
[04Oct2026 19:01:29.581] [main/DEBUG] [net.minecraftforge.fml.loading.moddiscovery.ModFileInfo/LOADING]: Found valid mod file resourcefulconfig-forge-1.20.1-2.1.3.jar with {resourcefulconfig} mods - versions {2.1.3}
[04Oct2026 19:01:29.581] [main/DEBUG] [net.minecraftforge.fml.loading.moddiscovery.ModFile/LOADING]: Loading mod file /Users/caden/A.Developer/JuniorMC/SERVER/mods/resourcefulconfig-forge-1.20.1-2.1.3.jar with languages [LanguageSpec[languageName=javafml, acceptedVersions=[46,)]]
[04Oct2026 19:01:29.581] [main/DEBUG] [net.minecraftforge.fml.loading.moddiscovery.ModFileParser/LOADING]: Considering mod file candidate /Users/caden/A.Developer/JuniorMC/SERVER/mods/jade-sophisticated-backpacks-1.20.1-forge-1.0.2.jar
[04Oct2026 19:01:29.581] [main/DEBUG] [net.minecraftforge.fml.loading.moddiscovery.ModFileInfo/LOADING]: Found valid mod file jade-sophisticated-backpacks-1.20.1-forge-1.0.2.jar with {jade_sophisticated_backpacks} mods - versions {1.0.2}
[04Oct2026 19:01:29.581] [main/DEBUG] [net.minecraftforge.fml.loading.moddiscovery.ModFile/LOADING]: Loading mod file /Users/caden/A.Developer/JuniorMC/SERVER/mods/jade-sophisticated-backpacks-1.20.1-forge-1.0.2.jar with languages [LanguageSpec[languageName=javafml, acceptedVersions=[47,)]]
[04Oct2026 19:01:29.581] [main/DEBUG] [net.minecraftforge.fml.loading.moddiscovery.ModFileParser/LOADING]: Considering mod file candidate /Users/caden/A.Developer/JuniorMC/SERVER/mods/curios-forge-5.14.1+1.20.1.jar
[04Oct2026 19:01:29.581] [main/DEBUG] [net.minecraftforge.fml.loading.moddiscovery.ModFileInfo/LOADING]: Found valid mod file curios-forge-5.14.1+1.20.1.jar with {curios} mods - versions {5.14.1+1.20.1}
[04Oct2026 19:01:29.581] [main/DEBUG] [net.minecraftforge.fml.loading.moddiscovery.ModFile/LOADING]: Loading mod file /Users/caden/A.Developer/JuniorMC/SERVER/mods/curios-forge-5.14.1+1.20.1.jar with languages [LanguageSpec[languageName=javafml, acceptedVersions=[41,)]]
[04Oct2026 19:01:29.581] [main/DEBUG] [net.minecraftforge.fml.loading.moddiscovery.ModFileParser/LOADING]: Considering mod file candidate /Users/caden/A.Developer/JuniorMC/SERVER/mods/collective-1.20.1-8.42.jar
[04Oct2026 19:01:29.582] [main/DEBUG] [net.minecraftforge.fml.loading.moddiscovery.ModFileInfo/LOADING]: Found valid mod file collective-1.20.1-8.42.jar with {collective} mods - versions {8.42}
[04Oct2026 19:01:29.582] [main/DEBUG] [net.minecraftforge.fml.loading.moddiscovery.ModFile/LOADING]: Loading mod file /Users/caden/A.Developer/JuniorMC/SERVER/mods/collective-1.20.1-8.42.jar with languages [LanguageSpec[languageName=javafml, acceptedVersions=*]]
[04Oct2026 19:01:29.582] [main/DEBUG] [net.minecraftforge.fml.loading.moddiscovery.ModFileParser/LOADING]: Considering mod file candidate /Users/caden/A.Developer/JuniorMC/SERVER/mods/Searchables-forge-1.20.1-1.0.3.jar
[04Oct2026 19:01:29.582] [main/DEBUG] [net.minecraftforge.fml.loading.moddiscovery.ModFileInfo/LOADING]: Found valid mod file Searchables-forge-1.20.1-1.0.3.jar with {searchables} mods - versions {1.0.3}
[04Oct2026 19:01:29.582] [main/DEBUG] [net.minecraftforge.fml.loading.moddiscovery.ModFile/LOADING]: Loading mod file /Users/caden/A.Developer/JuniorMC/SERVER/mods/Searchables-forge-1.20.1-1.0.3.jar with languages [LanguageSpec[languageName=javafml, acceptedVersions=[41,)]]
[04Oct2026 19:01:29.582] [main/DEBUG] [net.minecraftforge.fml.loading.moddiscovery.ModFileParser/LOADING]: Considering mod file candidate /Users/caden/A.Developer/JuniorMC/SERVER/mods/oreexcavation-1.13.174.jar
[04Oct2026 19:01:29.582] [main/DEBUG] [net.minecraftforge.fml.loading.moddiscovery.ModFileInfo/LOADING]: Found valid mod file oreexcavation-1.13.174.jar with {oreexcavation} mods - versions {1.13.174}
[04Oct2026 19:01:29.582] [main/DEBUG] [net.minecraftforge.fml.loading.moddiscovery.ModFile/LOADING]: Loading mod file /Users/caden/A.Developer/JuniorMC/SERVER/mods/oreexcavation-1.13.174.jar with languages [LanguageSpec[languageName=javafml, acceptedVersions=[47,)]]
[04Oct2026 19:01:29.582] [main/DEBUG] [net.minecraftforge.fml.loading.moddiscovery.ModFileParser/LOADING]: Considering mod file candidate /Users/caden/A.Developer/JuniorMC/SERVER/mods/elevatorid-1.20.1-1.9.1-forge.jar
[04Oct2026 19:01:29.583] [main/DEBUG] [net.minecraftforge.fml.loading.moddiscovery.ModFileInfo/LOADING]: Found valid mod file elevatorid-1.20.1-1.9.1-forge.jar with {elevatorid} mods - versions {1.20.1-1.9.1-forge}
[04Oct2026 19:01:29.583] [main/DEBUG] [net.minecraftforge.fml.loading.moddiscovery.ModFile/LOADING]: Loading mod file /Users/caden/A.Developer/JuniorMC/SERVER/mods/elevatorid-1.20.1-1.9.1-forge.jar with languages [LanguageSpec[languageName=javafml, acceptedVersions=[47,)]]
[04Oct2026 19:01:29.583] [main/DEBUG] [net.minecraftforge.fml.loading.moddiscovery.ModFileParser/LOADING]: Considering mod file candidate /Users/caden/A.Developer/JuniorMC/SERVER/mods/legendarytabs-1.20.1-2.0.jar
[04Oct2026 19:01:29.583] [main/DEBUG] [net.minecraftforge.fml.loading.moddiscovery.ModFileInfo/LOADING]: Found valid mod file legendarytabs-1.20.1-2.0.jar with {legendarytabs} mods - versions {1.20.1-2.0}
[04Oct2026 19:01:29.583] [main/DEBUG] [net.minecraftforge.fml.loading.moddiscovery.ModFile/LOADING]: Loading mod file /Users/caden/A.Developer/JuniorMC/SERVER/mods/legendarytabs-1.20.1-2.0.jar with languages [LanguageSpec[languageName=javafml, acceptedVersions=[47,)]]
[04Oct2026 19:01:29.583] [main/DEBUG] [net.minecraftforge.fml.loading.moddiscovery.ModFileParser/LOADING]: Considering mod file candidate /Users/caden/A.Developer/JuniorMC/SERVER/mods/libnonymous-1.20.1-2.3.1.jar
[04Oct2026 19:01:29.583] [main/DEBUG] [net.minecraftforge.fml.loading.moddiscovery.ModFileInfo/LOADING]: Found valid mod file libnonymous-1.20.1-2.3.1.jar with {libnonymous} mods - versions {2.3.1}
[04Oct2026 19:01:29.583] [main/DEBUG] [net.minecraftforge.fml.loading.moddiscovery.ModFile/LOADING]: Loading mod file /Users/caden/A.Developer/JuniorMC/SERVER/mods/libnonymous-1.20.1-2.3.1.jar with languages [LanguageSpec[languageName=javafml, acceptedVersions=[47,)]]
[04Oct2026 19:01:29.583] [main/DEBUG] [net.minecraftforge.fml.loading.moddiscovery.ModFileParser/LOADING]: Considering mod file candidate /Users/caden/A.Developer/JuniorMC/SERVER/mods/Gobber2-Forge-1.20.1-2.8.9.jar
[04Oct2026 19:01:29.584] [main/DEBUG] [net.minecraftforge.fml.loading.moddiscovery.ModFileInfo/LOADING]: Found valid mod file Gobber2-Forge-1.20.1-2.8.9.jar with {gobber2} mods - versions {2.8.9}
[04Oct2026 19:01:29.584] [main/DEBUG] [net.minecraftforge.fml.loading.moddiscovery.ModFile/LOADING]: Loading mod file /Users/caden/A.Developer/JuniorMC/SERVER/mods/Gobber2-Forge-1.20.1-2.8.9.jar with languages [LanguageSpec[languageName=javafml, acceptedVersions=[47,)]]
[04Oct2026 19:01:29.584] [main/DEBUG] [net.minecraftforge.fml.loading.moddiscovery.ModFileParser/LOADING]: Considering mod file candidate /Users/caden/A.Developer/JuniorMC/SERVER/mods/resourcefullib-forge-1.20.1-2.1.29.jar
[04Oct2026 19:01:29.584] [main/DEBUG] [net.minecraftforge.fml.loading.moddiscovery.ModFileInfo/LOADING]: Found valid mod file resourcefullib-forge-1.20.1-2.1.29.jar with {resourcefullib} mods - versions {2.1.29}
[04Oct2026 19:01:29.584] [main/DEBUG] [net.minecraftforge.fml.loading.moddiscovery.ModFile/LOADING]: Loading mod file /Users/caden/A.Developer/JuniorMC/SERVER/mods/resourcefullib-forge-1.20.1-2.1.29.jar with languages [LanguageSpec[languageName=javafml, acceptedVersions=[46,)]]
[04Oct2026 19:01:29.584] [main/DEBUG] [net.minecraftforge.fml.loading.moddiscovery.ModFileParser/LOADING]: Considering mod file candidate 
[04Oct2026 19:01:29.584] [main/DEBUG] [net.minecraftforge.fml.loading.moddiscovery.ModFileInfo/LOADING]: Found valid mod file cumulus_menus-1.20.1-1.0.1-neoforge.jar with {cumulus_menus} mods - versions {1.20.1-1.0.1-neoforge}
[04Oct2026 19:01:29.584] [main/DEBUG] [net.minecraftforge.fml.loading.moddiscovery.ModFile/LOADING]: Loading mod file  with languages [LanguageSpec[languageName=javafml, acceptedVersions=[47,)]]
[04Oct2026 19:01:29.584] [main/DEBUG] [net.minecraftforge.fml.loading.moddiscovery.ModFileParser/LOADING]: Considering mod file candidate /Users/caden/A.Developer/JuniorMC/SERVER/mods/worldedit-mod-7.2.15.jar
[04Oct2026 19:01:29.584] [main/DEBUG] [net.minecraftforge.fml.loading.moddiscovery.ModFileInfo/LOADING]: Found valid mod file worldedit-mod-7.2.15.jar with {worldedit} mods - versions {7.2.15+6463-5ca4dff}
[04Oct2026 19:01:29.584] [main/DEBUG] [net.minecraftforge.fml.loading.moddiscovery.ModFile/LOADING]: Loading mod file /Users/caden/A.Developer/JuniorMC/SERVER/mods/worldedit-mod-7.2.15.jar with languages [LanguageSpec[languageName=javafml, acceptedVersions=[24,)]]
[04Oct2026 19:01:29.585] [main/DEBUG] [net.minecraftforge.fml.loading.moddiscovery.ModFileParser/LOADING]: Considering mod file candidate /Users/caden/A.Developer/JuniorMC/SERVER/mods/architectury-9.2.14-forge.jar
[04Oct2026 19:01:29.585] [main/DEBUG] [net.minecraftforge.fml.loading.moddiscovery.ModFileInfo/LOADING]: Found valid mod file architectury-9.2.14-forge.jar with {architectury} mods - versions {9.2.14}
[04Oct2026 19:01:29.585] [main/DEBUG] [net.minecraftforge.fml.loading.moddiscovery.ModFile/LOADING]: Loading mod file /Users/caden/A.Developer/JuniorMC/SERVER/mods/architectury-9.2.14-forge.jar with languages [LanguageSpec[languageName=javafml, acceptedVersions=[46,)]]
[04Oct2026 19:01:29.585] [main/DEBUG] [net.minecraftforge.fml.loading.moddiscovery.ModFileParser/LOADING]: Considering mod file candidate /Users/caden/A.Developer/JuniorMC/SERVER/mods/deeperdarker-forge-1.20.1-1.3.3.jar
[04Oct2026 19:01:29.585] [main/DEBUG] [net.minecraftforge.fml.loading.moddiscovery.ModFileInfo/LOADING]: Found valid mod file deeperdarker-forge-1.20.1-1.3.3.jar with {deeperdarker} mods - versions {1.3.3}
[04Oct2026 19:01:29.585] [main/DEBUG] [net.minecraftforge.fml.loading.moddiscovery.ModFile/LOADING]: Loading mod file /Users/caden/A.Developer/JuniorMC/SERVER/mods/deeperdarker-forge-1.20.1-1.3.3.jar with languages [LanguageSpec[languageName=javafml, acceptedVersions=[47,)]]
[04Oct2026 19:01:29.585] [main/DEBUG] [net.minecraftforge.fml.loading.moddiscovery.ModFileParser/LOADING]: Considering mod file candidate /Users/caden/A.Developer/JuniorMC/SERVER/mods/flib-1.20.1-0.0.16.jar
[04Oct2026 19:01:29.585] [main/DEBUG] [net.minecraftforge.fml.loading.moddiscovery.ModFileInfo/LOADING]: Found valid mod file flib-1.20.1-0.0.16.jar with {flib} mods - versions {0.0.16}
[04Oct2026 19:01:29.585] [main/DEBUG] [net.minecraftforge.fml.loading.moddiscovery.ModFile/LOADING]: Loading mod file /Users/caden/A.Developer/JuniorMC/SERVER/mods/flib-1.20.1-0.0.16.jar with languages [LanguageSpec[languageName=javafml, acceptedVersions=[26,)]]
[04Oct2026 19:01:29.585] [main/DEBUG] [net.minecraftforge.fml.loading.moddiscovery.ModFileParser/LOADING]: Considering mod file candidate 
[04Oct2026 19:01:29.586] [main/DEBUG] [net.minecraftforge.fml.loading.moddiscovery.ModFileInfo/LOADING]: Found valid mod file nitrogen_internals-1.20.1-1.0.12-neoforge.jar with {nitrogen_internals} mods - versions {1.20.1-1.0.12-neoforge}
[04Oct2026 19:01:29.586] [main/DEBUG] [net.minecraftforge.fml.loading.moddiscovery.ModFile/LOADING]: Loading mod file  with languages [LanguageSpec[languageName=javafml, acceptedVersions=[47,)]]
[04Oct2026 19:01:29.586] [main/DEBUG] [net.minecraftforge.fml.loading.moddiscovery.ModFileParser/LOADING]: Considering mod file candidate /Users/caden/A.Developer/JuniorMC/SERVER/mods/jade-sophisticated-storage-1.20.1-forge-1.0.1.jar
[04Oct2026 19:01:29.586] [main/DEBUG] [net.minecraftforge.fml.loading.moddiscovery.ModFileInfo/LOADING]: Found valid mod file jade-sophisticated-storage-1.20.1-forge-1.0.1.jar with {jade_sophisticated_storage} mods - versions {1.0.1}
[04Oct2026 19:01:29.586] [main/DEBUG] [net.minecraftforge.fml.loading.moddiscovery.ModFile/LOADING]: Loading mod file /Users/caden/A.Developer/JuniorMC/SERVER/mods/jade-sophisticated-storage-1.20.1-forge-1.0.1.jar with languages [LanguageSpec[languageName=javafml, acceptedVersions=[47,)]]
[04Oct2026 19:01:29.586] [main/DEBUG] [net.minecraftforge.fml.loading.moddiscovery.ModFileParser/LOADING]: Considering mod file candidate /Users/caden/A.Developer/JuniorMC/SERVER/mods/letmedespawn-1.20.x-forge-1.5.0.jar
[04Oct2026 19:01:29.586] [main/DEBUG] [net.minecraftforge.fml.loading.moddiscovery.ModFileInfo/LOADING]: Found valid mod file letmedespawn-1.20.x-forge-1.5.0.jar with {letmedespawn} mods - versions {1.5.0}
[04Oct2026 19:01:29.586] [main/DEBUG] [net.minecraftforge.fml.loading.moddiscovery.ModFile/LOADING]: Loading mod file /Users/caden/A.Developer/JuniorMC/SERVER/mods/letmedespawn-1.20.x-forge-1.5.0.jar with languages [LanguageSpec[languageName=javafml, acceptedVersions=[47,)]]
[04Oct2026 19:01:29.586] [main/DEBUG] [net.minecraftforge.fml.loading.moddiscovery.ModFileParser/LOADING]: Considering mod file candidate /Users/caden/A.Developer/JuniorMC/SERVER/mods/EnchantingInfuser-v8.0.3-1.20.1-Forge.jar
[04Oct2026 19:01:29.586] [main/DEBUG] [net.minecraftforge.fml.loading.moddiscovery.ModFileInfo/LOADING]: Found valid mod file EnchantingInfuser-v8.0.3-1.20.1-Forge.jar with {enchantinginfuser} mods - versions {8.0.3}
[04Oct2026 19:01:29.586] [main/DEBUG] [net.minecraftforge.fml.loading.moddiscovery.ModFile/LOADING]: Loading mod file /Users/caden/A.Developer/JuniorMC/SERVER/mods/EnchantingInfuser-v8.0.3-1.20.1-Forge.jar with languages [LanguageSpec[languageName=javafml, acceptedVersions=[47,)]]
[04Oct2026 19:01:29.586] [main/DEBUG] [net.minecraftforge.fml.loading.moddiscovery.ModFileParser/LOADING]: Considering mod file candidate /Users/caden/A.Developer/JuniorMC/SERVER/mods/compasstomapxaeros-0.1.2-forge-1.20.1.jar
[04Oct2026 19:01:29.587] [main/DEBUG] [net.minecraftforge.fml.loading.moddiscovery.ModFileInfo/LOADING]: Found valid mod file compasstomapxaeros-0.1.2-forge-1.20.1.jar with {compasstomapxaeros} mods - versions {0.1.2}
[04Oct2026 19:01:29.587] [main/DEBUG] [net.minecraftforge.fml.loading.moddiscovery.ModFile/LOADING]: Loading mod file /Users/caden/A.Developer/JuniorMC/SERVER/mods/compasstomapxaeros-0.1.2-forge-1.20.1.jar with languages [LanguageSpec[languageName=javafml, acceptedVersions=[47,)]]
[04Oct2026 19:01:29.587] [main/DEBUG] [net.minecraftforge.fml.loading.moddiscovery.ModFileParser/LOADING]: Considering mod file candidate /Users/caden/A.Developer/JuniorMC/SERVER/mods/Cyclic-1.20.1-1.13.7.jar
[04Oct2026 19:01:29.587] [main/DEBUG] [net.minecraftforge.fml.loading.moddiscovery.ModFileInfo/LOADING]: Found valid mod file Cyclic-1.20.1-1.13.7.jar with {cyclic} mods - versions {1.13.7}
[04Oct2026 19:01:29.587] [main/DEBUG] [net.minecraftforge.fml.loading.moddiscovery.ModFile/LOADING]: Loading mod file /Users/caden/A.Developer/JuniorMC/SERVER/mods/Cyclic-1.20.1-1.13.7.jar with languages [LanguageSpec[languageName=javafml, acceptedVersions=[46,)]]
[04Oct2026 19:01:29.587] [main/DEBUG] [net.minecraftforge.fml.loading.moddiscovery.ModFileParser/LOADING]: Considering mod file candidate /Users/caden/A.Developer/JuniorMC/SERVER/mods/elytraslot-forge-6.4.4+1.20.1.jar
[04Oct2026 19:01:29.588] [main/DEBUG] [net.minecraftforge.fml.loading.moddiscovery.ModFileInfo/LOADING]: Found valid mod file elytraslot-forge-6.4.4+1.20.1.jar with {elytraslot} mods - versions {6.4.4+1.20.1}
[04Oct2026 19:01:29.588] [main/DEBUG] [net.minecraftforge.fml.loading.moddiscovery.ModFile/LOADING]: Loading mod file /Users/caden/A.Developer/JuniorMC/SERVER/mods/elytraslot-forge-6.4.4+1.20.1.jar with languages [LanguageSpec[languageName=javafml, acceptedVersions=[41,)]]
[04Oct2026 19:01:29.588] [main/DEBUG] [net.minecraftforge.fml.loading.moddiscovery.ModFileParser/LOADING]: Considering mod file candidate /Users/caden/A.Developer/JuniorMC/SERVER/mods/doubledoors-1.20.1-7.3.jar
[04Oct2026 19:01:29.588] [main/DEBUG] [net.minecraftforge.fml.loading.moddiscovery.ModFileInfo/LOADING]: Found valid mod file doubledoors-1.20.1-7.3.jar with {doubledoors} mods - versions {7.3}
[04Oct2026 19:01:29.588] [main/DEBUG] [net.minecraftforge.fml.loading.moddiscovery.ModFile/LOADING]: Loading mod file /Users/caden/A.Developer/JuniorMC/SERVER/mods/doubledoors-1.20.1-7.3.jar with languages [LanguageSpec[languageName=javafml, acceptedVersions=*]]
[04Oct2026 19:01:29.588] [main/DEBUG] [net.minecraftforge.fml.loading.moddiscovery.ModFileParser/LOADING]: Considering mod file candidate /Users/caden/A.Developer/JuniorMC/SERVER/mods/Cucumber-1.20.1-7.0.16.jar
[04Oct2026 19:01:29.588] [main/DEBUG] [net.minecraftforge.fml.loading.moddiscovery.ModFileInfo/LOADING]: Found valid mod file Cucumber-1.20.1-7.0.16.jar with {cucumber} mods - versions {7.0.16}
[04Oct2026 19:01:29.588] [main/DEBUG] [net.minecraftforge.fml.loading.moddiscovery.ModFile/LOADING]: Loading mod file /Users/caden/A.Developer/JuniorMC/SERVER/mods/Cucumber-1.20.1-7.0.16.jar with languages [LanguageSpec[languageName=javafml, acceptedVersions=[47,)]]
[04Oct2026 19:01:29.588] [main/DEBUG] [net.minecraftforge.fml.loading.moddiscovery.ModFileParser/LOADING]: Considering mod file candidate /Users/caden/A.Developer/JuniorMC/SERVER/mods/more_tier_upgrade-1.0.10-forge.jar
[04Oct2026 19:01:29.589] [main/DEBUG] [net.minecraftforge.fml.loading.moddiscovery.ModFileInfo/LOADING]: Found valid mod file more_tier_upgrade-1.0.10-forge.jar with {more_tier_upgrade} mods - versions {1.0.10-forge}
[04Oct2026 19:01:29.589] [main/DEBUG] [net.minecraftforge.fml.loading.moddiscovery.ModFile/LOADING]: Loading mod file /Users/caden/A.Developer/JuniorMC/SERVER/mods/more_tier_upgrade-1.0.10-forge.jar with languages [LanguageSpec[languageName=javafml, acceptedVersions=[47,)]]
[04Oct2026 19:01:29.589] [main/DEBUG] [net.minecraftforge.fml.loading.moddiscovery.ModFileParser/LOADING]: Considering mod file candidate /Users/caden/A.Developer/JuniorMC/SERVER/mods/sophisticatedstorage-1.20.1-1.5.0.2137.jar
[04Oct2026 19:01:29.589] [main/DEBUG] [net.minecraftforge.fml.loading.moddiscovery.ModFileInfo/LOADING]: Found valid mod file sophisticatedstorage-1.20.1-1.5.0.2137.jar with {sophisticatedstorage} mods - versions {1.5.0.2137}
[04Oct2026 19:01:29.589] [main/DEBUG] [net.minecraftforge.fml.loading.moddiscovery.ModFile/LOADING]: Loading mod file /Users/caden/A.Developer/JuniorMC/SERVER/mods/sophisticatedstorage-1.20.1-1.5.0.2137.jar with languages [LanguageSpec[languageName=javafml, acceptedVersions=[47,)]]
[04Oct2026 19:01:29.589] [main/DEBUG] [net.minecraftforge.fml.loading.moddiscovery.ModFileParser/LOADING]: Considering mod file candidate /Users/caden/A.Developer/JuniorMC/SERVER/mods/jei-1.20.1-forge-15.56.0.205.jar
[04Oct2026 19:01:29.589] [main/DEBUG] [net.minecraftforge.fml.loading.moddiscovery.ModFileInfo/LOADING]: Found valid mod file jei-1.20.1-forge-15.56.0.205.jar with {jei} mods - versions {15.56.0.205}
[04Oct2026 19:01:29.590] [main/DEBUG] [net.minecraftforge.fml.loading.moddiscovery.ModFile/LOADING]: Loading mod file /Users/caden/A.Developer/JuniorMC/SERVER/mods/jei-1.20.1-forge-15.56.0.205.jar with languages [LanguageSpec[languageName=javafml, acceptedVersions=[47,)]]
[04Oct2026 19:01:29.590] [main/DEBUG] [net.minecraftforge.fml.loading.moddiscovery.ModFileParser/LOADING]: Considering mod file candidate 
[04Oct2026 19:01:29.590] [main/DEBUG] [net.minecraftforge.fml.loading.moddiscovery.ModFileInfo/LOADING]: Found valid mod file xaerolib-forge-1.20.1-1.7.3.jar with {xaerolib} mods - versions {1.7.3}
[04Oct2026 19:01:29.590] [main/DEBUG] [net.minecraftforge.fml.loading.moddiscovery.ModFile/LOADING]: Loading mod file  with languages [LanguageSpec[languageName=javafml, acceptedVersions=[46,48)]]
[04Oct2026 19:01:29.590] [main/DEBUG] [net.minecraftforge.fml.loading.moddiscovery.ModFileParser/LOADING]: Considering mod file candidate /Users/caden/A.Developer/JuniorMC/SERVER/mods/caelus-forge-3.2.0+1.20.1.jar
[04Oct2026 19:01:29.590] [main/DEBUG] [net.minecraftforge.fml.loading.moddiscovery.ModFileInfo/LOADING]: Found valid mod file caelus-forge-3.2.0+1.20.1.jar with {caelus} mods - versions {3.2.0+1.20.1}
[04Oct2026 19:01:29.590] [main/DEBUG] [net.minecraftforge.fml.loading.moddiscovery.ModFile/LOADING]: Loading mod file /Users/caden/A.Developer/JuniorMC/SERVER/mods/caelus-forge-3.2.0+1.20.1.jar with languages [LanguageSpec[languageName=javafml, acceptedVersions=[46,)]]
[04Oct2026 19:01:29.590] [main/DEBUG] [net.minecraftforge.fml.loading.moddiscovery.ModFileParser/LOADING]: Considering mod file candidate /Users/caden/A.Developer/JuniorMC/SERVER/mods/Clumps-forge-1.20.1-12.0.0.4.jar
[04Oct2026 19:01:29.590] [main/DEBUG] [net.minecraftforge.fml.loading.moddiscovery.ModFileInfo/LOADING]: Found valid mod file Clumps-forge-1.20.1-12.0.0.4.jar with {clumps} mods - versions {12.0.0.4}
[04Oct2026 19:01:29.590] [main/DEBUG] [net.minecraftforge.fml.loading.moddiscovery.ModFile/LOADING]: Loading mod file /Users/caden/A.Developer/JuniorMC/SERVER/mods/Clumps-forge-1.20.1-12.0.0.4.jar with languages [LanguageSpec[languageName=javafml, acceptedVersions=[41,)]]
[04Oct2026 19:01:29.590] [main/DEBUG] [net.minecraftforge.fml.loading.moddiscovery.ModFileParser/LOADING]: Considering mod file candidate /Users/caden/A.Developer/JuniorMC/SERVER/mods/comforts-forge-6.4.0+1.20.1.jar
[04Oct2026 19:01:29.591] [main/DEBUG] [net.minecraftforge.fml.loading.moddiscovery.ModFileInfo/LOADING]: Found valid mod file comforts-forge-6.4.0+1.20.1.jar with {comforts} mods - versions {6.4.0+1.20.1}
[04Oct2026 19:01:29.591] [main/DEBUG] [net.minecraftforge.fml.loading.moddiscovery.ModFile/LOADING]: Loading mod file /Users/caden/A.Developer/JuniorMC/SERVER/mods/comforts-forge-6.4.0+1.20.1.jar with languages [LanguageSpec[languageName=javafml, acceptedVersions=[46,)]]
[04Oct2026 19:01:29.591] [main/DEBUG] [net.minecraftforge.fml.loading.moddiscovery.ModFileParser/LOADING]: Considering mod file candidate /Users/caden/A.Developer/JuniorMC/SERVER/mods/artifacts-forge-9.5.19.jar
[04Oct2026 19:01:29.591] [main/DEBUG] [net.minecraftforge.fml.loading.moddiscovery.ModFileInfo/LOADING]: Found valid mod file artifacts-forge-9.5.19.jar with {artifacts} mods - versions {9.5.19}
[04Oct2026 19:01:29.591] [main/DEBUG] [net.minecraftforge.fml.loading.moddiscovery.ModFile/LOADING]: Loading mod file /Users/caden/A.Developer/JuniorMC/SERVER/mods/artifacts-forge-9.5.19.jar with languages [LanguageSpec[languageName=javafml, acceptedVersions=[47,)]]
[04Oct2026 19:01:29.591] [main/DEBUG] [net.minecraftforge.fml.loading.moddiscovery.ModFileParser/LOADING]: Considering mod file candidate /Users/caden/A.Developer/JuniorMC/SERVER/mods/NaturesCompass-1.20.1-1.12.0-forge.jar
[04Oct2026 19:01:29.591] [main/DEBUG] [net.minecraftforge.fml.loading.moddiscovery.ModFileInfo/LOADING]: Found valid mod file NaturesCompass-1.20.1-1.12.0-forge.jar with {naturescompass} mods - versions {1.20.1-1.12.0-forge}
[04Oct2026 19:01:29.592] [main/DEBUG] [net.minecraftforge.fml.loading.moddiscovery.ModFile/LOADING]: Loading mod file /Users/caden/A.Developer/JuniorMC/SERVER/mods/NaturesCompass-1.20.1-1.12.0-forge.jar with languages [LanguageSpec[languageName=javafml, acceptedVersions=[47,)]]
[04Oct2026 19:01:29.592] [main/DEBUG] [net.minecraftforge.fml.loading.moddiscovery.ModFileParser/LOADING]: Considering mod file candidate /Users/caden/A.Developer/JuniorMC/SERVER/mods/compactmachines-forge-6.0.3.jar
[04Oct2026 19:01:29.592] [main/DEBUG] [net.minecraftforge.fml.loading.moddiscovery.ModFileInfo/LOADING]: Found valid mod file compactmachines-forge-6.0.3.jar with {compactmachines} mods - versions {6.0.3}
[04Oct2026 19:01:29.592] [main/DEBUG] [net.minecraftforge.fml.loading.moddiscovery.ModFile/LOADING]: Loading mod file /Users/caden/A.Developer/JuniorMC/SERVER/mods/compactmachines-forge-6.0.3.jar with languages [LanguageSpec[languageName=javafml, acceptedVersions=[42,)]]
[04Oct2026 19:01:29.592] [main/DEBUG] [net.minecraftforge.fml.loading.moddiscovery.ModFileParser/LOADING]: Considering mod file candidate /Users/caden/A.Developer/JuniorMC/SERVER/mods/BonsaiTrees3-1.20.1-3.3.2.jar
[04Oct2026 19:01:29.592] [main/DEBUG] [net.minecraftforge.fml.loading.moddiscovery.ModFileInfo/LOADING]: Found valid mod file BonsaiTrees3-1.20.1-3.3.2.jar with {bonsaitrees3} mods - versions {3.3.2}
[04Oct2026 19:01:29.592] [main/DEBUG] [net.minecraftforge.fml.loading.moddiscovery.ModFile/LOADING]: Loading mod file /Users/caden/A.Developer/JuniorMC/SERVER/mods/BonsaiTrees3-1.20.1-3.3.2.jar with languages [LanguageSpec[languageName=javafml, acceptedVersions=[47,)]]
[04Oct2026 19:01:29.592] [main/DEBUG] [net.minecraftforge.fml.loading.moddiscovery.ModFileParser/LOADING]: Considering mod file candidate 
[04Oct2026 19:01:29.592] [main/DEBUG] [net.minecraftforge.fml.loading.moddiscovery.ModFileInfo/LOADING]: Found valid mod file midnightlib-1.4.2-forge.jar with {midnightlib} mods - versions {1.4.2}
[04Oct2026 19:01:29.592] [main/DEBUG] [net.minecraftforge.fml.loading.moddiscovery.ModFile/LOADING]: Loading mod file  with languages [LanguageSpec[languageName=javafml, acceptedVersions=[43,)]]
[04Oct2026 19:01:29.592] [main/DEBUG] [net.minecraftforge.fml.loading.moddiscovery.ModFileParser/LOADING]: Considering mod file candidate /Users/caden/A.Developer/JuniorMC/SERVER/mods/ExplorersCompass-1.20.1-1.4.0-forge.jar
[04Oct2026 19:01:29.593] [main/DEBUG] [net.minecraftforge.fml.loading.moddiscovery.ModFileInfo/LOADING]: Found valid mod file ExplorersCompass-1.20.1-1.4.0-forge.jar with {explorerscompass} mods - versions {1.20.1-1.4.0-forge}
[04Oct2026 19:01:29.593] [main/DEBUG] [net.minecraftforge.fml.loading.moddiscovery.ModFile/LOADING]: Loading mod file /Users/caden/A.Developer/JuniorMC/SERVER/mods/ExplorersCompass-1.20.1-1.4.0-forge.jar with languages [LanguageSpec[languageName=javafml, acceptedVersions=[47,)]]
[04Oct2026 19:01:29.593] [main/DEBUG] [net.minecraftforge.fml.loading.moddiscovery.ModFileParser/LOADING]: Considering mod file candidate /Users/caden/A.Developer/JuniorMC/SERVER/mods/Ore Creeper-1.20.1-1.2.1.jar
[04Oct2026 19:01:29.593] [main/DEBUG] [net.minecraftforge.fml.loading.moddiscovery.ModFileInfo/LOADING]: Found valid mod file Ore Creeper-1.20.1-1.2.1.jar with {ore_creeper} mods - versions {1.20.1-1.2.1}
[04Oct2026 19:01:29.593] [main/DEBUG] [net.minecraftforge.fml.loading.moddiscovery.ModFile/LOADING]: Loading mod file /Users/caden/A.Developer/JuniorMC/SERVER/mods/Ore Creeper-1.20.1-1.2.1.jar with languages [LanguageSpec[languageName=javafml, acceptedVersions=[47,)]]
[04Oct2026 19:01:29.593] [main/DEBUG] [net.minecraftforge.fml.loading.moddiscovery.ModFileParser/LOADING]: Considering mod file candidate /Users/caden/A.Developer/JuniorMC/SERVER/mods/ToastControl-1.20.1-8.0.3.jar
[04Oct2026 19:01:29.593] [main/DEBUG] [net.minecraftforge.fml.loading.moddiscovery.ModFileInfo/LOADING]: Found valid mod file ToastControl-1.20.1-8.0.3.jar with {toastcontrol} mods - versions {8.0.3}
[04Oct2026 19:01:29.593] [main/DEBUG] [net.minecraftforge.fml.loading.moddiscovery.ModFile/LOADING]: Loading mod file /Users/caden/A.Developer/JuniorMC/SERVER/mods/ToastControl-1.20.1-8.0.3.jar with languages [LanguageSpec[languageName=javafml, acceptedVersions=[32,)]]
[04Oct2026 19:01:29.594] [main/DEBUG] [net.minecraftforge.fml.loading.moddiscovery.ModFileParser/LOADING]: Considering mod file candidate 
[04Oct2026 19:01:29.594] [main/DEBUG] [net.minecraftforge.fml.loading.moddiscovery.ModFileInfo/LOADING]: Found valid mod file puzzlesaccessapi-forge-20.1.1.jar with {puzzlesaccessapi} mods - versions {20.1.1}
[04Oct2026 19:01:29.594] [main/DEBUG] [net.minecraftforge.fml.loading.moddiscovery.ModFile/LOADING]: Loading mod file  with languages [LanguageSpec[languageName=javafml, acceptedVersions=*]]
[04Oct2026 19:01:29.594] [main/DEBUG] [net.minecraftforge.fml.loading.moddiscovery.ModFileParser/LOADING]: Considering mod file candidate /Users/caden/A.Developer/JuniorMC/SERVER/libraries/net/minecraftforge/forge/1.20.1-47.4.10/forge-1.20.1-47.4.10-universal.jar
[04Oct2026 19:01:29.594] [main/DEBUG] [net.minecraftforge.fml.loading.moddiscovery.ModFileInfo/LOADING]: Found valid mod file forge-1.20.1-47.4.10-universal.jar with {forge} mods - versions {47.4.10}
[04Oct2026 19:01:29.594] [main/DEBUG] [net.minecraftforge.fml.loading.moddiscovery.ModFile/LOADING]: Loading mod file /Users/caden/A.Developer/JuniorMC/SERVER/libraries/net/minecraftforge/forge/1.20.1-47.4.10/forge-1.20.1-47.4.10-universal.jar with languages [LanguageSpec[languageName=javafml, acceptedVersions=[24,]]]
[04Oct2026 19:01:29.594] [main/DEBUG] [net.minecraftforge.fml.loading.moddiscovery.ModFileParser/LOADING]: Found coremod field_to_method with Javascript path coremods/field_to_method.js
[04Oct2026 19:01:29.594] [main/DEBUG] [net.minecraftforge.fml.loading.moddiscovery.ModFileParser/LOADING]: Found coremod field_to_instanceof with Javascript path coremods/field_to_instanceof.js
[04Oct2026 19:01:29.594] [main/DEBUG] [net.minecraftforge.fml.loading.moddiscovery.ModFileParser/LOADING]: Found coremod add_bouncer_method with Javascript path coremods/add_bouncer_method.js
[04Oct2026 19:01:29.594] [main/DEBUG] [net.minecraftforge.fml.loading.moddiscovery.ModFileParser/LOADING]: Found coremod method_redirector with Javascript path coremods/method_redirector.js
[04Oct2026 19:01:29.594] [main/DEBUG] [net.minecraftforge.fml.loading.moddiscovery.ModFile/LOADING]: Found coremod coremods/field_to_method.js
[04Oct2026 19:01:29.594] [main/DEBUG] [net.minecraftforge.fml.loading.moddiscovery.ModFile/LOADING]: Found coremod coremods/field_to_instanceof.js
[04Oct2026 19:01:29.594] [main/DEBUG] [net.minecraftforge.fml.loading.moddiscovery.ModFile/LOADING]: Found coremod coremods/add_bouncer_method.js
[04Oct2026 19:01:29.594] [main/DEBUG] [net.minecraftforge.fml.loading.moddiscovery.ModFile/LOADING]: Found coremod coremods/method_redirector.js
[04Oct2026 19:01:29.594] [main/DEBUG] [net.minecraftforge.fml.loading.moddiscovery.ModFileParser/LOADING]: Considering mod file candidate /Users/caden/A.Developer/JuniorMC/SERVER/mods/ironchest-1.20.1-14.4.4.jar
[04Oct2026 19:01:29.595] [main/DEBUG] [net.minecraftforge.fml.loading.moddiscovery.ModFileInfo/LOADING]: Found valid mod file ironchest-1.20.1-14.4.4.jar with {ironchest} mods - versions {1.20.1-14.4.4}
[04Oct2026 19:01:29.595] [main/DEBUG] [net.minecraftforge.fml.loading.moddiscovery.ModFile/LOADING]: Loading mod file /Users/caden/A.Developer/JuniorMC/SERVER/mods/ironchest-1.20.1-14.4.4.jar with languages [LanguageSpec[languageName=javafml, acceptedVersions=[47,)]]
[04Oct2026 19:01:29.595] [main/DEBUG] [net.minecraftforge.fml.loading.moddiscovery.ModFileParser/LOADING]: Considering mod file candidate /Users/caden/A.Developer/JuniorMC/SERVER/mods/MysticalAgriculture-1.20.1-7.0.24.jar
[04Oct2026 19:01:29.595] [main/DEBUG] [net.minecraftforge.fml.loading.moddiscovery.ModFileInfo/LOADING]: Found valid mod file MysticalAgriculture-1.20.1-7.0.24.jar with {mysticalagriculture} mods - versions {7.0.24}
[04Oct2026 19:01:29.595] [main/DEBUG] [net.minecraftforge.fml.loading.moddiscovery.ModFile/LOADING]: Loading mod file /Users/caden/A.Developer/JuniorMC/SERVER/mods/MysticalAgriculture-1.20.1-7.0.24.jar with languages [LanguageSpec[languageName=javafml, acceptedVersions=[47,)]]
[04Oct2026 19:01:29.595] [main/DEBUG] [net.minecraftforge.fml.loading.moddiscovery.ModFileInfo/LOADING]: Found valid mod file server-1.20.1-20230612.114412-srg.jar with {minecraft} mods - versions {1.20.1}
[04Oct2026 19:01:29.595] [main/DEBUG] [net.minecraftforge.fml.loading.moddiscovery.ModFile/LOADING]: Loading mod file /Users/caden/A.Developer/JuniorMC/SERVER/libraries/net/minecraft/server/1.20.1-20230612.114412/server-1.20.1-20230612.114412-srg.jar with languages [LanguageSpec[languageName=minecraft, acceptedVersions=1]]
[04Oct2026 19:01:29.595] [main/DEBUG] [net.minecraftforge.fml.loading.moddiscovery.ModFileParser/LOADING]: Considering mod file candidate /Users/caden/A.Developer/JuniorMC/SERVER/mods/EnchantmentDescriptions-Forge-1.20.1-17.1.21.jar
[04Oct2026 19:01:29.595] [main/DEBUG] [net.minecraftforge.fml.loading.moddiscovery.ModFileInfo/LOADING]: Found valid mod file EnchantmentDescriptions-Forge-1.20.1-17.1.21.jar with {enchdesc} mods - versions {17.1.21}
[04Oct2026 19:01:29.596] [main/DEBUG] [net.minecraftforge.fml.loading.moddiscovery.ModFile/LOADING]: Loading mod file /Users/caden/A.Developer/JuniorMC/SERVER/mods/EnchantmentDescriptions-Forge-1.20.1-17.1.21.jar with languages [LanguageSpec[languageName=javafml, acceptedVersions=[47,)]]
[04Oct2026 19:01:29.596] [main/DEBUG] [net.minecraftforge.fml.loading.moddiscovery.ModFileParser/LOADING]: Considering mod file candidate /Users/caden/A.Developer/JuniorMC/SERVER/mods/MouseTweaks-forge-mc1.20.1-2.25.1.jar
[04Oct2026 19:01:29.596] [main/DEBUG] [net.minecraftforge.fml.loading.moddiscovery.ModFileInfo/LOADING]: Found valid mod file MouseTweaks-forge-mc1.20.1-2.25.1.jar with {mousetweaks} mods - versions {2.25.1}
[04Oct2026 19:01:29.596] [main/DEBUG] [net.minecraftforge.fml.loading.moddiscovery.ModFile/LOADING]: Loading mod file /Users/caden/A.Developer/JuniorMC/SERVER/mods/MouseTweaks-forge-mc1.20.1-2.25.1.jar with languages [LanguageSpec[languageName=javafml, acceptedVersions=[46,)]]
[04Oct2026 19:01:29.596] [main/DEBUG] [net.minecraftforge.fml.loading.moddiscovery.ModFileParser/LOADING]: Considering mod file candidate /Users/caden/A.Developer/JuniorMC/SERVER/mods/Jade-1.20.1-Forge-11.13.3.jar
[04Oct2026 19:01:29.596] [main/DEBUG] [net.minecraftforge.fml.loading.moddiscovery.ModFileInfo/LOADING]: Found valid mod file Jade-1.20.1-Forge-11.13.3.jar with {jade} mods - versions {11.13.3+forge}
[04Oct2026 19:01:29.596] [main/DEBUG] [net.minecraftforge.fml.loading.moddiscovery.ModFile/LOADING]: Loading mod file /Users/caden/A.Developer/JuniorMC/SERVER/mods/Jade-1.20.1-Forge-11.13.3.jar with languages [LanguageSpec[languageName=javafml, acceptedVersions=[46,)]]
[04Oct2026 19:01:29.596] [main/DEBUG] [net.minecraftforge.fml.loading.moddiscovery.ModFileParser/LOADING]: Considering mod file candidate /Users/caden/A.Developer/JuniorMC/SERVER/mods/justenoughbreeding-forge-1.20.1-3.1.1.jar
[04Oct2026 19:01:29.596] [main/DEBUG] [net.minecraftforge.fml.loading.moddiscovery.ModFileInfo/LOADING]: Found valid mod file justenoughbreeding-forge-1.20.1-3.1.1.jar with {justenoughbreeding} mods - versions {3.1.1}
[04Oct2026 19:01:29.596] [main/DEBUG] [net.minecraftforge.fml.loading.moddiscovery.ModFile/LOADING]: Loading mod file /Users/caden/A.Developer/JuniorMC/SERVER/mods/justenoughbreeding-forge-1.20.1-3.1.1.jar with languages [LanguageSpec[languageName=javafml, acceptedVersions=[47,)]]
[04Oct2026 19:01:29.596] [main/DEBUG] [net.minecraftforge.fml.loading.moddiscovery.ModFileParser/LOADING]: Considering mod file candidate 
[04Oct2026 19:01:29.597] [main/DEBUG] [net.minecraftforge.fml.loading.moddiscovery.ModFileInfo/LOADING]: Found valid mod file spectrelib-forge-0.13.15+1.20.1.jar with {spectrelib} mods - versions {0.13.15+1.20.1}
[04Oct2026 19:01:29.597] [main/DEBUG] [net.minecraftforge.fml.loading.moddiscovery.ModFile/LOADING]: Loading mod file  with languages [LanguageSpec[languageName=javafml, acceptedVersions=[41,)]]
[04Oct2026 19:01:29.597] [main/DEBUG] [net.minecraftforge.fml.loading.moddiscovery.ModFileParser/LOADING]: Considering mod file candidate /Users/caden/A.Developer/JuniorMC/SERVER/mods/AdLods-1.20.1-8.1.12.0-build.2294.jar
[04Oct2026 19:01:29.597] [main/DEBUG] [net.minecraftforge.fml.loading.moddiscovery.ModFileInfo/LOADING]: Found valid mod file AdLods-1.20.1-8.1.12.0-build.2294.jar with {adlods} mods - versions {8.1.12.0}
[04Oct2026 19:01:29.597] [main/DEBUG] [net.minecraftforge.fml.loading.moddiscovery.ModFile/LOADING]: Loading mod file /Users/caden/A.Developer/JuniorMC/SERVER/mods/AdLods-1.20.1-8.1.12.0-build.2294.jar with languages [LanguageSpec[languageName=javafml, acceptedVersions=[47,)]]
[04Oct2026 19:01:29.597] [main/DEBUG] [net.minecraftforge.fml.loading.moddiscovery.ModFileParser/LOADING]: Considering mod file candidate /Users/caden/A.Developer/JuniorMC/SERVER/mods/cleanswing-1.20-1.8.jar
[04Oct2026 19:01:29.597] [main/DEBUG] [net.minecraftforge.fml.loading.moddiscovery.ModFileInfo/LOADING]: Found valid mod file cleanswing-1.20-1.8.jar with {cleanswing} mods - versions {1.8}
[04Oct2026 19:01:29.597] [main/DEBUG] [net.minecraftforge.fml.loading.moddiscovery.ModFile/LOADING]: Loading mod file /Users/caden/A.Developer/JuniorMC/SERVER/mods/cleanswing-1.20-1.8.jar with languages [LanguageSpec[languageName=javafml, acceptedVersions=[36,)]]
[04Oct2026 19:01:29.597] [main/DEBUG] [net.minecraftforge.fml.loading.moddiscovery.ModFileParser/LOADING]: Considering mod file candidate /Users/caden/A.Developer/JuniorMC/SERVER/mods/nethersdelight-1.20.1-4.0.jar
[04Oct2026 19:01:29.597] [main/DEBUG] [net.minecraftforge.fml.loading.moddiscovery.ModFileInfo/LOADING]: Found valid mod file nethersdelight-1.20.1-4.0.jar with {nethersdelight} mods - versions {1.20.1-4.0}
[04Oct2026 19:01:29.598] [main/DEBUG] [net.minecraftforge.fml.loading.moddiscovery.ModFile/LOADING]: Loading mod file /Users/caden/A.Developer/JuniorMC/SERVER/mods/nethersdelight-1.20.1-4.0.jar with languages [LanguageSpec[languageName=javafml, acceptedVersions=[47,)]]
[04Oct2026 19:01:29.598] [main/DEBUG] [net.minecraftforge.fml.loading.moddiscovery.ModFileParser/LOADING]: Considering mod file candidate /Users/caden/A.Developer/JuniorMC/SERVER/mods/domum_ornamentum-1.20.1-1.0.296-universal.jar
[04Oct2026 19:01:29.598] [main/DEBUG] [net.minecraftforge.fml.loading.moddiscovery.ModFileInfo/LOADING]: Found valid mod file domum_ornamentum-1.20.1-1.0.296-universal.jar with {domum_ornamentum} mods - versions {1.20.1-1.0.296}
[04Oct2026 19:01:29.598] [main/DEBUG] [net.minecraftforge.fml.loading.moddiscovery.ModFile/LOADING]: Loading mod file /Users/caden/A.Developer/JuniorMC/SERVER/mods/domum_ornamentum-1.20.1-1.0.296-universal.jar with languages [LanguageSpec[languageName=javafml, acceptedVersions=[28,)]]
[04Oct2026 19:01:29.598] [main/DEBUG] [net.minecraftforge.fml.loading.moddiscovery.ModFileParser/LOADING]: Considering mod file candidate /Users/caden/A.Developer/JuniorMC/SERVER/mods/easy-villagers-forge-1.20.1-1.1.23.jar
[04Oct2026 19:01:29.598] [main/DEBUG] [net.minecraftforge.fml.loading.moddiscovery.ModFileInfo/LOADING]: Found valid mod file easy-villagers-forge-1.20.1-1.1.23.jar with {easy_villagers} mods - versions {1.20.1-1.1.23}
[04Oct2026 19:01:29.598] [main/DEBUG] [net.minecraftforge.fml.loading.moddiscovery.ModFile/LOADING]: Loading mod file /Users/caden/A.Developer/JuniorMC/SERVER/mods/easy-villagers-forge-1.20.1-1.1.23.jar with languages [LanguageSpec[languageName=javafml, acceptedVersions=*]]
[04Oct2026 19:01:29.598] [main/DEBUG] [net.minecraftforge.fml.loading.moddiscovery.ModFileParser/LOADING]: Considering mod file candidate /Users/caden/A.Developer/JuniorMC/SERVER/mods/Iceberg-1.20.1-forge-1.1.25.jar
[04Oct2026 19:01:29.598] [main/DEBUG] [net.minecraftforge.fml.loading.moddiscovery.ModFileInfo/LOADING]: Found valid mod file Iceberg-1.20.1-forge-1.1.25.jar with {iceberg} mods - versions {1.1.25}
[04Oct2026 19:01:29.598] [main/DEBUG] [net.minecraftforge.fml.loading.moddiscovery.ModFile/LOADING]: Loading mod file /Users/caden/A.Developer/JuniorMC/SERVER/mods/Iceberg-1.20.1-forge-1.1.25.jar with languages [LanguageSpec[languageName=javafml, acceptedVersions=[47,)]]
[04Oct2026 19:01:29.598] [main/DEBUG] [net.minecraftforge.fml.loading.moddiscovery.ModFileParser/LOADING]: Considering mod file candidate /Users/caden/A.Developer/JuniorMC/SERVER/mods/xaerominimap-forge-1.20.1-26.5.0.jar
[04Oct2026 19:01:29.599] [main/DEBUG] [net.minecraftforge.fml.loading.moddiscovery.ModFileInfo/LOADING]: Found valid mod file xaerominimap-forge-1.20.1-26.5.0.jar with {xaerominimap} mods - versions {26.5.0}
[04Oct2026 19:01:29.599] [main/DEBUG] [net.minecraftforge.fml.loading.moddiscovery.ModFile/LOADING]: Loading mod file /Users/caden/A.Developer/JuniorMC/SERVER/mods/xaerominimap-forge-1.20.1-26.5.0.jar with languages [LanguageSpec[languageName=javafml, acceptedVersions=[46,48)]]
[04Oct2026 19:01:29.599] [main/DEBUG] [net.minecraftforge.fml.loading.moddiscovery.ModFileParser/LOADING]: Found coremod xaerohud_core with Javascript path META-INF/xaerohud_core.js
[04Oct2026 19:01:29.599] [main/DEBUG] [net.minecraftforge.fml.loading.moddiscovery.ModFile/LOADING]: Found coremod META-INF/xaerohud_core.js
[04Oct2026 19:01:29.599] [main/DEBUG] [net.minecraftforge.fml.loading.moddiscovery.ModFileParser/LOADING]: Considering mod file candidate /Users/caden/A.Developer/JuniorMC/SERVER/mods/JustEnoughProfessions-forge-1.20.1-3.0.1.jar
[04Oct2026 19:01:29.599] [main/DEBUG] [net.minecraftforge.fml.loading.moddiscovery.ModFileInfo/LOADING]: Found valid mod file JustEnoughProfessions-forge-1.20.1-3.0.1.jar with {justenoughprofessions} mods - versions {3.0.1}
[04Oct2026 19:01:29.599] [main/DEBUG] [net.minecraftforge.fml.loading.moddiscovery.ModFile/LOADING]: Loading mod file /Users/caden/A.Developer/JuniorMC/SERVER/mods/JustEnoughProfessions-forge-1.20.1-3.0.1.jar with languages [LanguageSpec[languageName=javafml, acceptedVersions=[47,)]]
[04Oct2026 19:01:29.599] [main/DEBUG] [net.minecraftforge.fml.loading.moddiscovery.ModFileParser/LOADING]: Considering mod file candidate /Users/caden/A.Developer/JuniorMC/SERVER/mods/almostunified-forge-1.20.1-0.11.0.jar
[04Oct2026 19:01:29.599] [main/DEBUG] [net.minecraftforge.fml.loading.moddiscovery.ModFileInfo/LOADING]: Found valid mod file almostunified-forge-1.20.1-0.11.0.jar with {almostunified} mods - versions {1.20.1-0.11.0}
[04Oct2026 19:01:29.599] [main/DEBUG] [net.minecraftforge.fml.loading.moddiscovery.ModFile/LOADING]: Loading mod file /Users/caden/A.Developer/JuniorMC/SERVER/mods/almostunified-forge-1.20.1-0.11.0.jar with languages [LanguageSpec[languageName=javafml, acceptedVersions=[47,)]]
[04Oct2026 19:01:29.599] [main/DEBUG] [net.minecraftforge.fml.loading.moddiscovery.ModFileParser/LOADING]: Considering mod file candidate /Users/caden/A.Developer/JuniorMC/SERVER/mods/buildinggadgets2-1.0.8.jar
[04Oct2026 19:01:29.600] [main/DEBUG] [net.minecraftforge.fml.loading.moddiscovery.ModFileInfo/LOADING]: Found valid mod file buildinggadgets2-1.0.8.jar with {buildinggadgets2} mods - versions {1.0.8}
[04Oct2026 19:01:29.600] [main/DEBUG] [net.minecraftforge.fml.loading.moddiscovery.ModFile/LOADING]: Loading mod file /Users/caden/A.Developer/JuniorMC/SERVER/mods/buildinggadgets2-1.0.8.jar with languages [LanguageSpec[languageName=javafml, acceptedVersions=[43,)]]
[04Oct2026 19:01:29.600] [main/DEBUG] [net.minecraftforge.fml.loading.moddiscovery.ModFileParser/LOADING]: Considering mod file candidate /Users/caden/A.Developer/JuniorMC/SERVER/mods/appleskin-forge-mc1.20.1-2.5.1.jar
[04Oct2026 19:01:29.601] [main/DEBUG] [net.minecraftforge.fml.loading.moddiscovery.ModFileInfo/LOADING]: Found valid mod file appleskin-forge-mc1.20.1-2.5.1.jar with {appleskin} mods - versions {2.5.1+mc1.20.1}
[04Oct2026 19:01:29.601] [main/DEBUG] [net.minecraftforge.fml.loading.moddiscovery.ModFile/LOADING]: Loading mod file /Users/caden/A.Developer/JuniorMC/SERVER/mods/appleskin-forge-mc1.20.1-2.5.1.jar with languages [LanguageSpec[languageName=javafml, acceptedVersions=[47,)]]
[04Oct2026 19:01:29.601] [main/DEBUG] [net.minecraftforge.fml.loading.moddiscovery.ModFileParser/LOADING]: Considering mod file candidate /Users/caden/A.Developer/JuniorMC/SERVER/mods/ferritecore-6.0.1-forge.jar
[04Oct2026 19:01:29.601] [main/DEBUG] [net.minecraftforge.fml.loading.moddiscovery.ModFileInfo/LOADING]: Found valid mod file ferritecore-6.0.1-forge.jar with {ferritecore} mods - versions {6.0.1}
[04Oct2026 19:01:29.601] [main/DEBUG] [net.minecraftforge.fml.loading.moddiscovery.ModFile/LOADING]: Loading mod file /Users/caden/A.Developer/JuniorMC/SERVER/mods/ferritecore-6.0.1-forge.jar with languages [LanguageSpec[languageName=javafml, acceptedVersions=[28,)]]
[04Oct2026 19:01:29.601] [main/DEBUG] [net.minecraftforge.fml.loading.moddiscovery.ModFileParser/LOADING]: Considering mod file candidate /Users/caden/A.Developer/JuniorMC/SERVER/mods/lootr-forge-1.20-0.7.35.94.jar
[04Oct2026 19:01:29.602] [main/DEBUG] [net.minecraftforge.fml.loading.moddiscovery.ModFileInfo/LOADING]: Found valid mod file lootr-forge-1.20-0.7.35.94.jar with {lootr} mods - versions {0.7.35.94}
[04Oct2026 19:01:29.602] [main/DEBUG] [net.minecraftforge.fml.loading.moddiscovery.ModFile/LOADING]: Loading mod file /Users/caden/A.Developer/JuniorMC/SERVER/mods/lootr-forge-1.20-0.7.35.94.jar with languages [LanguageSpec[languageName=javafml, acceptedVersions=[44,)]]
[04Oct2026 19:01:29.602] [main/DEBUG] [net.minecraftforge.fml.loading.moddiscovery.ModFileParser/LOADING]: Considering mod file candidate /Users/caden/A.Developer/JuniorMC/SERVER/mods/PuzzlesLib-v8.1.33-1.20.1-Forge.jar
[04Oct2026 19:01:29.602] [main/DEBUG] [net.minecraftforge.fml.loading.moddiscovery.ModFileInfo/LOADING]: Found valid mod file PuzzlesLib-v8.1.33-1.20.1-Forge.jar with {puzzleslib} mods - versions {8.1.33}
[04Oct2026 19:01:29.602] [main/DEBUG] [net.minecraftforge.fml.loading.moddiscovery.ModFile/LOADING]: Loading mod file /Users/caden/A.Developer/JuniorMC/SERVER/mods/PuzzlesLib-v8.1.33-1.20.1-Forge.jar with languages [LanguageSpec[languageName=javafml, acceptedVersions=[47,)]]
[04Oct2026 19:01:29.602] [main/DEBUG] [net.minecraftforge.fml.loading.moddiscovery.ModFileParser/LOADING]: Considering mod file candidate /Users/caden/A.Developer/JuniorMC/SERVER/mods/BetterF3-7.0.2-Forge-1.20.1.jar
[04Oct2026 19:01:29.602] [main/DEBUG] [net.minecraftforge.fml.loading.moddiscovery.ModFileInfo/LOADING]: Found valid mod file BetterF3-7.0.2-Forge-1.20.1.jar with {betterf3} mods - versions {7.0.2}
[04Oct2026 19:01:29.602] [main/DEBUG] [net.minecraftforge.fml.loading.moddiscovery.ModFile/LOADING]: Loading mod file /Users/caden/A.Developer/JuniorMC/SERVER/mods/BetterF3-7.0.2-Forge-1.20.1.jar with languages [LanguageSpec[languageName=javafml, acceptedVersions=[41,)]]
[04Oct2026 19:01:29.602] [main/DEBUG] [net.minecraftforge.fml.loading.moddiscovery.ModFileParser/LOADING]: Considering mod file candidate /Users/caden/A.Developer/JuniorMC/SERVER/mods/charmofundying-forge-6.5.0+1.20.1.jar
[04Oct2026 19:01:29.603] [main/DEBUG] [net.minecraftforge.fml.loading.moddiscovery.ModFileInfo/LOADING]: Found valid mod file charmofundying-forge-6.5.0+1.20.1.jar with {charmofundying} mods - versions {6.5.0+1.20.1}
[04Oct2026 19:01:29.603] [main/DEBUG] [net.minecraftforge.fml.loading.moddiscovery.ModFile/LOADING]: Loading mod file /Users/caden/A.Developer/JuniorMC/SERVER/mods/charmofundying-forge-6.5.0+1.20.1.jar with languages [LanguageSpec[languageName=javafml, acceptedVersions=[41,)]]
[04Oct2026 19:01:29.603] [main/DEBUG] [net.minecraftforge.fml.loading.moddiscovery.ModFileParser/LOADING]: Considering mod file candidate /Users/caden/A.Developer/JuniorMC/SERVER/mods/justzoom_forge_3.0.1_MC_1.20.1.jar
[04Oct2026 19:01:29.603] [main/DEBUG] [net.minecraftforge.fml.loading.moddiscovery.ModFileInfo/LOADING]: Found valid mod file justzoom_forge_3.0.1_MC_1.20.1.jar with {justzoom} mods - versions {3.0.1}
[04Oct2026 19:01:29.603] [main/DEBUG] [net.minecraftforge.fml.loading.moddiscovery.ModFile/LOADING]: Loading mod file /Users/caden/A.Developer/JuniorMC/SERVER/mods/justzoom_forge_3.0.1_MC_1.20.1.jar with languages [LanguageSpec[languageName=javafml, acceptedVersions=[47,)]]
[04Oct2026 19:01:29.603] [main/DEBUG] [net.minecraftforge.fml.loading.moddiscovery.ModFileParser/LOADING]: Considering mod file candidate 
[04Oct2026 19:01:29.603] [main/DEBUG] [net.minecraftforge.fml.loading.moddiscovery.ModFileInfo/LOADING]: Found valid mod file expandability-forge-9.0.4.jar with {expandability} mods - versions {9.0.4}
[04Oct2026 19:01:29.603] [main/DEBUG] [net.minecraftforge.fml.loading.moddiscovery.ModFile/LOADING]: Loading mod file  with languages [LanguageSpec[languageName=javafml, acceptedVersions=[46,)]]
[04Oct2026 19:01:29.603] [main/DEBUG] [net.minecraftforge.fml.loading.moddiscovery.ModFileParser/LOADING]: Considering mod file candidate /Users/caden/A.Developer/JuniorMC/SERVER/mods/ad_astra-forge-1.20.1-1.15.21.jar
[04Oct2026 19:01:29.604] [main/DEBUG] [net.minecraftforge.fml.loading.moddiscovery.ModFileInfo/LOADING]: Found valid mod file ad_astra-forge-1.20.1-1.15.21.jar with {ad_astra} mods - versions {1.15.21}
[04Oct2026 19:01:29.604] [main/DEBUG] [net.minecraftforge.fml.loading.moddiscovery.ModFile/LOADING]: Loading mod file /Users/caden/A.Developer/JuniorMC/SERVER/mods/ad_astra-forge-1.20.1-1.15.21.jar with languages [LanguageSpec[languageName=javafml, acceptedVersions=[47,)]]
[04Oct2026 19:01:29.604] [main/DEBUG] [net.minecraftforge.fml.loading.moddiscovery.ModFileParser/LOADING]: Considering mod file candidate 
[04Oct2026 19:01:29.604] [main/DEBUG] [net.minecraftforge.fml.loading.moddiscovery.ModFileInfo/LOADING]: Found valid mod file mixinextras-forge-0.4.1.jar with {mixinextras} mods - versions {0.4.1}
[04Oct2026 19:01:29.604] [main/DEBUG] [net.minecraftforge.fml.loading.moddiscovery.ModFile/LOADING]: Loading mod file  with languages [LanguageSpec[languageName=javafml, acceptedVersions=*]]
[04Oct2026 19:01:29.604] [main/DEBUG] [net.minecraftforge.fml.loading.moddiscovery.ModFile/LOADING]: Loading mod file  with languages []
[04Oct2026 19:01:29.604] [main/DEBUG] [net.minecraftforge.fml.loading.moddiscovery.ModFile/LOADING]: Loading mod file  with languages []
[04Oct2026 19:01:29.604] [main/DEBUG] [net.minecraftforge.fml.loading.moddiscovery.ModFile/LOADING]: Loading mod file  with languages []
[04Oct2026 19:01:29.604] [main/DEBUG] [net.minecraftforge.fml.loading.moddiscovery.ModFile/LOADING]: Loading mod file  with languages []
[04Oct2026 19:01:29.604] [main/DEBUG] [net.minecraftforge.fml.loading.moddiscovery.ModFile/LOADING]: Loading mod file  with languages []
[04Oct2026 19:01:29.604] [main/DEBUG] [net.minecraftforge.fml.loading.moddiscovery.ModFile/LOADING]: Loading mod file  with languages []
[04Oct2026 19:01:29.604] [main/DEBUG] [net.minecraftforge.fml.loading.moddiscovery.ModFile/LOADING]: Loading mod file  with languages []
[04Oct2026 19:01:29.604] [main/DEBUG] [net.minecraftforge.fml.loading.moddiscovery.ModFile/LOADING]: Loading mod file  with languages []
[04Oct2026 19:01:29.604] [main/DEBUG] [net.minecraftforge.fml.loading.moddiscovery.ModFileParser/LOADING]: Considering mod file candidate 
[04Oct2026 19:01:29.604] [main/DEBUG] [net.minecraftforge.fml.loading.moddiscovery.ModFileInfo/LOADING]: Found valid mod file mixinsquared-forge-0.1.2-beta.6.jar with {mixinsquared} mods - versions {0.1.2-beta.6}
[04Oct2026 19:01:29.605] [main/DEBUG] [net.minecraftforge.fml.loading.moddiscovery.ModFile/LOADING]: Loading mod file  with languages [LanguageSpec[languageName=javafml, acceptedVersions=*]]
[04Oct2026 19:01:29.605] [main/DEBUG] [net.minecraftforge.fml.loading.moddiscovery.ModFile/LOADING]: Loading mod file  with languages []
[04Oct2026 19:01:29.605] [main/DEBUG] [net.minecraftforge.fml.loading.moddiscovery.ModFile/LOADING]: Loading mod file  with languages []
[04Oct2026 19:01:29.605] [main/DEBUG] [net.minecraftforge.fml.loading.moddiscovery.ModFileParser/LOADING]: Considering mod file candidate 
[04Oct2026 19:01:29.605] [main/DEBUG] [net.minecraftforge.fml.loading.moddiscovery.ModFileInfo/LOADING]: Found valid mod file mixinextras-forge-0.4.1.jar with {mixinextras} mods - versions {0.4.1}
[04Oct2026 19:01:29.605] [main/DEBUG] [net.minecraftforge.fml.loading.moddiscovery.ModFile/LOADING]: Loading mod file  with languages [LanguageSpec[languageName=javafml, acceptedVersions=*]]
[04Oct2026 19:01:29.605] [main/DEBUG] [net.minecraftforge.fml.loading.moddiscovery.ModFile/LOADING]: Loading mod file  with languages []
[04Oct2026 19:01:29.605] [main/DEBUG] [net.minecraftforge.fml.loading.moddiscovery.ModFile/LOADING]: Loading mod file  with languages []
[04Oct2026 19:01:29.605] [main/DEBUG] [net.minecraftforge.fml.loading.moddiscovery.ModFile/LOADING]: Loading mod file  with languages []
[04Oct2026 19:01:29.605] [main/DEBUG] [net.minecraftforge.fml.loading.moddiscovery.ModFile/LOADING]: Loading mod file  with languages []
[04Oct2026 19:01:29.605] [main/DEBUG] [net.minecraftforge.fml.loading.moddiscovery.ModFile/LOADING]: Loading mod file  with languages []
[04Oct2026 19:01:29.605] [main/DEBUG] [net.minecraftforge.fml.loading.moddiscovery.ModFile/LOADING]: Loading mod file  with languages []
[04Oct2026 19:01:29.605] [main/DEBUG] [net.minecraftforge.fml.loading.moddiscovery.ModFile/LOADING]: Loading mod file  with languages []
[04Oct2026 19:01:29.605] [main/DEBUG] [net.minecraftforge.fml.loading.moddiscovery.ModFile/LOADING]: Loading mod file  with languages []
[04Oct2026 19:01:29.605] [main/DEBUG] [net.minecraftforge.fml.loading.moddiscovery.ModFileParser/LOADING]: Considering mod file candidate 
[04Oct2026 19:01:29.605] [main/DEBUG] [net.minecraftforge.fml.loading.moddiscovery.ModFileInfo/LOADING]: Found valid mod file mixinsquared-forge-0.1.2-beta.6.jar with {mixinsquared} mods - versions {0.1.2-beta.6}
[04Oct2026 19:01:29.605] [main/DEBUG] [net.minecraftforge.fml.loading.moddiscovery.ModFile/LOADING]: Loading mod file  with languages [LanguageSpec[languageName=javafml, acceptedVersions=*]]
[04Oct2026 19:01:29.605] [main/DEBUG] [net.minecraftforge.fml.loading.moddiscovery.ModFile/LOADING]: Loading mod file  with languages []
[04Oct2026 19:01:29.605] [main/DEBUG] [net.minecraftforge.fml.loading.moddiscovery.ModFile/LOADING]: Loading mod file  with languages []
[04Oct2026 19:01:29.606] [main/DEBUG] [cpw.mods.modlauncher.TransformationServiceDecorator/MODLAUNCHER]: End scan trigger - transformation service fml
[04Oct2026 19:01:29.615] [main/DEBUG] [net.minecraftforge.fml.loading.LanguageLoadingProvider/CORE]: Found 3 language providers
[04Oct2026 19:01:29.615] [main/DEBUG] [net.minecraftforge.fml.loading.LanguageLoadingProvider/CORE]: Found language provider minecraft, version 1.0
[04Oct2026 19:01:29.616] [main/DEBUG] [net.minecraftforge.fml.loading.LanguageLoadingProvider/CORE]: Found language provider lowcodefml, version 47
[04Oct2026 19:01:29.616] [main/DEBUG] [net.minecraftforge.fml.loading.LanguageLoadingProvider/CORE]: Found language provider javafml, version 47
[04Oct2026 19:01:29.620] [main/DEBUG] [net.minecraftforge.fml.loading.UniqueModListBuilder/]: Found 2 mods for first modid mixinextras, selecting most recent based on version data
[04Oct2026 19:01:29.620] [main/DEBUG] [net.minecraftforge.fml.loading.UniqueModListBuilder/]: Selected file mixinextras-forge-0.4.1.jar for modid mixinextras with version 0.4.1
[04Oct2026 19:01:29.620] [main/DEBUG] [net.minecraftforge.fml.loading.UniqueModListBuilder/]: Found 2 mods for first modid gandercore, selecting most recent based on version data
[04Oct2026 19:01:29.620] [main/DEBUG] [net.minecraftforge.fml.loading.UniqueModListBuilder/]: Selected file core-0.1.9.jar for modid gandercore with version 0.0NONE
[04Oct2026 19:01:29.621] [main/DEBUG] [net.minecraftforge.fml.loading.UniqueModListBuilder/]: Found 2 mods for first modid jlayer, selecting most recent based on version data
[04Oct2026 19:01:29.621] [main/DEBUG] [net.minecraftforge.fml.loading.UniqueModListBuilder/]: Selected file jlayer-1.0.1.jar for modid jlayer with version 0.0NONE
[04Oct2026 19:01:29.621] [main/DEBUG] [net.minecraftforge.fml.loading.UniqueModListBuilder/]: Found 2 mods for first modid ganderui, selecting most recent based on version data
[04Oct2026 19:01:29.621] [main/DEBUG] [net.minecraftforge.fml.loading.UniqueModListBuilder/]: Selected file ui-0.1.9.jar for modid ganderui with version 0.0NONE
[04Oct2026 19:01:29.621] [main/DEBUG] [net.minecraftforge.fml.loading.UniqueModListBuilder/]: Found 2 mods for first modid jnanoid, selecting most recent based on version data
[04Oct2026 19:01:29.621] [main/DEBUG] [net.minecraftforge.fml.loading.UniqueModListBuilder/]: Selected file jnanoid-2.0.0.jar for modid jnanoid with version 0.0NONE
[04Oct2026 19:01:29.621] [main/DEBUG] [net.minecraftforge.fml.loading.UniqueModListBuilder/]: Found 2 mods for first modid MixinSquared.beta._6, selecting most recent based on version data
[04Oct2026 19:01:29.621] [main/DEBUG] [net.minecraftforge.fml.loading.UniqueModListBuilder/]: Selected file MixinSquared-0.1.2-beta.6.jar for modid MixinSquared.beta._6 with version 0.0NONE
[04Oct2026 19:01:29.621] [main/DEBUG] [net.minecraftforge.fml.loading.UniqueModListBuilder/]: Found 2 mods for first modid yabn, selecting most recent based on version data
[04Oct2026 19:01:29.621] [main/DEBUG] [net.minecraftforge.fml.loading.UniqueModListBuilder/]: Selected file yabn-1.0.3.jar for modid yabn with version 0.0NONE
[04Oct2026 19:01:29.621] [main/DEBUG] [net.minecraftforge.fml.loading.UniqueModListBuilder/]: Found 2 mods for first modid bytecodecs, selecting most recent based on version data
[04Oct2026 19:01:29.621] [main/DEBUG] [net.minecraftforge.fml.loading.UniqueModListBuilder/]: Selected file bytecodecs-1.0.2.jar for modid bytecodecs with version 0.0NONE
[04Oct2026 19:01:29.621] [main/DEBUG] [net.minecraftforge.fml.loading.UniqueModListBuilder/]: Found 2 mods for first modid ganderlevels, selecting most recent based on version data
[04Oct2026 19:01:29.621] [main/DEBUG] [net.minecraftforge.fml.loading.UniqueModListBuilder/]: Selected file levels-0.1.9.jar for modid ganderlevels with version 0.0NONE
[04Oct2026 19:01:29.621] [main/DEBUG] [net.minecraftforge.fml.loading.UniqueModListBuilder/]: Found 2 mods for first modid mixinsquared, selecting most recent based on version data
[04Oct2026 19:01:29.621] [main/DEBUG] [net.minecraftforge.fml.loading.UniqueModListBuilder/]: Selected file mixinsquared-forge-0.1.2-beta.6.jar for modid mixinsquared with version 0.1.2-beta.6
[04Oct2026 19:01:29.621] [main/DEBUG] [net.minecraftforge.fml.loading.UniqueModListBuilder/]: Found 2 mods for first modid MixinExtras, selecting most recent based on version data
[04Oct2026 19:01:29.621] [main/DEBUG] [net.minecraftforge.fml.loading.UniqueModListBuilder/]: Selected file MixinExtras-0.4.1.jar for modid MixinExtras with version 0.0NONE
[04Oct2026 19:01:29.621] [main/DEBUG] [net.minecraftforge.fml.loading.UniqueModListBuilder/]: Found 2 mods for first modid ganderrendering, selecting most recent based on version data
[04Oct2026 19:01:29.621] [main/DEBUG] [net.minecraftforge.fml.loading.UniqueModListBuilder/]: Selected file rendering-0.1.9.jar for modid ganderrendering with version 0.0NONE
[04Oct2026 19:01:29.623] [main/DEBUG] [net.minecraftforge.fml.loading.ModSorter/]: Configured system mods: [minecraft, forge]
[04Oct2026 19:01:29.623] [main/DEBUG] [net.minecraftforge.fml.loading.ModSorter/]: Found system mod: minecraft
[04Oct2026 19:01:29.623] [main/DEBUG] [net.minecraftforge.fml.loading.ModSorter/]: Found system mod: forge
[04Oct2026 19:01:29.624] [main/DEBUG] [net.minecraftforge.fml.loading.ModSorter/LOADING]: Found 203 mod requirements (187 mandatory, 16 optional)
[04Oct2026 19:01:29.626] [main/DEBUG] [net.minecraftforge.fml.loading.ModSorter/LOADING]: Found 2 mod requirements missing (2 mandatory, 0 optional)
[04Oct2026 19:01:29.626] [main/ERROR] [net.minecraftforge.fml.loading.ModSorter/LOADING]: Missing or unsupported mandatory dependencies:
	Mod ID: 'sophisticatedstorage', Requested by: 'jade_sophisticated_storage', Expected range: '[3,)', Actual version: '1.5.0.2137'
	Mod ID: 'geckolib', Requested by: 'naturalist', Expected range: '[4.0.0,)', Actual version: '[MISSING]'
[04Oct2026 19:01:29.906] [main/DEBUG] [cpw.mods.modlauncher.TransformationServicesHandler/MODLAUNCHER]: Transformation services loading transformers
[04Oct2026 19:01:29.907] [main/DEBUG] [cpw.mods.modlauncher.TransformationServiceDecorator/MODLAUNCHER]: Initializing transformers for transformation service mixin
[04Oct2026 19:01:29.907] [main/DEBUG] [cpw.mods.modlauncher.TransformationServiceDecorator/MODLAUNCHER]: Initialized transformers for transformation service mixin
[04Oct2026 19:01:29.907] [main/DEBUG] [cpw.mods.modlauncher.TransformationServiceDecorator/MODLAUNCHER]: Initializing transformers for transformation service fml
[04Oct2026 19:01:29.907] [main/DEBUG] [net.minecraftforge.fml.loading.FMLServiceProvider/CORE]: Loading coremod transformers
[04Oct2026 19:01:29.907] [main/DEBUG] [net.minecraftforge.coremod.CoreModEngine/COREMOD]: Loading CoreMod from coremods/field_to_method.js
[04Oct2026 19:01:30.052] [main/DEBUG] [net.minecraftforge.coremod.CoreModEngine/COREMOD]: CoreMod loaded successfully
[04Oct2026 19:01:30.052] [main/DEBUG] [net.minecraftforge.coremod.CoreModEngine/COREMOD]: Loading CoreMod from coremods/field_to_instanceof.js
[04Oct2026 19:01:30.103] [main/DEBUG] [net.minecraftforge.coremod.CoreModEngine/COREMOD]: CoreMod loaded successfully
[04Oct2026 19:01:30.103] [main/DEBUG] [net.minecraftforge.coremod.CoreModEngine/COREMOD]: Loading CoreMod from coremods/add_bouncer_method.js
[04Oct2026 19:01:30.132] [main/DEBUG] [net.minecraftforge.coremod.CoreModEngine/COREMOD]: CoreMod loaded successfully
[04Oct2026 19:01:30.132] [main/DEBUG] [net.minecraftforge.coremod.CoreModEngine/COREMOD]: Loading CoreMod from coremods/method_redirector.js
[04Oct2026 19:01:30.184] [main/DEBUG] [net.minecraftforge.coremod.CoreModEngine/COREMOD]: CoreMod loaded successfully
[04Oct2026 19:01:30.193] [main/DEBUG] [cpw.mods.modlauncher.TransformStore/MODLAUNCHER]: Adding transformer net.minecraftforge.coremod.transformer.CoreModClassTransformer@58a2d9f9 to Target : CLASS {Lnet/minecraft/world/level/biome/Biome;} {} {V}
[04Oct2026 19:01:30.194] [main/DEBUG] [cpw.mods.modlauncher.TransformStore/MODLAUNCHER]: Adding transformer net.minecraftforge.coremod.transformer.CoreModClassTransformer@5ad1904f to Target : CLASS {Lnet/minecraft/world/level/levelgen/structure/Structure;} {} {V}
[04Oct2026 19:01:30.194] [main/DEBUG] [cpw.mods.modlauncher.TransformStore/MODLAUNCHER]: Adding transformer net.minecraftforge.coremod.transformer.CoreModClassTransformer@a146b11 to Target : CLASS {Lnet/minecraft/world/effect/MobEffectInstance;} {} {V}
[04Oct2026 19:01:30.194] [main/DEBUG] [cpw.mods.modlauncher.TransformStore/MODLAUNCHER]: Adding transformer net.minecraftforge.coremod.transformer.CoreModClassTransformer@f438904 to Target : CLASS {Lnet/minecraft/world/level/block/LiquidBlock;} {} {V}
[04Oct2026 19:01:30.194] [main/DEBUG] [cpw.mods.modlauncher.TransformStore/MODLAUNCHER]: Adding transformer net.minecraftforge.coremod.transformer.CoreModClassTransformer@4ed5a1b0 to Target : CLASS {Lnet/minecraft/world/item/BucketItem;} {} {V}
[04Oct2026 19:01:30.194] [main/DEBUG] [cpw.mods.modlauncher.TransformStore/MODLAUNCHER]: Adding transformer net.minecraftforge.coremod.transformer.CoreModClassTransformer@18d003cd to Target : CLASS {Lnet/minecraft/world/level/block/StairBlock;} {} {V}
[04Oct2026 19:01:30.194] [main/DEBUG] [cpw.mods.modlauncher.TransformStore/MODLAUNCHER]: Adding transformer net.minecraftforge.coremod.transformer.CoreModClassTransformer@3135bf25 to Target : CLASS {Lnet/minecraft/world/level/block/FlowerPotBlock;} {} {V}
[04Oct2026 19:01:30.194] [main/DEBUG] [cpw.mods.modlauncher.TransformStore/MODLAUNCHER]: Adding transformer net.minecraftforge.coremod.transformer.CoreModClassTransformer@22ad1bae to Target : CLASS {Lnet/minecraft/world/item/ItemStack;} {} {V}
[04Oct2026 19:01:30.194] [main/DEBUG] [cpw.mods.modlauncher.TransformStore/MODLAUNCHER]: Adding transformer net.minecraftforge.coremod.transformer.CoreModClassTransformer@4116f66a to Target : CLASS {Lnet/minecraft/network/play/client/CClientSettingsPacket;} {} {V}
[04Oct2026 19:01:30.194] [main/DEBUG] [cpw.mods.modlauncher.TransformStore/MODLAUNCHER]: Adding transformer net.minecraftforge.coremod.transformer.CoreModClassTransformer@59c04bee to Target : CLASS {Lnet/minecraft/world/level/levelgen/structure/structures/OceanMonumentPieces$OceanMonumentPiece;} {} {V}
[04Oct2026 19:01:30.194] [main/DEBUG] [cpw.mods.modlauncher.TransformStore/MODLAUNCHER]: Adding transformer net.minecraftforge.coremod.transformer.CoreModClassTransformer@59c04bee to Target : CLASS {Lnet/minecraft/world/entity/animal/frog/Tadpole;} {} {V}
[04Oct2026 19:01:30.194] [main/DEBUG] [cpw.mods.modlauncher.TransformStore/MODLAUNCHER]: Adding transformer net.minecraftforge.coremod.transformer.CoreModClassTransformer@59c04bee to Target : CLASS {Lnet/minecraft/world/entity/raid/Raid;} {} {V}
[04Oct2026 19:01:30.194] [main/DEBUG] [cpw.mods.modlauncher.TransformStore/MODLAUNCHER]: Adding transformer net.minecraftforge.coremod.transformer.CoreModClassTransformer@59c04bee to Target : CLASS {Lnet/minecraft/server/commands/RaidCommand;} {} {V}
[04Oct2026 19:01:30.194] [main/DEBUG] [cpw.mods.modlauncher.TransformStore/MODLAUNCHER]: Adding transformer net.minecraftforge.coremod.transformer.CoreModClassTransformer@59c04bee to Target : CLASS {Lnet/minecraft/world/entity/monster/Evoker$EvokerSummonSpellGoal;} {} {V}
[04Oct2026 19:01:30.195] [main/DEBUG] [cpw.mods.modlauncher.TransformStore/MODLAUNCHER]: Adding transformer net.minecraftforge.coremod.transformer.CoreModClassTransformer@59c04bee to Target : CLASS {Lnet/minecraft/world/entity/monster/ZombieVillager;} {} {V}
[04Oct2026 19:01:30.195] [main/DEBUG] [cpw.mods.modlauncher.TransformStore/MODLAUNCHER]: Adding transformer net.minecraftforge.coremod.transformer.CoreModClassTransformer@59c04bee to Target : CLASS {Lnet/minecraft/world/level/levelgen/PhantomSpawner;} {} {V}
[04Oct2026 19:01:30.195] [main/DEBUG] [cpw.mods.modlauncher.TransformStore/MODLAUNCHER]: Adding transformer net.minecraftforge.coremod.transformer.CoreModClassTransformer@59c04bee to Target : CLASS {Lnet/minecraft/world/level/levelgen/structure/structures/SwampHutPiece;} {} {V}
[04Oct2026 19:01:30.195] [main/DEBUG] [cpw.mods.modlauncher.TransformStore/MODLAUNCHER]: Adding transformer net.minecraftforge.coremod.transformer.CoreModClassTransformer@59c04bee to Target : CLASS {Lnet/minecraft/world/level/NaturalSpawner;} {} {V}
[04Oct2026 19:01:30.195] [main/DEBUG] [cpw.mods.modlauncher.TransformStore/MODLAUNCHER]: Adding transformer net.minecraftforge.coremod.transformer.CoreModClassTransformer@59c04bee to Target : CLASS {Lnet/minecraft/world/entity/ai/village/VillageSiege;} {} {V}
[04Oct2026 19:01:30.195] [main/DEBUG] [cpw.mods.modlauncher.TransformStore/MODLAUNCHER]: Adding transformer net.minecraftforge.coremod.transformer.CoreModClassTransformer@59c04bee to Target : CLASS {Lnet/minecraft/world/level/levelgen/structure/structures/OceanRuinPieces$OceanRuinPiece;} {} {V}
[04Oct2026 19:01:30.195] [main/DEBUG] [cpw.mods.modlauncher.TransformStore/MODLAUNCHER]: Adding transformer net.minecraftforge.coremod.transformer.CoreModClassTransformer@59c04bee to Target : CLASS {Lnet/minecraft/world/entity/EntityType;} {} {V}
[04Oct2026 19:01:30.195] [main/DEBUG] [cpw.mods.modlauncher.TransformStore/MODLAUNCHER]: Adding transformer net.minecraftforge.coremod.transformer.CoreModClassTransformer@59c04bee to Target : CLASS {Lnet/minecraft/world/entity/monster/Zombie;} {} {V}
[04Oct2026 19:01:30.195] [main/DEBUG] [cpw.mods.modlauncher.TransformStore/MODLAUNCHER]: Adding transformer net.minecraftforge.coremod.transformer.CoreModClassTransformer@59c04bee to Target : CLASS {Lnet/minecraft/world/entity/monster/Strider;} {} {V}
[04Oct2026 19:01:30.195] [main/DEBUG] [cpw.mods.modlauncher.TransformStore/MODLAUNCHER]: Adding transformer net.minecraftforge.coremod.transformer.CoreModClassTransformer@59c04bee to Target : CLASS {Lnet/minecraft/world/entity/npc/Villager;} {} {V}
[04Oct2026 19:01:30.195] [main/DEBUG] [cpw.mods.modlauncher.TransformStore/MODLAUNCHER]: Adding transformer net.minecraftforge.coremod.transformer.CoreModClassTransformer@59c04bee to Target : CLASS {Lnet/minecraft/world/entity/npc/CatSpawner;} {} {V}
[04Oct2026 19:01:30.195] [main/DEBUG] [cpw.mods.modlauncher.TransformStore/MODLAUNCHER]: Adding transformer net.minecraftforge.coremod.transformer.CoreModClassTransformer@59c04bee to Target : CLASS {Lnet/minecraft/server/commands/SummonCommand;} {} {V}
[04Oct2026 19:01:30.195] [main/DEBUG] [cpw.mods.modlauncher.TransformStore/MODLAUNCHER]: Adding transformer net.minecraftforge.coremod.transformer.CoreModClassTransformer@59c04bee to Target : CLASS {Lnet/minecraft/world/level/levelgen/structure/templatesystem/StructureTemplate;} {} {V}
[04Oct2026 19:01:30.195] [main/DEBUG] [cpw.mods.modlauncher.TransformStore/MODLAUNCHER]: Adding transformer net.minecraftforge.coremod.transformer.CoreModClassTransformer@59c04bee to Target : CLASS {Lnet/minecraft/world/entity/monster/Spider;} {} {V}
[04Oct2026 19:01:30.195] [main/DEBUG] [cpw.mods.modlauncher.TransformStore/MODLAUNCHER]: Adding transformer net.minecraftforge.coremod.transformer.CoreModClassTransformer@59c04bee to Target : CLASS {Lnet/minecraft/world/level/levelgen/PatrolSpawner;} {} {V}
[04Oct2026 19:01:30.195] [main/DEBUG] [cpw.mods.modlauncher.TransformStore/MODLAUNCHER]: Adding transformer net.minecraftforge.coremod.transformer.CoreModClassTransformer@59c04bee to Target : CLASS {Lnet/minecraft/world/entity/animal/horse/SkeletonTrapGoal;} {} {V}
[04Oct2026 19:01:30.195] [main/DEBUG] [cpw.mods.modlauncher.TransformStore/MODLAUNCHER]: Adding transformer net.minecraftforge.coremod.transformer.CoreModClassTransformer@59c04bee to Target : CLASS {Lnet/minecraft/world/level/levelgen/structure/structures/WoodlandMansionPieces$WoodlandMansionPiece;} {} {V}
[04Oct2026 19:01:30.195] [main/DEBUG] [cpw.mods.modlauncher.TransformationServiceDecorator/MODLAUNCHER]: Initialized transformers for transformation service fml
[04Oct2026 19:01:30.505] [main/DEBUG] [mixin/]: Processing prepare() for PlatformAgent[MixinPlatformAgentDefault:ModLauncher Root Container(ModLauncher:4f56a0a2)]
[04Oct2026 19:01:30.506] [main/DEBUG] [mixin/]: Processing launch tasks for PlatformAgent[MixinPlatformAgentDefault:ModLauncher Root Container(ModLauncher:4f56a0a2)]
[04Oct2026 19:01:30.506] [main/DEBUG] [mixin/]: Adding mixin platform agents for container SecureJarResource(minecraft)
[04Oct2026 19:01:30.506] [main/DEBUG] [mixin/]: Instancing new MixinPlatformAgentMinecraftForge for SecureJarResource(minecraft)
[04Oct2026 19:01:30.506] [main/DEBUG] [mixin/]: MixinPlatformAgentMinecraftForge rejected container SecureJarResource(minecraft)
[04Oct2026 19:01:30.506] [main/DEBUG] [mixin/]: Instancing new MixinPlatformAgentDefault for SecureJarResource(minecraft)
[04Oct2026 19:01:30.506] [main/DEBUG] [mixin/]: MixinPlatformAgentDefault accepted container SecureJarResource(minecraft)
[04Oct2026 19:01:30.506] [main/DEBUG] [mixin/]: Processing prepare() for PlatformAgent[MixinPlatformAgentDefault:SecureJarResource(minecraft)]
[04Oct2026 19:01:30.506] [main/DEBUG] [mixin/]: Adding mixin platform agents for container SecureJarResource(forge)
[04Oct2026 19:01:30.506] [main/DEBUG] [mixin/]: Instancing new MixinPlatformAgentMinecraftForge for SecureJarResource(forge)
[04Oct2026 19:01:30.506] [main/DEBUG] [mixin/]: MixinPlatformAgentMinecraftForge rejected container SecureJarResource(forge)
[04Oct2026 19:01:30.506] [main/DEBUG] [mixin/]: Instancing new MixinPlatformAgentDefault for SecureJarResource(forge)
[04Oct2026 19:01:30.506] [main/DEBUG] [mixin/]: MixinPlatformAgentDefault accepted container SecureJarResource(forge)
[04Oct2026 19:01:30.506] [main/DEBUG] [mixin/]: Processing prepare() for PlatformAgent[MixinPlatformAgentDefault:SecureJarResource(forge)]
[04Oct2026 19:01:30.506] [main/DEBUG] [mixin/]: Adding mixin platform agents for container SecureJarResource(mixinextras)
[04Oct2026 19:01:30.506] [main/DEBUG] [mixin/]: Instancing new MixinPlatformAgentMinecraftForge for SecureJarResource(mixinextras)
[04Oct2026 19:01:30.506] [main/DEBUG] [mixin/]: MixinPlatformAgentMinecraftForge rejected container SecureJarResource(mixinextras)
[04Oct2026 19:01:30.506] [main/DEBUG] [mixin/]: Instancing new MixinPlatformAgentDefault for SecureJarResource(mixinextras)
[04Oct2026 19:01:30.506] [main/DEBUG] [mixin/]: MixinPlatformAgentDefault accepted container SecureJarResource(mixinextras)
[04Oct2026 19:01:30.506] [main/DEBUG] [mixin/]: Processing prepare() for PlatformAgent[MixinPlatformAgentDefault:SecureJarResource(mixinextras)]
[04Oct2026 19:01:30.507] [main/DEBUG] [mixin/]: Registering mixin config: mixinextras.init.mixins.json
[04Oct2026 19:01:30.521] [main/DEBUG] [mixin/]: Adding mixin platform agents for container SecureJarResource(gandercore)
[04Oct2026 19:01:30.522] [main/DEBUG] [mixin/]: Instancing new MixinPlatformAgentMinecraftForge for SecureJarResource(gandercore)
[04Oct2026 19:01:30.522] [main/DEBUG] [mixin/]: MixinPlatformAgentMinecraftForge rejected container SecureJarResource(gandercore)
[04Oct2026 19:01:30.522] [main/DEBUG] [mixin/]: Instancing new MixinPlatformAgentDefault for SecureJarResource(gandercore)
[04Oct2026 19:01:30.522] [main/DEBUG] [mixin/]: MixinPlatformAgentDefault accepted container SecureJarResource(gandercore)
[04Oct2026 19:01:30.522] [main/DEBUG] [mixin/]: Processing prepare() for PlatformAgent[MixinPlatformAgentDefault:SecureJarResource(gandercore)]
[04Oct2026 19:01:30.522] [main/DEBUG] [mixin/]: Adding mixin platform agents for container SecureJarResource(jlayer)
[04Oct2026 19:01:30.522] [main/DEBUG] [mixin/]: Instancing new MixinPlatformAgentMinecraftForge for SecureJarResource(jlayer)
[04Oct2026 19:01:30.522] [main/DEBUG] [mixin/]: MixinPlatformAgentMinecraftForge rejected container SecureJarResource(jlayer)
[04Oct2026 19:01:30.522] [main/DEBUG] [mixin/]: Instancing new MixinPlatformAgentDefault for SecureJarResource(jlayer)
[04Oct2026 19:01:30.522] [main/DEBUG] [mixin/]: MixinPlatformAgentDefault accepted container SecureJarResource(jlayer)
[04Oct2026 19:01:30.522] [main/DEBUG] [mixin/]: Processing prepare() for PlatformAgent[MixinPlatformAgentDefault:SecureJarResource(jlayer)]
[04Oct2026 19:01:30.522] [main/DEBUG] [mixin/]: Adding mixin platform agents for container SecureJarResource(ganderui)
[04Oct2026 19:01:30.522] [main/DEBUG] [mixin/]: Instancing new MixinPlatformAgentMinecraftForge for SecureJarResource(ganderui)
[04Oct2026 19:01:30.522] [main/DEBUG] [mixin/]: MixinPlatformAgentMinecraftForge rejected container SecureJarResource(ganderui)
[04Oct2026 19:01:30.522] [main/DEBUG] [mixin/]: Instancing new MixinPlatformAgentDefault for SecureJarResource(ganderui)
[04Oct2026 19:01:30.522] [main/DEBUG] [mixin/]: MixinPlatformAgentDefault accepted container SecureJarResource(ganderui)
[04Oct2026 19:01:30.522] [main/DEBUG] [mixin/]: Processing prepare() for PlatformAgent[MixinPlatformAgentDefault:SecureJarResource(ganderui)]
[04Oct2026 19:01:30.522] [main/DEBUG] [mixin/]: Adding mixin platform agents for container SecureJarResource(jnanoid)
[04Oct2026 19:01:30.522] [main/DEBUG] [mixin/]: Instancing new MixinPlatformAgentMinecraftForge for SecureJarResource(jnanoid)
[04Oct2026 19:01:30.522] [main/DEBUG] [mixin/]: MixinPlatformAgentMinecraftForge rejected container SecureJarResource(jnanoid)
[04Oct2026 19:01:30.522] [main/DEBUG] [mixin/]: Instancing new MixinPlatformAgentDefault for SecureJarResource(jnanoid)
[04Oct2026 19:01:30.522] [main/DEBUG] [mixin/]: MixinPlatformAgentDefault accepted container SecureJarResource(jnanoid)
[04Oct2026 19:01:30.522] [main/DEBUG] [mixin/]: Processing prepare() for PlatformAgent[MixinPlatformAgentDefault:SecureJarResource(jnanoid)]
[04Oct2026 19:01:30.522] [main/DEBUG] [mixin/]: Adding mixin platform agents for container SecureJarResource(MixinSquared.beta._6)
[04Oct2026 19:01:30.522] [main/DEBUG] [mixin/]: Instancing new MixinPlatformAgentMinecraftForge for SecureJarResource(MixinSquared.beta._6)
[04Oct2026 19:01:30.522] [main/DEBUG] [mixin/]: MixinPlatformAgentMinecraftForge rejected container SecureJarResource(MixinSquared.beta._6)
[04Oct2026 19:01:30.522] [main/DEBUG] [mixin/]: Instancing new MixinPlatformAgentDefault for SecureJarResource(MixinSquared.beta._6)
[04Oct2026 19:01:30.522] [main/DEBUG] [mixin/]: MixinPlatformAgentDefault accepted container SecureJarResource(MixinSquared.beta._6)
[04Oct2026 19:01:30.522] [main/DEBUG] [mixin/]: Processing prepare() for PlatformAgent[MixinPlatformAgentDefault:SecureJarResource(MixinSquared.beta._6)]
[04Oct2026 19:01:30.522] [main/DEBUG] [mixin/]: Adding mixin platform agents for container SecureJarResource(yabn)
[04Oct2026 19:01:30.522] [main/DEBUG] [mixin/]: Instancing new MixinPlatformAgentMinecraftForge for SecureJarResource(yabn)
[04Oct2026 19:01:30.522] [main/DEBUG] [mixin/]: MixinPlatformAgentMinecraftForge rejected container SecureJarResource(yabn)
[04Oct2026 19:01:30.523] [main/DEBUG] [mixin/]: Instancing new MixinPlatformAgentDefault for SecureJarResource(yabn)
[04Oct2026 19:01:30.523] [main/DEBUG] [mixin/]: MixinPlatformAgentDefault accepted container SecureJarResource(yabn)
[04Oct2026 19:01:30.523] [main/DEBUG] [mixin/]: Processing prepare() for PlatformAgent[MixinPlatformAgentDefault:SecureJarResource(yabn)]
[04Oct2026 19:01:30.523] [main/DEBUG] [mixin/]: Adding mixin platform agents for container SecureJarResource(bytecodecs)
[04Oct2026 19:01:30.525] [main/DEBUG] [mixin/]: Instancing new MixinPlatformAgentMinecraftForge for SecureJarResource(bytecodecs)
[04Oct2026 19:01:30.525] [main/DEBUG] [mixin/]: MixinPlatformAgentMinecraftForge rejected container SecureJarResource(bytecodecs)
[04Oct2026 19:01:30.525] [main/DEBUG] [mixin/]: Instancing new MixinPlatformAgentDefault for SecureJarResource(bytecodecs)
[04Oct2026 19:01:30.525] [main/DEBUG] [mixin/]: MixinPlatformAgentDefault accepted container SecureJarResource(bytecodecs)
[04Oct2026 19:01:30.525] [main/DEBUG] [mixin/]: Processing prepare() for PlatformAgent[MixinPlatformAgentDefault:SecureJarResource(bytecodecs)]
[04Oct2026 19:01:30.525] [main/DEBUG] [mixin/]: Adding mixin platform agents for container SecureJarResource(ganderlevels)
[04Oct2026 19:01:30.525] [main/DEBUG] [mixin/]: Instancing new MixinPlatformAgentMinecraftForge for SecureJarResource(ganderlevels)
[04Oct2026 19:01:30.525] [main/DEBUG] [mixin/]: MixinPlatformAgentMinecraftForge rejected container SecureJarResource(ganderlevels)
[04Oct2026 19:01:30.525] [main/DEBUG] [mixin/]: Instancing new MixinPlatformAgentDefault for SecureJarResource(ganderlevels)
[04Oct2026 19:01:30.525] [main/DEBUG] [mixin/]: MixinPlatformAgentDefault accepted container SecureJarResource(ganderlevels)
[04Oct2026 19:01:30.525] [main/DEBUG] [mixin/]: Processing prepare() for PlatformAgent[MixinPlatformAgentDefault:SecureJarResource(ganderlevels)]
[04Oct2026 19:01:30.526] [main/DEBUG] [mixin/]: Registering mixin config: gander_levels.mixins.json
[04Oct2026 19:01:30.527] [main/DEBUG] [mixin/]: Compatibility level JAVA_17 specified by gander_levels.mixins.json is higher than the maximum level supported by this version of mixin (JAVA_13).
[04Oct2026 19:01:30.529] [main/INFO] [mixin/]: Compatibility level set to JAVA_17
[04Oct2026 19:01:30.529] [main/DEBUG] [mixin/]: Adding mixin platform agents for container SecureJarResource(mixinsquared)
[04Oct2026 19:01:30.530] [main/DEBUG] [mixin/]: Instancing new MixinPlatformAgentMinecraftForge for SecureJarResource(mixinsquared)
[04Oct2026 19:01:30.530] [main/DEBUG] [mixin/]: MixinPlatformAgentMinecraftForge rejected container SecureJarResource(mixinsquared)
[04Oct2026 19:01:30.530] [main/DEBUG] [mixin/]: Instancing new MixinPlatformAgentDefault for SecureJarResource(mixinsquared)
[04Oct2026 19:01:30.530] [main/DEBUG] [mixin/]: MixinPlatformAgentDefault accepted container SecureJarResource(mixinsquared)
[04Oct2026 19:01:30.530] [main/DEBUG] [mixin/]: Processing prepare() for PlatformAgent[MixinPlatformAgentDefault:SecureJarResource(mixinsquared)]
[04Oct2026 19:01:30.530] [main/DEBUG] [mixin/]: Registering mixin config: mixinsquared.init.mixins.json
[04Oct2026 19:01:30.531] [main/DEBUG] [mixin/]: Adding mixin platform agents for container SecureJarResource(MixinExtras)
[04Oct2026 19:01:30.531] [main/DEBUG] [mixin/]: Instancing new MixinPlatformAgentMinecraftForge for SecureJarResource(MixinExtras)
[04Oct2026 19:01:30.531] [main/DEBUG] [mixin/]: MixinPlatformAgentMinecraftForge rejected container SecureJarResource(MixinExtras)
[04Oct2026 19:01:30.531] [main/DEBUG] [mixin/]: Instancing new MixinPlatformAgentDefault for SecureJarResource(MixinExtras)
[04Oct2026 19:01:30.531] [main/DEBUG] [mixin/]: MixinPlatformAgentDefault accepted container SecureJarResource(MixinExtras)
[04Oct2026 19:01:30.531] [main/DEBUG] [mixin/]: Processing prepare() for PlatformAgent[MixinPlatformAgentDefault:SecureJarResource(MixinExtras)]
[04Oct2026 19:01:30.531] [main/DEBUG] [mixin/]: Adding mixin platform agents for container SecureJarResource(ganderrendering)
[04Oct2026 19:01:30.531] [main/DEBUG] [mixin/]: Instancing new MixinPlatformAgentMinecraftForge for SecureJarResource(ganderrendering)
[04Oct2026 19:01:30.532] [main/DEBUG] [mixin/]: MixinPlatformAgentMinecraftForge rejected container SecureJarResource(ganderrendering)
[04Oct2026 19:01:30.532] [main/DEBUG] [mixin/]: Instancing new MixinPlatformAgentDefault for SecureJarResource(ganderrendering)
[04Oct2026 19:01:30.532] [main/DEBUG] [mixin/]: MixinPlatformAgentDefault accepted container SecureJarResource(ganderrendering)
[04Oct2026 19:01:30.532] [main/DEBUG] [mixin/]: Processing prepare() for PlatformAgent[MixinPlatformAgentDefault:SecureJarResource(ganderrendering)]
[04Oct2026 19:01:30.532] [main/DEBUG] [mixin/]: Registering mixin config: gander_render.mixins.json
[04Oct2026 19:01:30.533] [main/DEBUG] [mixin/]: inject() running with 15 agents
[04Oct2026 19:01:30.533] [main/DEBUG] [mixin/]: Processing inject() for PlatformAgent[MixinPlatformAgentDefault:ModLauncher Root Container(ModLauncher:4f56a0a2)]
[04Oct2026 19:01:30.533] [main/DEBUG] [mixin/]: Processing inject() for PlatformAgent[MixinPlatformAgentDefault:SecureJarResource(minecraft)]
[04Oct2026 19:01:30.533] [main/DEBUG] [mixin/]: Processing inject() for PlatformAgent[MixinPlatformAgentDefault:SecureJarResource(forge)]
[04Oct2026 19:01:30.533] [main/DEBUG] [mixin/]: Processing inject() for PlatformAgent[MixinPlatformAgentDefault:SecureJarResource(mixinextras)]
[04Oct2026 19:01:30.533] [main/DEBUG] [mixin/]: Processing inject() for PlatformAgent[MixinPlatformAgentDefault:SecureJarResource(gandercore)]
[04Oct2026 19:01:30.533] [main/DEBUG] [mixin/]: Processing inject() for PlatformAgent[MixinPlatformAgentDefault:SecureJarResource(jlayer)]
[04Oct2026 19:01:30.533] [main/DEBUG] [mixin/]: Processing inject() for PlatformAgent[MixinPlatformAgentDefault:SecureJarResource(ganderui)]
[04Oct2026 19:01:30.533] [main/DEBUG] [mixin/]: Processing inject() for PlatformAgent[MixinPlatformAgentDefault:SecureJarResource(jnanoid)]
[04Oct2026 19:01:30.533] [main/DEBUG] [mixin/]: Processing inject() for PlatformAgent[MixinPlatformAgentDefault:SecureJarResource(MixinSquared.beta._6)]
[04Oct2026 19:01:30.533] [main/DEBUG] [mixin/]: Processing inject() for PlatformAgent[MixinPlatformAgentDefault:SecureJarResource(yabn)]
[04Oct2026 19:01:30.533] [main/DEBUG] [mixin/]: Processing inject() for PlatformAgent[MixinPlatformAgentDefault:SecureJarResource(bytecodecs)]
[04Oct2026 19:01:30.534] [main/DEBUG] [mixin/]: Processing inject() for PlatformAgent[MixinPlatformAgentDefault:SecureJarResource(ganderlevels)]
[04Oct2026 19:01:30.534] [main/DEBUG] [mixin/]: Processing inject() for PlatformAgent[MixinPlatformAgentDefault:SecureJarResource(mixinsquared)]
[04Oct2026 19:01:30.534] [main/DEBUG] [mixin/]: Processing inject() for PlatformAgent[MixinPlatformAgentDefault:SecureJarResource(MixinExtras)]
[04Oct2026 19:01:30.534] [main/DEBUG] [mixin/]: Processing inject() for PlatformAgent[MixinPlatformAgentDefault:SecureJarResource(ganderrendering)]
[04Oct2026 19:01:30.534] [main/INFO] [cpw.mods.modlauncher.LaunchServiceHandler/MODLAUNCHER]: Launching target 'forgeserver' with arguments []
[04Oct2026 19:01:30.559] [main/DEBUG] [mixin/]: Error cleaning class output directory: .mixin.out
[04Oct2026 19:01:30.560] [main/DEBUG] [mixin/]: Preparing mixins for MixinEnvironment[DEFAULT]
[04Oct2026 19:01:30.560] [main/DEBUG] [mixin/]: Selecting config mixinextras.init.mixins.json
[04Oct2026 19:01:30.588] [main/DEBUG] [MixinExtras|Service/]: com.llamalad7.mixinextras.service.MixinExtrasServiceImpl(version=0.4.1) is taking over from null
[04Oct2026 19:01:30.614] [main/DEBUG] [mixin/]: Registering new injector for @Inject with org.spongepowered.asm.mixin.injection.struct.CallbackInjectionInfo
[04Oct2026 19:01:30.615] [main/DEBUG] [mixin/]: Registering new injector for @ModifyArg with org.spongepowered.asm.mixin.injection.struct.ModifyArgInjectionInfo
[04Oct2026 19:01:30.616] [main/DEBUG] [mixin/]: Registering new injector for @ModifyArgs with org.spongepowered.asm.mixin.injection.struct.ModifyArgsInjectionInfo
[04Oct2026 19:01:30.617] [main/DEBUG] [mixin/]: Registering new injector for @Redirect with org.spongepowered.asm.mixin.injection.struct.RedirectInjectionInfo
[04Oct2026 19:01:30.618] [main/DEBUG] [mixin/]: Registering new injector for @ModifyVariable with org.spongepowered.asm.mixin.injection.struct.ModifyVariableInjectionInfo
[04Oct2026 19:01:30.618] [main/DEBUG] [mixin/]: Registering new injector for @ModifyConstant with org.spongepowered.asm.mixin.injection.struct.ModifyConstantInjectionInfo
[04Oct2026 19:01:30.628] [main/DEBUG] [mixin/]: Selecting config gander_levels.mixins.json
[04Oct2026 19:01:30.628] [main/DEBUG] [mixin/]: Selecting config mixinsquared.init.mixins.json
[04Oct2026 19:01:30.637] [main/DEBUG] [mixin/]: Registering new target selector for @mixinsquared:handler with com.bawnorton.mixinsquared.selector.DynamicSelectorHandler
[04Oct2026 19:01:30.641] [main/DEBUG] [mixin/]: Selecting config gander_render.mixins.json
[04Oct2026 19:01:30.642] [main/DEBUG] [mixin/]: Preparing mixinextras.init.mixins.json (0)
[04Oct2026 19:01:30.642] [main/DEBUG] [mixin/]: Preparing gander_levels.mixins.json (1)
[04Oct2026 19:01:30.655] [main/DEBUG] [net.minecraftforge.coremod.transformer.CoreModBaseTransformer/COREMOD]: Transforming net/minecraft/world/level/levelgen/structure/templatesystem/StructureTemplate
[04Oct2026 19:01:30.845] [main/DEBUG] [mixin/]: Preparing mixinsquared.init.mixins.json (0)
[04Oct2026 19:01:30.846] [main/DEBUG] [mixin/]: Preparing gander_render.mixins.json (2)
[04Oct2026 19:01:30.849] [main/DEBUG] [mixin/]: Prepared 1 mixins in 0.288 sec (288.0ms avg) (0ms load, 0ms transform, 0ms plugin)
[04Oct2026 19:01:30.890] [main/DEBUG] [io.netty.util.internal.logging.InternalLoggerFactory/]: Using SLF4J as the default logging framework
[04Oct2026 19:01:30.891] [main/DEBUG] [io.netty.util.ResourceLeakDetector/]: -Dio.netty.leakDetection.level: simple
[04Oct2026 19:01:30.892] [main/DEBUG] [io.netty.util.ResourceLeakDetector/]: -Dio.netty.leakDetection.targetRecords: 4
[04Oct2026 19:01:31.016] [main/DEBUG] [oshi.util.FileUtil/]: No oshi.properties file found from ClassLoader cpw.mods.modlauncher.TransformingClassLoader@57a6a933
[04Oct2026 19:01:31.016] [main/DEBUG] [oshi.util.FileUtil/]: No oshi.properties file found from ClassLoader jdk.internal.loader.ClassLoaders$AppClassLoader@76ed5528
[04Oct2026 19:01:31.124] [main/WARN] [oshi.util.platform.mac.SysctlUtil/]: Failed sysctl call: hw.cpufrequency, Error code: 2
[04Oct2026 19:01:31.125] [main/DEBUG] [oshi.util.FileUtil/]: No oshi.architecture.properties file found from ClassLoader cpw.mods.modlauncher.TransformingClassLoader@57a6a933
[04Oct2026 19:01:31.125] [main/DEBUG] [oshi.util.FileUtil/]: No oshi.architecture.properties file found from ClassLoader jdk.internal.loader.ClassLoaders$AppClassLoader@76ed5528
[04Oct2026 19:01:31.736] [main/DEBUG] [net.minecraftforge.coremod.transformer.CoreModBaseTransformer/COREMOD]: Transforming net/minecraft/world/entity/EntityType
[04Oct2026 19:01:31.885] [main/DEBUG] [net.minecraftforge.coremod.transformer.CoreModBaseTransformer/COREMOD]: Transforming net/minecraft/world/level/block/LiquidBlock
[04Oct2026 19:01:31.910] [main/DEBUG] [net.minecraftforge.coremod.transformer.CoreModBaseTransformer/COREMOD]: Transforming net/minecraft/world/level/block/StairBlock
[04Oct2026 19:01:31.957] [main/DEBUG] [net.minecraftforge.coremod.transformer.CoreModBaseTransformer/COREMOD]: Transforming net/minecraft/world/level/block/FlowerPotBlock
[04Oct2026 19:01:32.464] [main/DEBUG] [net.minecraftforge.coremod.transformer.CoreModBaseTransformer/COREMOD]: Transforming net/minecraft/world/item/ItemStack
[04Oct2026 19:01:32.891] [main/DEBUG] [net.minecraftforge.coremod.transformer.CoreModBaseTransformer/COREMOD]: Transforming net/minecraft/world/entity/animal/frog/Tadpole
[04Oct2026 19:01:32.946] [main/DEBUG] [net.minecraftforge.coremod.transformer.CoreModBaseTransformer/COREMOD]: Transforming net/minecraft/world/item/BucketItem
[04Oct2026 19:01:33.509] [main/DEBUG] [net.minecraftforge.coremod.transformer.CoreModBaseTransformer/COREMOD]: Transforming net/minecraft/world/entity/monster/Spider
[04Oct2026 19:01:33.544] [main/DEBUG] [net.minecraftforge.coremod.transformer.CoreModBaseTransformer/COREMOD]: Transforming net/minecraft/world/entity/monster/Zombie
[04Oct2026 19:01:33.569] [main/DEBUG] [net.minecraftforge.coremod.transformer.CoreModBaseTransformer/COREMOD]: Transforming net/minecraft/world/entity/monster/ZombieVillager
[04Oct2026 19:01:33.615] [main/DEBUG] [net.minecraftforge.coremod.transformer.CoreModBaseTransformer/COREMOD]: Transforming net/minecraft/world/entity/monster/Evoker$EvokerSummonSpellGoal
[04Oct2026 19:01:33.724] [main/DEBUG] [net.minecraftforge.coremod.transformer.CoreModBaseTransformer/COREMOD]: Transforming net/minecraft/world/entity/animal/horse/SkeletonTrapGoal
[04Oct2026 19:01:33.742] [main/DEBUG] [net.minecraftforge.coremod.transformer.CoreModBaseTransformer/COREMOD]: Transforming net/minecraft/world/entity/monster/Strider
[04Oct2026 19:01:33.828] [main/DEBUG] [net.minecraftforge.coremod.transformer.CoreModBaseTransformer/COREMOD]: Transforming net/minecraft/world/entity/npc/Villager
[04Oct2026 19:01:33.907] [main/DEBUG] [net.minecraftforge.coremod.transformer.CoreModBaseTransformer/COREMOD]: Transforming net/minecraft/world/effect/MobEffectInstance
[04Oct2026 19:01:34.243] [main/DEBUG] [net.minecraftforge.coremod.transformer.CoreModBaseTransformer/COREMOD]: Transforming net/minecraft/world/level/levelgen/structure/Structure
[04Oct2026 19:01:34.273] [main/DEBUG] [net.minecraftforge.coremod.transformer.CoreModBaseTransformer/COREMOD]: Transforming net/minecraft/world/level/levelgen/structure/structures/OceanRuinPieces$OceanRuinPiece
[04Oct2026 19:01:34.280] [main/DEBUG] [net.minecraftforge.coremod.transformer.CoreModBaseTransformer/COREMOD]: Transforming net/minecraft/world/level/levelgen/structure/structures/SwampHutPiece
[04Oct2026 19:01:34.296] [main/DEBUG] [net.minecraftforge.coremod.transformer.CoreModBaseTransformer/COREMOD]: Transforming net/minecraft/world/level/levelgen/structure/structures/OceanMonumentPieces$OceanMonumentPiece
[04Oct2026 19:01:34.307] [main/DEBUG] [net.minecraftforge.coremod.transformer.CoreModBaseTransformer/COREMOD]: Transforming net/minecraft/world/level/levelgen/structure/structures/WoodlandMansionPieces$WoodlandMansionPiece
[04Oct2026 19:01:34.373] [main/DEBUG] [net.minecraftforge.coremod.transformer.CoreModBaseTransformer/COREMOD]: Transforming net/minecraft/world/level/biome/Biome
[04Oct2026 19:01:34.536] [main/DEBUG] [io.netty.util.internal.PlatformDependent0/]: -Dio.netty.noUnsafe: false
[04Oct2026 19:01:34.536] [main/DEBUG] [io.netty.util.internal.PlatformDependent0/]: Java version: 17
[04Oct2026 19:01:34.537] [main/DEBUG] [io.netty.util.internal.PlatformDependent0/]: sun.misc.Unsafe.theUnsafe: available
[04Oct2026 19:01:34.537] [main/DEBUG] [io.netty.util.internal.PlatformDependent0/]: sun.misc.Unsafe.copyMemory: available
[04Oct2026 19:01:34.537] [main/DEBUG] [io.netty.util.internal.PlatformDependent0/]: sun.misc.Unsafe.storeFence: available
[04Oct2026 19:01:34.537] [main/DEBUG] [io.netty.util.internal.PlatformDependent0/]: java.nio.Buffer.address: available
[04Oct2026 19:01:34.537] [main/DEBUG] [io.netty.util.internal.PlatformDependent0/]: direct buffer constructor: unavailable
java.lang.UnsupportedOperationException: Reflective setAccessible(true) disabled
	at io.netty.util.internal.ReflectionUtil.trySetAccessible(ReflectionUtil.java:31) ~[netty-common-4.1.82.Final.jar%2382!/:4.1.82.Final]
	at io.netty.util.internal.PlatformDependent0$5.run(PlatformDependent0.java:288) ~[netty-common-4.1.82.Final.jar%2382!/:4.1.82.Final]
	at java.security.AccessController.doPrivileged(AccessController.java:318) ~[?:?]
	at io.netty.util.internal.PlatformDependent0.<clinit>(PlatformDependent0.java:282) ~[netty-common-4.1.82.Final.jar%2382!/:4.1.82.Final]
	at io.netty.util.internal.PlatformDependent.isAndroid(PlatformDependent.java:333) ~[netty-common-4.1.82.Final.jar%2382!/:4.1.82.Final]
	at io.netty.util.internal.PlatformDependent.<clinit>(PlatformDependent.java:88) ~[netty-common-4.1.82.Final.jar%2382!/:4.1.82.Final]
	at io.netty.util.ConstantPool.<init>(ConstantPool.java:34) ~[netty-common-4.1.82.Final.jar%2382!/:4.1.82.Final]
	at io.netty.util.AttributeKey$1.<init>(AttributeKey.java:27) ~[netty-common-4.1.82.Final.jar%2382!/:4.1.82.Final]
	at io.netty.util.AttributeKey.<clinit>(AttributeKey.java:27) ~[netty-common-4.1.82.Final.jar%2382!/:4.1.82.Final]
	at net.minecraftforge.network.NetworkConstants.<clinit>(NetworkConstants.java:34) ~[forge-1.20.1-47.4.10-universal.jar%23276!/:?]
	at net.minecraftforge.network.NetworkHooks.init(NetworkHooks.java:52) ~[forge-1.20.1-47.4.10-universal.jar%23276!/:?]
	at net.minecraft.server.Bootstrap.m_135870_(Bootstrap.java:62) ~[server-1.20.1-20230612.114412-srg.jar%23271!/:?]
	at net.minecraft.server.Main.main(Main.java:121) ~[server-1.20.1-20230612.114412-srg.jar%23271!/:?]
	at jdk.internal.reflect.NativeMethodAccessorImpl.invoke0(Native Method) ~[?:?]
	at jdk.internal.reflect.NativeMethodAccessorImpl.invoke(NativeMethodAccessorImpl.java:77) ~[?:?]
	at jdk.internal.reflect.DelegatingMethodAccessorImpl.invoke(DelegatingMethodAccessorImpl.java:43) ~[?:?]
	at java.lang.reflect.Method.invoke(Method.java:569) ~[?:?]
	at net.minecraftforge.fml.loading.targets.CommonLaunchHandler.runTarget(CommonLaunchHandler.java:111) ~[fmlloader-1.20.1-47.4.10.jar%2369!/:?]
	at net.minecraftforge.fml.loading.targets.CommonLaunchHandler.serverService(CommonLaunchHandler.java:103) ~[fmlloader-1.20.1-47.4.10.jar%2369!/:?]
	at net.minecraftforge.fml.loading.targets.CommonServerLaunchHandler.lambda$makeService$0(CommonServerLaunchHandler.java:27) ~[fmlloader-1.20.1-47.4.10.jar%2369!/:?]
	at cpw.mods.modlauncher.LaunchServiceHandlerDecorator.launch(LaunchServiceHandlerDecorator.java:30) ~[modlauncher-10.0.9.jar%2355!/:?]
	at cpw.mods.modlauncher.LaunchServiceHandler.launch(LaunchServiceHandler.java:53) ~[modlauncher-10.0.9.jar%2355!/:?]
	at cpw.mods.modlauncher.LaunchServiceHandler.launch(LaunchServiceHandler.java:71) ~[modlauncher-10.0.9.jar%2355!/:?]
	at cpw.mods.modlauncher.Launcher.run(Launcher.java:108) ~[modlauncher-10.0.9.jar%2355!/:?]
	at cpw.mods.modlauncher.Launcher.main(Launcher.java:78) ~[modlauncher-10.0.9.jar%2355!/:?]
	at cpw.mods.modlauncher.BootstrapLaunchConsumer.accept(BootstrapLaunchConsumer.java:26) ~[modlauncher-10.0.9.jar%2355!/:?]
	at cpw.mods.modlauncher.BootstrapLaunchConsumer.accept(BootstrapLaunchConsumer.java:23) ~[modlauncher-10.0.9.jar%2355!/:?]
	at cpw.mods.bootstraplauncher.BootstrapLauncher.main(BootstrapLauncher.java:141) ~[bootstraplauncher-1.1.2.jar:?]
[04Oct2026 19:01:34.538] [main/DEBUG] [io.netty.util.internal.PlatformDependent0/]: java.nio.Bits.unaligned: available, true
[04Oct2026 19:01:34.539] [main/DEBUG] [io.netty.util.internal.PlatformDependent0/]: jdk.internal.misc.Unsafe.allocateUninitializedArray(int): unavailable
java.lang.IllegalAccessException: class io.netty.util.internal.PlatformDependent0$7 (in module io.netty.common) cannot access class jdk.internal.misc.Unsafe (in module java.base) because module java.base does not export jdk.internal.misc to module io.netty.common
	at jdk.internal.reflect.Reflection.newIllegalAccessException(Reflection.java:392) ~[?:?]
	at java.lang.reflect.AccessibleObject.checkAccess(AccessibleObject.java:674) ~[?:?]
	at java.lang.reflect.Method.invoke(Method.java:561) ~[?:?]
	at io.netty.util.internal.PlatformDependent0$7.run(PlatformDependent0.java:410) ~[netty-common-4.1.82.Final.jar%2382!/:4.1.82.Final]
	at java.security.AccessController.doPrivileged(AccessController.java:318) ~[?:?]
	at io.netty.util.internal.PlatformDependent0.<clinit>(PlatformDependent0.java:401) ~[netty-common-4.1.82.Final.jar%2382!/:4.1.82.Final]
	at io.netty.util.internal.PlatformDependent.isAndroid(PlatformDependent.java:333) ~[netty-common-4.1.82.Final.jar%2382!/:4.1.82.Final]
	at io.netty.util.internal.PlatformDependent.<clinit>(PlatformDependent.java:88) ~[netty-common-4.1.82.Final.jar%2382!/:4.1.82.Final]
	at io.netty.util.ConstantPool.<init>(ConstantPool.java:34) ~[netty-common-4.1.82.Final.jar%2382!/:4.1.82.Final]
	at io.netty.util.AttributeKey$1.<init>(AttributeKey.java:27) ~[netty-common-4.1.82.Final.jar%2382!/:4.1.82.Final]
	at io.netty.util.AttributeKey.<clinit>(AttributeKey.java:27) ~[netty-common-4.1.82.Final.jar%2382!/:4.1.82.Final]
	at net.minecraftforge.network.NetworkConstants.<clinit>(NetworkConstants.java:34) ~[forge-1.20.1-47.4.10-universal.jar%23276!/:?]
	at net.minecraftforge.network.NetworkHooks.init(NetworkHooks.java:52) ~[forge-1.20.1-47.4.10-universal.jar%23276!/:?]
	at net.minecraft.server.Bootstrap.m_135870_(Bootstrap.java:62) ~[server-1.20.1-20230612.114412-srg.jar%23271!/:?]
	at net.minecraft.server.Main.main(Main.java:121) ~[server-1.20.1-20230612.114412-srg.jar%23271!/:?]
	at jdk.internal.reflect.NativeMethodAccessorImpl.invoke0(Native Method) ~[?:?]
	at jdk.internal.reflect.NativeMethodAccessorImpl.invoke(NativeMethodAccessorImpl.java:77) ~[?:?]
	at jdk.internal.reflect.DelegatingMethodAccessorImpl.invoke(DelegatingMethodAccessorImpl.java:43) ~[?:?]
	at java.lang.reflect.Method.invoke(Method.java:569) ~[?:?]
	at net.minecraftforge.fml.loading.targets.CommonLaunchHandler.runTarget(CommonLaunchHandler.java:111) ~[fmlloader-1.20.1-47.4.10.jar%2369!/:?]
	at net.minecraftforge.fml.loading.targets.CommonLaunchHandler.serverService(CommonLaunchHandler.java:103) ~[fmlloader-1.20.1-47.4.10.jar%2369!/:?]
	at net.minecraftforge.fml.loading.targets.CommonServerLaunchHandler.lambda$makeService$0(CommonServerLaunchHandler.java:27) ~[fmlloader-1.20.1-47.4.10.jar%2369!/:?]
	at cpw.mods.modlauncher.LaunchServiceHandlerDecorator.launch(LaunchServiceHandlerDecorator.java:30) ~[modlauncher-10.0.9.jar%2355!/:?]
	at cpw.mods.modlauncher.LaunchServiceHandler.launch(LaunchServiceHandler.java:53) ~[modlauncher-10.0.9.jar%2355!/:?]
	at cpw.mods.modlauncher.LaunchServiceHandler.launch(LaunchServiceHandler.java:71) ~[modlauncher-10.0.9.jar%2355!/:?]
	at cpw.mods.modlauncher.Launcher.run(Launcher.java:108) ~[modlauncher-10.0.9.jar%2355!/:?]
	at cpw.mods.modlauncher.Launcher.main(Launcher.java:78) ~[modlauncher-10.0.9.jar%2355!/:?]
	at cpw.mods.modlauncher.BootstrapLaunchConsumer.accept(BootstrapLaunchConsumer.java:26) ~[modlauncher-10.0.9.jar%2355!/:?]
	at cpw.mods.modlauncher.BootstrapLaunchConsumer.accept(BootstrapLaunchConsumer.java:23) ~[modlauncher-10.0.9.jar%2355!/:?]
	at cpw.mods.bootstraplauncher.BootstrapLauncher.main(BootstrapLauncher.java:141) ~[bootstraplauncher-1.1.2.jar:?]
[04Oct2026 19:01:34.539] [main/DEBUG] [io.netty.util.internal.PlatformDependent0/]: java.nio.DirectByteBuffer.<init>(long, int): unavailable
[04Oct2026 19:01:34.539] [main/DEBUG] [io.netty.util.internal.PlatformDependent/]: sun.misc.Unsafe: available
[04Oct2026 19:01:34.540] [main/DEBUG] [io.netty.util.internal.PlatformDependent/]: maxDirectMemory: 8589934592 bytes (maybe)
[04Oct2026 19:01:34.540] [main/DEBUG] [io.netty.util.internal.PlatformDependent/]: -Dio.netty.tmpdir: /var/folders/b1/mwsx0gld5jx12pr7tvy2zrs80000gn/T (java.io.tmpdir)
[04Oct2026 19:01:34.540] [main/DEBUG] [io.netty.util.internal.PlatformDependent/]: -Dio.netty.bitMode: 64 (sun.arch.data.model)
[04Oct2026 19:01:34.540] [main/DEBUG] [io.netty.util.internal.PlatformDependent/]: Platform: MacOS
[04Oct2026 19:01:34.540] [main/DEBUG] [io.netty.util.internal.PlatformDependent/]: -Dio.netty.maxDirectMemory: -1 bytes
[04Oct2026 19:01:34.540] [main/DEBUG] [io.netty.util.internal.PlatformDependent/]: -Dio.netty.uninitializedArrayAllocationThreshold: -1
[04Oct2026 19:01:34.540] [main/DEBUG] [io.netty.util.internal.CleanerJava9/]: java.nio.ByteBuffer.cleaner(): available
[04Oct2026 19:01:34.541] [main/DEBUG] [io.netty.util.internal.PlatformDependent/]: -Dio.netty.noPreferDirect: false
[04Oct2026 19:01:34.580] [main/DEBUG] [net.minecraftforge.network.NetworkHooks/]: Loading Network data for FML net version: FML3
[04Oct2026 19:01:34.600] [main/DEBUG] [net.minecraftforge.common.ForgeI18n/CORE]: Loading I18N data entries: 6434
[04Oct2026 19:01:34.612] [main/DEBUG] [net.minecraftforge.fml.ModWorkManager/LOADING]: Using 10 threads for parallel mod-loading
[04Oct2026 19:01:34.614] [main/FATAL] [net.minecraftforge.fml.ModLoader/CORE]: Error during pre-loading phase
net.minecraftforge.fml.ModLoadingException: Mod §ejade_sophisticated_storage§r requires §6sophisticatedstorage§r §o3 or above§r
§7Currently, §6sophisticatedstorage§r§7 is §o1.5.0.2137
	at net.minecraftforge.fml.ModLoadingException.lambda$fromEarlyException$0(ModLoadingException.java:50) ~[fmlcore-1.20.1-47.4.10.jar%23272!/:?]
	at java.util.stream.ReferencePipeline$3$1.accept(ReferencePipeline.java:197) ~[?:?]
	at java.util.AbstractList$RandomAccessSpliterator.forEachRemaining(AbstractList.java:720) ~[?:?]
	at java.util.stream.AbstractPipeline.copyInto(AbstractPipeline.java:509) ~[?:?]
	at java.util.stream.AbstractPipeline.wrapAndCopyInto(AbstractPipeline.java:499) ~[?:?]
	at java.util.stream.ForEachOps$ForEachOp.evaluateSequential(ForEachOps.java:150) ~[?:?]
	at java.util.stream.ForEachOps$ForEachOp$OfRef.evaluateSequential(ForEachOps.java:173) ~[?:?]
	at java.util.stream.AbstractPipeline.evaluate(AbstractPipeline.java:234) ~[?:?]
	at java.util.stream.ReferencePipeline.forEach(ReferencePipeline.java:596) ~[?:?]
	at java.util.stream.ReferencePipeline$7$1.accept(ReferencePipeline.java:276) ~[?:?]
	at java.util.ArrayList$ArrayListSpliterator.forEachRemaining(ArrayList.java:1625) ~[?:?]
	at java.util.stream.AbstractPipeline.copyInto(AbstractPipeline.java:509) ~[?:?]
	at java.util.stream.AbstractPipeline.wrapAndCopyInto(AbstractPipeline.java:499) ~[?:?]
	at java.util.stream.ReduceOps$ReduceOp.evaluateSequential(ReduceOps.java:921) ~[?:?]
	at java.util.stream.AbstractPipeline.evaluate(AbstractPipeline.java:234) ~[?:?]
	at java.util.stream.ReferencePipeline.collect(ReferencePipeline.java:682) ~[?:?]
	at net.minecraftforge.fml.ModLoader.<init>(ModLoader.java:96) ~[fmlcore-1.20.1-47.4.10.jar%23272!/:?]
	at net.minecraftforge.fml.ModLoader.get(ModLoader.java:128) ~[fmlcore-1.20.1-47.4.10.jar%23272!/:?]
	at net.minecraftforge.server.loading.ServerModLoader.load(ServerModLoader.java:30) ~[forge-1.20.1-47.4.10-universal.jar%23276!/:?]
	at net.minecraft.server.Main.main(Main.java:125) ~[server-1.20.1-20230612.114412-srg.jar%23271!/:?]
	at jdk.internal.reflect.NativeMethodAccessorImpl.invoke0(Native Method) ~[?:?]
	at jdk.internal.reflect.NativeMethodAccessorImpl.invoke(NativeMethodAccessorImpl.java:77) ~[?:?]
	at jdk.internal.reflect.DelegatingMethodAccessorImpl.invoke(DelegatingMethodAccessorImpl.java:43) ~[?:?]
	at java.lang.reflect.Method.invoke(Method.java:569) ~[?:?]
	at net.minecraftforge.fml.loading.targets.CommonLaunchHandler.runTarget(CommonLaunchHandler.java:111) ~[fmlloader-1.20.1-47.4.10.jar%2369!/:?]
	at net.minecraftforge.fml.loading.targets.CommonLaunchHandler.serverService(CommonLaunchHandler.java:103) ~[fmlloader-1.20.1-47.4.10.jar%2369!/:?]
	at net.minecraftforge.fml.loading.targets.CommonServerLaunchHandler.lambda$makeService$0(CommonServerLaunchHandler.java:27) ~[fmlloader-1.20.1-47.4.10.jar%2369!/:?]
	at cpw.mods.modlauncher.LaunchServiceHandlerDecorator.launch(LaunchServiceHandlerDecorator.java:30) ~[modlauncher-10.0.9.jar%2355!/:?]
	at cpw.mods.modlauncher.LaunchServiceHandler.launch(LaunchServiceHandler.java:53) ~[modlauncher-10.0.9.jar%2355!/:?]
	at cpw.mods.modlauncher.LaunchServiceHandler.launch(LaunchServiceHandler.java:71) ~[modlauncher-10.0.9.jar%2355!/:?]
	at cpw.mods.modlauncher.Launcher.run(Launcher.java:108) ~[modlauncher-10.0.9.jar%2355!/:?]
	at cpw.mods.modlauncher.Launcher.main(Launcher.java:78) ~[modlauncher-10.0.9.jar%2355!/:?]
	at cpw.mods.modlauncher.BootstrapLaunchConsumer.accept(BootstrapLaunchConsumer.java:26) ~[modlauncher-10.0.9.jar%2355!/:?]
	at cpw.mods.modlauncher.BootstrapLaunchConsumer.accept(BootstrapLaunchConsumer.java:23) ~[modlauncher-10.0.9.jar%2355!/:?]
	at cpw.mods.bootstraplauncher.BootstrapLauncher.main(BootstrapLauncher.java:141) ~[bootstraplauncher-1.1.2.jar:?]
[04Oct2026 19:01:34.634] [main/DEBUG] [net.minecraftforge.common.ForgeI18n/CORE]: Loading I18N data entries: 6434
[04Oct2026 19:01:34.638] [main/WARN] [oshi.util.platform.mac.SysctlUtil/]: Failed sysctl call: hw.cpufrequency, Error code: 2
[04Oct2026 19:01:34.639] [main/DEBUG] [oshi.util.FileUtil/]: No oshi.architecture.properties file found from ClassLoader cpw.mods.modlauncher.TransformingClassLoader@57a6a933
[04Oct2026 19:01:34.639] [main/DEBUG] [oshi.util.FileUtil/]: No oshi.architecture.properties file found from ClassLoader jdk.internal.loader.ClassLoaders$AppClassLoader@76ed5528
[04Oct2026 19:01:35.032] [main/FATAL] [net.minecraftforge.server.loading.ServerModLoader/]: Crash report saved to ./crash-reports/crash-2026-10-04_19.01.35-fml.txt
[04Oct2026 19:01:35.034] [main/ERROR] [net.minecraft.server.Main/FATAL]: Failed to start the minecraft server
net.minecraftforge.fml.LoadingFailedException: Loading errors encountered: [
	Mod §ejade_sophisticated_storage§r requires §6sophisticatedstorage§r §o3 or above§r
§7Currently, §6sophisticatedstorage§r§7 is §o1.5.0.2137,
	Mod §enaturalist§r requires §6geckolib§r §o4.0.0 or above§r
§7Currently, §6geckolib§r§7 is §o§nnot installed
]
	at net.minecraftforge.fml.ModLoader.gatherAndInitializeMods(ModLoader.java:149) ~[fmlcore-1.20.1-47.4.10.jar%23272!/:?]
	at net.minecraftforge.server.loading.ServerModLoader.load(ServerModLoader.java:30) ~[forge-1.20.1-47.4.10-universal.jar%23276!/:?]
	at net.minecraft.server.Main.main(Main.java:125) ~[server-1.20.1-20230612.114412-srg.jar%23271!/:?]
	at jdk.internal.reflect.NativeMethodAccessorImpl.invoke0(Native Method) ~[?:?]
	at jdk.internal.reflect.NativeMethodAccessorImpl.invoke(NativeMethodAccessorImpl.java:77) ~[?:?]
	at jdk.internal.reflect.DelegatingMethodAccessorImpl.invoke(DelegatingMethodAccessorImpl.java:43) ~[?:?]
	at java.lang.reflect.Method.invoke(Method.java:569) ~[?:?]
	at net.minecraftforge.fml.loading.targets.CommonLaunchHandler.runTarget(CommonLaunchHandler.java:111) ~[fmlloader-1.20.1-47.4.10.jar%2369!/:?]
	at net.minecraftforge.fml.loading.targets.CommonLaunchHandler.serverService(CommonLaunchHandler.java:103) ~[fmlloader-1.20.1-47.4.10.jar%2369!/:?]
	at net.minecraftforge.fml.loading.targets.CommonServerLaunchHandler.lambda$makeService$0(CommonServerLaunchHandler.java:27) ~[fmlloader-1.20.1-47.4.10.jar%2369!/:?]
	at cpw.mods.modlauncher.LaunchServiceHandlerDecorator.launch(LaunchServiceHandlerDecorator.java:30) ~[modlauncher-10.0.9.jar%2355!/:?]
	at cpw.mods.modlauncher.LaunchServiceHandler.launch(LaunchServiceHandler.java:53) ~[modlauncher-10.0.9.jar%2355!/:?]
	at cpw.mods.modlauncher.LaunchServiceHandler.launch(LaunchServiceHandler.java:71) ~[modlauncher-10.0.9.jar%2355!/:?]
	at cpw.mods.modlauncher.Launcher.run(Launcher.java:108) ~[modlauncher-10.0.9.jar%2355!/:?]
	at cpw.mods.modlauncher.Launcher.main(Launcher.java:78) ~[modlauncher-10.0.9.jar%2355!/:?]
	at cpw.mods.modlauncher.BootstrapLaunchConsumer.accept(BootstrapLaunchConsumer.java:26) ~[modlauncher-10.0.9.jar%2355!/:?]
	at cpw.mods.modlauncher.BootstrapLaunchConsumer.accept(BootstrapLaunchConsumer.java:23) ~[modlauncher-10.0.9.jar%2355!/:?]
	at cpw.mods.bootstraplauncher.BootstrapLauncher.main(BootstrapLauncher.java:141) ~[bootstraplauncher-1.1.2.jar:?]
