[04Oct2026 19:05:06.471] [main/INFO] [cpw.mods.modlauncher.Launcher/MODLAUNCHER]: ModLauncher running: args [--launchTarget, forgeserver, --fml.forgeVersion, 47.4.10, --fml.mcVersion, 1.20.1, --fml.forgeGroup, net.minecraftforge, --fml.mcpVersion, 20230612.114412]
[04Oct2026 19:05:06.474] [main/INFO] [cpw.mods.modlauncher.Launcher/MODLAUNCHER]: ModLauncher 10.0.9+10.0.9+main.dcd20f30 starting: java version 17.0.18 by Eclipse Adoptium; OS Mac OS X arch aarch64 version 27.0
[04Oct2026 19:05:07.034] [main/INFO] [net.minecraftforge.fml.loading.ImmediateWindowHandler/]: ImmediateWindowProvider not loading because launch target is forgeserver
[04Oct2026 19:05:07.067] [main/INFO] [mixin/]: SpongePowered MIXIN Subsystem Version=0.8.5 Source=union:/Users/caden/A.Developer/JuniorMC/SERVER/libraries/org/spongepowered/mixin/0.8.5/mixin-0.8.5.jar%2365!/ Service=ModLauncher Env=SERVER
[04Oct2026 19:05:07.377] [main/WARN] [net.minecraftforge.fml.loading.moddiscovery.ModFileParser/LOADING]: Mod file /Users/caden/A.Developer/JuniorMC/SERVER/libraries/net/minecraftforge/fmlcore/1.20.1-47.4.10/fmlcore-1.20.1-47.4.10.jar is missing mods.toml file
[04Oct2026 19:05:07.378] [main/WARN] [net.minecraftforge.fml.loading.moddiscovery.ModFileParser/LOADING]: Mod file /Users/caden/A.Developer/JuniorMC/SERVER/libraries/net/minecraftforge/javafmllanguage/1.20.1-47.4.10/javafmllanguage-1.20.1-47.4.10.jar is missing mods.toml file
[04Oct2026 19:05:07.379] [main/WARN] [net.minecraftforge.fml.loading.moddiscovery.ModFileParser/LOADING]: Mod file /Users/caden/A.Developer/JuniorMC/SERVER/libraries/net/minecraftforge/lowcodelanguage/1.20.1-47.4.10/lowcodelanguage-1.20.1-47.4.10.jar is missing mods.toml file
[04Oct2026 19:05:07.380] [main/WARN] [net.minecraftforge.fml.loading.moddiscovery.ModFileParser/LOADING]: Mod file /Users/caden/A.Developer/JuniorMC/SERVER/libraries/net/minecraftforge/mclanguage/1.20.1-47.4.10/mclanguage-1.20.1-47.4.10.jar is missing mods.toml file
[04Oct2026 19:05:07.657] [main/WARN] [net.minecraftforge.jarjar.selection.JarSelector/]: Attempted to select two dependency jars from JarJar which have the same identification: Mod File:  and Mod File: . Using Mod File: 
[04Oct2026 19:05:07.658] [main/WARN] [net.minecraftforge.jarjar.selection.JarSelector/]: Attempted to select a dependency jar for JarJar which was passed in as source: curios. Using Mod File: /Users/caden/A.Developer/JuniorMC/SERVER/mods/curios-forge-5.14.1+1.20.1.jar
[04Oct2026 19:05:07.658] [main/INFO] [net.minecraftforge.fml.loading.moddiscovery.JarInJarDependencyLocator/]: Found 20 dependencies adding them to mods collection
[04Oct2026 19:05:09.310] [main/INFO] [mixin/]: Compatibility level set to JAVA_17
[04Oct2026 19:05:09.453] [main/INFO] [cpw.mods.modlauncher.LaunchServiceHandler/MODLAUNCHER]: Launching target 'forgeserver' with arguments []
[04Oct2026 19:05:09.631] [main/INFO] [ModernFix/]: Loaded configuration file for ModernFix 5.27.85+mc1.20.1: 110 options available, 0 override(s) found
[04Oct2026 19:05:09.632] [main/INFO] [ModernFix/]: Applying Nashorn fix
[04Oct2026 19:05:09.640] [main/INFO] [ModernFix/]: Applied Forge config corruption patch
[04Oct2026 19:05:09.724] [main/WARN] [mixin/]: Reference map 'nitrogen_internals.refmap.json' for nitrogen_internals.mixins.json could not be read. If this is a development environment you can ignore this message
[04Oct2026 19:05:09.741] [main/WARN] [mixin/]: Reference map 'puzzlesaccessapi.common.refmap.json' for puzzlesaccessapi.common.mixins.json could not be read. If this is a development environment you can ignore this message
[04Oct2026 19:05:09.808] [main/INFO] [Puzzles Lib/]: Loading 96 mods:
	- ad_astra 1.15.21
	- adlods 8.1.12.0
	- advancementplaques 1.6.9
	- aether 1.20.1-1.5.2-neoforge
		|-- cumulus_menus 1.20.1-1.0.1-neoforge
		\-- nitrogen_internals 1.20.1-1.0.12-neoforge
	- alexsmobs 1.22.9
	- almanac 1.0.2
	- almostunified 1.20.1-0.11.0
	- appleskin 2.5.1+mc1.20.1
	- architectury 9.2.14
	- artifacts 9.5.19
		\-- expandability 9.0.4
	- betterf3 7.0.2
	- bonsaitrees3 3.3.2
	- bookshelf 20.2.15
	- botarium 2.3.4
	- buildinggadgets2 1.0.8
	- caelus 3.2.0+1.20.1
	- carryon 2.1.2.7
	- charmofundying 6.5.0+1.20.1
		\-- spectrelib 0.13.15+1.20.1
	- citadel 2.6.3
	- cleanswing 1.8
	- cloth_config 11.1.136
	- clumps 12.0.0.4
	- collective 8.42
	- comforts 6.4.0+1.20.1
	- compactmachines 6.0.3
	- compasstomapxaeros 0.1.2
	- controlling 12.0.2
	- cucumber 7.0.16
	- curios 5.14.1+1.20.1
	- cyclic 1.13.7
	- deeperdarker 1.3.3
	- domum_ornamentum 1.20.1-1.0.296
	- doubledoors 7.3
	- easy_villagers 1.20.1-1.1.23
	- elevatorid 1.20.1-1.9.1-forge
	- elytraslot 6.4.4+1.20.1
		\-- mixinsquared 0.1.2-beta.6
	- enchantinginfuser 8.0.3
	- enchdesc 17.1.21
	- explorerscompass 1.20.1-1.4.0-forge
	- farmersdelight 1.20.1-1.3.4
	- ferritecore 6.0.1
	- flib 0.0.16
	- forge 47.4.10
	- forgeendertech 11.1.11.1
	- geckolib 4.8.4
	- gobber2 2.8.9
	- iceberg 1.1.25
	- ironchest 1.20.1-14.4.4
	- ironfurnaces 4.1.8
	- jade 11.13.3+forge
	- jade_sophisticated_backpacks 1.0.2
	- jei 15.56.0.205
	- jeresources 1.4.0.247
	- justenoughbreeding 3.1.1
	- justenoughprofessions 3.0.1
	- justzoom 3.0.1
	- konkrete 1.8.0
	- legendarytabs 1.20.1-2.0
	- letmedespawn 1.5.0
	- libnonymous 2.3.1
	- lootr 0.7.35.94
	- minecraft 1.20.1
	- mob_grinding_utils 1.20.1-1.1.0
	- modernfix 5.27.85+mc1.20.1
		\-- mixinextras 0.4.1
	- more_tier_upgrade 1.0.10-forge
	- mousetweaks 2.25.1
	- music_dicks 1.0.0
	- mysticalagriculture 7.0.24
	- naturalist 5.0pre2
		\-- midnightlib 1.4.2
	- naturescompass 1.20.1-1.12.0-forge
	- nethersdelight 1.20.1-4.0
	- ore_creeper 1.20.1-1.2.1
	- oreexcavation 1.13.174
	- placebo 8.6.3
	- projecte 1.0.1
	- puzzleslib 8.1.33
		\-- puzzlesaccessapi 20.1.1
	- resourcefulconfig 2.1.3
	- resourcefullib 2.1.29
	- searchables 1.0.3
	- sophisticatedbackpacks 3.26.6.2176
	- sophisticatedcore 1.5.4.2362
	- sophisticatedstorage 1.5.0.2137
	- sophisticatedtab 1.20.1-0.8.0
	- toastcontrol 8.0.3
	- worldedit 7.2.15+6463-5ca4dff
	- xaerominimap 26.5.0
	- xaeroworldmap 1.46.0
		\-- xaerolib 1.7.3
[04Oct2026 19:05:10.201] [main/INFO] [net.minecraftforge.coremod.CoreMod.placebo/COREMODLOG]: Patching IForgeItemStack#getEnchantmentLevel
[04Oct2026 19:05:10.214] [main/INFO] [net.minecraftforge.coremod.CoreMod.placebo/COREMODLOG]: Patching IForgeItemStack#getEnchantmentLevel
[04Oct2026 19:05:10.462] [main/WARN] [mixin/]: Error loading class: net/minecraft/client/renderer/entity/PhantomRenderer (java.lang.ClassNotFoundException: net.minecraft.client.renderer.entity.PhantomRenderer)
[04Oct2026 19:05:10.462] [main/WARN] [mixin/]: @Mixin target net.minecraft.client.renderer.entity.PhantomRenderer was not found mixins.deeperdarker.json:PhantomRendererMixin
[04Oct2026 19:05:10.908] [main/INFO] [MixinExtras|Service/]: Initializing MixinExtras via com.llamalad7.mixinextras.service.MixinExtrasServiceImpl(version=0.4.1).
[04Oct2026 19:05:11.236] [main/WARN] [oshi.util.platform.mac.SysctlUtil/]: Failed sysctl call: hw.cpufrequency, Error code: 2
[04Oct2026 19:05:11.744] [main/INFO] [net.minecraft.server.Bootstrap/]: ModernFix reached bootstrap stage (6.954 s after launch)
[04Oct2026 19:05:11.820] [main/WARN] [mixin/]: @Final field delegatesByName:Ljava/util/Map; in modernfix-modernfix.mixins.json:perf.forge_registry_alloc.ForgeRegistryMixin should be final
[04Oct2026 19:05:11.820] [main/WARN] [mixin/]: @Final field delegatesByValue:Ljava/util/Map; in modernfix-modernfix.mixins.json:perf.forge_registry_alloc.ForgeRegistryMixin should be final
[04Oct2026 19:05:12.592] [main/INFO] [net.minecraft.server.Bootstrap/]: Vanilla bootstrap took 842 milliseconds
[04Oct2026 19:05:12.959] [main/INFO] [net.minecraftforge.coremod.CoreMod.placebo/COREMODLOG]: Patching IForgeItemStack#getEnchantmentLevel
[04Oct2026 19:05:12.959] [main/INFO] [net.minecraftforge.coremod.CoreMod.placebo/COREMODLOG]: Patching IForgeItemStack#getEnchantmentLevel
[04Oct2026 19:05:12.964] [main/INFO] [net.minecraftforge.coremod.CoreMod.placebo/COREMODLOG]: Patching IForgeItemStack#getEnchantmentLevel
[04Oct2026 19:05:12.965] [main/INFO] [net.minecraftforge.coremod.CoreMod.placebo/COREMODLOG]: Patching IForgeItemStack#getEnchantmentLevel
[04Oct2026 19:05:14.657] [modloading-worker-0/INFO] [xaero.map.WorldMap/]: Registering common data for channel xaeroworldmap:main!
[04Oct2026 19:05:14.662] [modloading-worker-0/INFO] [Bookshelf/]: Fixing MC-151457. Crafting remainder for minecraft:pufferfish_bucket is now minecraft:bucket.
[04Oct2026 19:05:14.662] [modloading-worker-0/INFO] [Bookshelf/]: Fixing MC-151457. Crafting remainder for minecraft:salmon_bucket is now minecraft:bucket.
[04Oct2026 19:05:14.662] [modloading-worker-0/INFO] [Bookshelf/]: Fixing MC-151457. Crafting remainder for minecraft:cod_bucket is now minecraft:bucket.
[04Oct2026 19:05:14.662] [modloading-worker-0/INFO] [Bookshelf/]: Fixing MC-151457. Crafting remainder for minecraft:tropical_fish_bucket is now minecraft:bucket.
[04Oct2026 19:05:14.662] [modloading-worker-0/INFO] [Bookshelf/]: Fixing MC-151457. Crafting remainder for minecraft:axolotl_bucket is now minecraft:bucket.
[04Oct2026 19:05:14.662] [modloading-worker-0/INFO] [Bookshelf/]: Fixing MC-151457. Crafting remainder for minecraft:powder_snow_bucket is now minecraft:bucket.
[04Oct2026 19:05:14.662] [modloading-worker-0/INFO] [Bookshelf/]: Fixing MC-151457. Crafting remainder for minecraft:tadpole_bucket is now minecraft:bucket.
[04Oct2026 19:05:14.677] [modloading-worker-0/INFO] [xaero.map.WorldMap/]: Loading primary common config for channel xaeroworldmap:main!
[04Oct2026 19:05:14.680] [modloading-worker-0/INFO] [xaero.map.WorldMap/]: Loading server config profiles for channel xaeroworldmap:main!
[04Oct2026 19:05:14.702] [modloading-worker-0/WARN] [net.minecraftforge.common.ForgeConfigSpec/CORE]: Configuration file /Users/caden/A.Developer/JuniorMC/SERVER/config/jeresources.toml is not correct. Correcting
[04Oct2026 19:05:14.703] [modloading-worker-0/WARN] [net.minecraftforge.common.ForgeConfigSpec/CORE]: Incorrect key itemsPerColumn was corrected from null to its default, 4. 
[04Oct2026 19:05:14.704] [modloading-worker-0/WARN] [net.minecraftforge.common.ForgeConfigSpec/CORE]: Incorrect key itemsPerRow was corrected from null to its default, 4. 
[04Oct2026 19:05:14.704] [modloading-worker-0/WARN] [net.minecraftforge.common.ForgeConfigSpec/CORE]: Incorrect key diyData was corrected from null to its default, true. 
[04Oct2026 19:05:14.705] [modloading-worker-0/WARN] [net.minecraftforge.common.ForgeConfigSpec/CORE]: Incorrect key showDevData was corrected from null to its default, false. 
[04Oct2026 19:05:14.705] [modloading-worker-0/WARN] [net.minecraftforge.common.ForgeConfigSpec/CORE]: Incorrect key enchantsBlacklist was corrected from null to its default, [flimflam, soulBound]. 
[04Oct2026 19:05:14.706] [modloading-worker-0/WARN] [net.minecraftforge.common.ForgeConfigSpec/CORE]: Incorrect key hiddenTabs was corrected from null to its default, []. 
[04Oct2026 19:05:14.706] [modloading-worker-0/WARN] [net.minecraftforge.common.ForgeConfigSpec/CORE]: Incorrect key dimensionsBlacklist was corrected from null to its default, [-11]. 
[04Oct2026 19:05:14.706] [modloading-worker-0/WARN] [net.minecraftforge.common.ForgeConfigSpec/CORE]: Incorrect key disableLootManagerReloading was corrected from null to its default, false. 
[04Oct2026 19:05:14.708] [modloading-worker-0/INFO] [de.keksuccino.konkrete.Konkrete/]: [KONKRETE] Successfully initialized!
[04Oct2026 19:05:14.708] [modloading-worker-0/INFO] [de.keksuccino.konkrete.Konkrete/]: [KONKRETE] Server-side libs ready to use!
[04Oct2026 19:05:14.822] [modloading-worker-0/WARN] [net.minecraftforge.common.ForgeConfigSpec/CORE]: Configuration file /Users/caden/A.Developer/JuniorMC/SERVER/config/ironfurnaces-client.toml is not correct. Correcting
[04Oct2026 19:05:14.823] [modloading-worker-0/WARN] [net.minecraftforge.common.ForgeConfigSpec/CORE]: Incorrect key furnaces was corrected from null to its default, SimpleCommentedConfig:{}. 
[04Oct2026 19:05:14.823] [modloading-worker-0/WARN] [net.minecraftforge.common.ForgeConfigSpec/CORE]: Incorrect key furnaces.energy was corrected from null to its default, SimpleCommentedConfig:{}. 
[04Oct2026 19:05:14.823] [modloading-worker-0/WARN] [net.minecraftforge.common.ForgeConfigSpec/CORE]: Incorrect key furnaces.energy.tier_0 was corrected from null to its default, 80000. 
[04Oct2026 19:05:14.823] [modloading-worker-0/WARN] [net.minecraftforge.common.ForgeConfigSpec/CORE]: Incorrect key furnaces.energy.tier_1 was corrected from null to its default, 200000. 
[04Oct2026 19:05:14.824] [modloading-worker-0/WARN] [net.minecraftforge.common.ForgeConfigSpec/CORE]: Incorrect key furnaces.energy.tier_2 was corrected from null to its default, 1000000. 
[04Oct2026 19:05:14.824] [modloading-worker-0/WARN] [net.minecraftforge.common.ForgeConfigSpec/CORE]: Incorrect key furnaces.iron_furnace was corrected from null to its default, SimpleCommentedConfig:{}. 
[04Oct2026 19:05:14.824] [modloading-worker-0/WARN] [net.minecraftforge.common.ForgeConfigSpec/CORE]: Incorrect key furnaces.iron_furnace.tier was corrected from null to its default, 0. 
[04Oct2026 19:05:14.824] [modloading-worker-0/WARN] [net.minecraftforge.common.ForgeConfigSpec/CORE]: Incorrect key furnaces.iron_furnace.speed was corrected from null to its default, 160. 
[04Oct2026 19:05:14.824] [modloading-worker-0/WARN] [net.minecraftforge.common.ForgeConfigSpec/CORE]: Incorrect key furnaces.iron_furnace.generation was corrected from null to its default, 40. 
[04Oct2026 19:05:14.828] [modloading-worker-0/WARN] [net.minecraftforge.common.ForgeConfigSpec/CORE]: Incorrect key furnaces.copper_furnace was corrected from null to its default, SimpleCommentedConfig:{}. 
[04Oct2026 19:05:14.828] [modloading-worker-0/WARN] [net.minecraftforge.common.ForgeConfigSpec/CORE]: Incorrect key furnaces.copper_furnace.tier was corrected from null to its default, 0. 
[04Oct2026 19:05:14.828] [modloading-worker-0/WARN] [net.minecraftforge.common.ForgeConfigSpec/CORE]: Incorrect key furnaces.copper_furnace.speed was corrected from null to its default, 180. 
[04Oct2026 19:05:14.828] [modloading-worker-0/WARN] [net.minecraftforge.common.ForgeConfigSpec/CORE]: Incorrect key furnaces.copper_furnace.generation was corrected from null to its default, 40. 
[04Oct2026 19:05:14.828] [modloading-worker-0/WARN] [net.minecraftforge.common.ForgeConfigSpec/CORE]: Incorrect key furnaces.gold_furnace was corrected from null to its default, SimpleCommentedConfig:{}. 
[04Oct2026 19:05:14.828] [modloading-worker-0/WARN] [net.minecraftforge.common.ForgeConfigSpec/CORE]: Incorrect key furnaces.gold_furnace.tier was corrected from null to its default, 1. 
[04Oct2026 19:05:14.828] [modloading-worker-0/WARN] [net.minecraftforge.common.ForgeConfigSpec/CORE]: Incorrect key furnaces.gold_furnace.speed was corrected from null to its default, 120. 
[04Oct2026 19:05:14.828] [modloading-worker-0/WARN] [net.minecraftforge.common.ForgeConfigSpec/CORE]: Incorrect key furnaces.gold_furnace.generation was corrected from null to its default, 160. 
[04Oct2026 19:05:14.829] [modloading-worker-0/WARN] [net.minecraftforge.common.ForgeConfigSpec/CORE]: Incorrect key furnaces.diamond_furnace was corrected from null to its default, SimpleCommentedConfig:{}. 
[04Oct2026 19:05:14.829] [modloading-worker-0/WARN] [net.minecraftforge.common.ForgeConfigSpec/CORE]: Incorrect key furnaces.diamond_furnace.tier was corrected from null to its default, 2. 
[04Oct2026 19:05:14.829] [modloading-worker-0/WARN] [net.minecraftforge.common.ForgeConfigSpec/CORE]: Incorrect key furnaces.diamond_furnace.speed was corrected from null to its default, 80. 
[04Oct2026 19:05:14.829] [modloading-worker-0/WARN] [net.minecraftforge.common.ForgeConfigSpec/CORE]: Incorrect key furnaces.diamond_furnace.generation was corrected from null to its default, 240. 
[04Oct2026 19:05:14.829] [modloading-worker-0/WARN] [net.minecraftforge.common.ForgeConfigSpec/CORE]: Incorrect key furnaces.emerald_furnace was corrected from null to its default, SimpleCommentedConfig:{}. 
[04Oct2026 19:05:14.829] [modloading-worker-0/WARN] [net.minecraftforge.common.ForgeConfigSpec/CORE]: Incorrect key furnaces.emerald_furnace.tier was corrected from null to its default, 2. 
[04Oct2026 19:05:14.829] [modloading-worker-0/WARN] [net.minecraftforge.common.ForgeConfigSpec/CORE]: Incorrect key furnaces.emerald_furnace.speed was corrected from null to its default, 40. 
[04Oct2026 19:05:14.829] [modloading-worker-0/WARN] [net.minecraftforge.common.ForgeConfigSpec/CORE]: Incorrect key furnaces.emerald_furnace.generation was corrected from null to its default, 320. 
[04Oct2026 19:05:14.830] [modloading-worker-0/WARN] [net.minecraftforge.common.ForgeConfigSpec/CORE]: Incorrect key furnaces.silver_furnace was corrected from null to its default, SimpleCommentedConfig:{}. 
[04Oct2026 19:05:14.830] [modloading-worker-0/WARN] [net.minecraftforge.common.ForgeConfigSpec/CORE]: Incorrect key furnaces.silver_furnace.tier was corrected from null to its default, 1. 
[04Oct2026 19:05:14.830] [modloading-worker-0/WARN] [net.minecraftforge.common.ForgeConfigSpec/CORE]: Incorrect key furnaces.silver_furnace.speed was corrected from null to its default, 140. 
[04Oct2026 19:05:14.830] [modloading-worker-0/WARN] [net.minecraftforge.common.ForgeConfigSpec/CORE]: Incorrect key furnaces.silver_furnace.generation was corrected from null to its default, 100. 
[04Oct2026 19:05:14.830] [modloading-worker-0/WARN] [net.minecraftforge.common.ForgeConfigSpec/CORE]: Incorrect key furnaces.crystal_furnace was corrected from null to its default, SimpleCommentedConfig:{}. 
[04Oct2026 19:05:14.830] [modloading-worker-0/WARN] [net.minecraftforge.common.ForgeConfigSpec/CORE]: Incorrect key furnaces.crystal_furnace.tier was corrected from null to its default, 2. 
[04Oct2026 19:05:14.830] [modloading-worker-0/WARN] [net.minecraftforge.common.ForgeConfigSpec/CORE]: Incorrect key furnaces.crystal_furnace.speed was corrected from null to its default, 40. 
[04Oct2026 19:05:14.830] [modloading-worker-0/WARN] [net.minecraftforge.common.ForgeConfigSpec/CORE]: Incorrect key furnaces.crystal_furnace.generation was corrected from null to its default, 360. 
[04Oct2026 19:05:14.830] [modloading-worker-0/WARN] [net.minecraftforge.common.ForgeConfigSpec/CORE]: Incorrect key furnaces.obsidian_furnace was corrected from null to its default, SimpleCommentedConfig:{}. 
[04Oct2026 19:05:14.830] [modloading-worker-0/WARN] [net.minecraftforge.common.ForgeConfigSpec/CORE]: Incorrect key furnaces.obsidian_furnace.tier was corrected from null to its default, 2. 
[04Oct2026 19:05:14.830] [modloading-worker-0/WARN] [net.minecraftforge.common.ForgeConfigSpec/CORE]: Incorrect key furnaces.obsidian_furnace.speed was corrected from null to its default, 20. 
[04Oct2026 19:05:14.830] [modloading-worker-0/WARN] [net.minecraftforge.common.ForgeConfigSpec/CORE]: Incorrect key furnaces.obsidian_furnace.generation was corrected from null to its default, 500. 
[04Oct2026 19:05:14.830] [modloading-worker-0/WARN] [net.minecraftforge.common.ForgeConfigSpec/CORE]: Incorrect key furnaces.netherite_furnace was corrected from null to its default, SimpleCommentedConfig:{}. 
[04Oct2026 19:05:14.830] [modloading-worker-0/WARN] [net.minecraftforge.common.ForgeConfigSpec/CORE]: Incorrect key furnaces.netherite_furnace.tier was corrected from null to its default, 2. 
[04Oct2026 19:05:14.831] [modloading-worker-0/WARN] [net.minecraftforge.common.ForgeConfigSpec/CORE]: Incorrect key furnaces.netherite_furnace.speed was corrected from null to its default, 5. 
[04Oct2026 19:05:14.831] [modloading-worker-0/WARN] [net.minecraftforge.common.ForgeConfigSpec/CORE]: Incorrect key furnaces.netherite_furnace.generation was corrected from null to its default, 1000. 
[04Oct2026 19:05:14.831] [modloading-worker-0/WARN] [net.minecraftforge.common.ForgeConfigSpec/CORE]: Incorrect key furnaces.million_furnace was corrected from null to its default, SimpleCommentedConfig:{}. 
[04Oct2026 19:05:14.831] [modloading-worker-0/WARN] [net.minecraftforge.common.ForgeConfigSpec/CORE]: Incorrect key furnaces.million_furnace.tier was corrected from null to its default, 2. 
[04Oct2026 19:05:14.831] [modloading-worker-0/WARN] [net.minecraftforge.common.ForgeConfigSpec/CORE]: Incorrect key furnaces.recipe_cache was corrected from null to its default, 10. 
[04Oct2026 19:05:14.831] [modloading-worker-0/WARN] [net.minecraftforge.common.ForgeConfigSpec/CORE]: Incorrect key furnaces.rainbow_furnace was corrected from null to its default, SimpleCommentedConfig:{}. 
[04Oct2026 19:05:14.831] [modloading-worker-0/WARN] [net.minecraftforge.common.ForgeConfigSpec/CORE]: Incorrect key furnaces.rainbow_furnace.speed was corrected from null to its default, 20. 
[04Oct2026 19:05:14.831] [modloading-worker-0/WARN] [net.minecraftforge.common.ForgeConfigSpec/CORE]: Incorrect key furnaces.rainbow_furnace.rainbow_generation was corrected from null to its default, 50000. 
[04Oct2026 19:05:14.831] [modloading-worker-0/WARN] [net.minecraftforge.common.ForgeConfigSpec/CORE]: Incorrect key furnaces.rainbow_furnace.generation was corrected from null to its default, 2000. 
[04Oct2026 19:05:14.831] [modloading-worker-0/WARN] [net.minecraftforge.common.ForgeConfigSpec/CORE]: Incorrect key furnaces.recipeMaxXPLevel was corrected from null to its default, SimpleCommentedConfig:{}. 
[04Oct2026 19:05:14.831] [modloading-worker-0/WARN] [net.minecraftforge.common.ForgeConfigSpec/CORE]: Incorrect key furnaces.recipeMaxXPLevel.level was corrected from null to its default, 100. 
[04Oct2026 19:05:14.832] [modloading-worker-0/INFO] [Collective/]: Loading Collective version 8.42.
[04Oct2026 19:05:14.835] [modloading-worker-0/WARN] [net.minecraftforge.common.ForgeConfigSpec/CORE]: Incorrect key modded_furnaces was corrected from null to its default, SimpleCommentedConfig:{}. 
[04Oct2026 19:05:14.835] [modloading-worker-0/WARN] [net.minecraftforge.common.ForgeConfigSpec/CORE]: Incorrect key modded_furnaces.allthemodium_furnace was corrected from null to its default, SimpleCommentedConfig:{}. 
[04Oct2026 19:05:14.836] [modloading-worker-0/WARN] [net.minecraftforge.common.ForgeConfigSpec/CORE]: Incorrect key modded_furnaces.allthemodium_furnace.speed was corrected from null to its default, 5. 
[04Oct2026 19:05:14.836] [modloading-worker-0/WARN] [net.minecraftforge.common.ForgeConfigSpec/CORE]: Incorrect key modded_furnaces.allthemodium_furnace.mult was corrected from null to its default, 16. 
[04Oct2026 19:05:14.836] [modloading-worker-0/WARN] [net.minecraftforge.common.ForgeConfigSpec/CORE]: Incorrect key modded_furnaces.allthemodium_furnace.generation was corrected from null to its default, 2000. 
[04Oct2026 19:05:14.836] [modloading-worker-0/WARN] [net.minecraftforge.common.ForgeConfigSpec/CORE]: Incorrect key modded_furnaces.allthemodium_furnace.tier was corrected from null to its default, 2. 
[04Oct2026 19:05:14.836] [modloading-worker-0/WARN] [net.minecraftforge.common.ForgeConfigSpec/CORE]: Incorrect key modded_furnaces.vibranium_furnace was corrected from null to its default, SimpleCommentedConfig:{}. 
[04Oct2026 19:05:14.836] [modloading-worker-0/WARN] [net.minecraftforge.common.ForgeConfigSpec/CORE]: Incorrect key modded_furnaces.vibranium_furnace.speed was corrected from null to its default, 3. 
[04Oct2026 19:05:14.836] [modloading-worker-0/WARN] [net.minecraftforge.common.ForgeConfigSpec/CORE]: Incorrect key modded_furnaces.vibranium_furnace.mult was corrected from null to its default, 32. 
[04Oct2026 19:05:14.836] [modloading-worker-0/WARN] [net.minecraftforge.common.ForgeConfigSpec/CORE]: Incorrect key modded_furnaces.vibranium_furnace.generation was corrected from null to its default, 3000. 
[04Oct2026 19:05:14.836] [modloading-worker-0/WARN] [net.minecraftforge.common.ForgeConfigSpec/CORE]: Incorrect key modded_furnaces.vibranium_furnace.tier was corrected from null to its default, 2. 
[04Oct2026 19:05:14.837] [modloading-worker-0/WARN] [net.minecraftforge.common.ForgeConfigSpec/CORE]: Incorrect key modded_furnaces.unobtainium_furnace was corrected from null to its default, SimpleCommentedConfig:{}. 
[04Oct2026 19:05:14.837] [modloading-worker-0/WARN] [net.minecraftforge.common.ForgeConfigSpec/CORE]: Incorrect key modded_furnaces.unobtainium_furnace.speed was corrected from null to its default, 1. 
[04Oct2026 19:05:14.837] [modloading-worker-0/WARN] [net.minecraftforge.common.ForgeConfigSpec/CORE]: Incorrect key modded_furnaces.unobtainium_furnace.mult was corrected from null to its default, 64. 
[04Oct2026 19:05:14.837] [modloading-worker-0/WARN] [net.minecraftforge.common.ForgeConfigSpec/CORE]: Incorrect key modded_furnaces.unobtainium_furnace.generation was corrected from null to its default, 5000. 
[04Oct2026 19:05:14.837] [modloading-worker-0/WARN] [net.minecraftforge.common.ForgeConfigSpec/CORE]: Incorrect key modded_furnaces.unobtainium_furnace.tier was corrected from null to its default, 2. 
[04Oct2026 19:05:14.841] [modloading-worker-0/WARN] [net.minecraftforge.common.ForgeConfigSpec/CORE]: Incorrect key jei was corrected from null to its default, SimpleCommentedConfig:{}. 
[04Oct2026 19:05:14.841] [modloading-worker-0/WARN] [net.minecraftforge.common.ForgeConfigSpec/CORE]: Incorrect key jei.jei was corrected from null to its default, SimpleCommentedConfig:{}. 
[04Oct2026 19:05:14.841] [modloading-worker-0/WARN] [net.minecraftforge.common.ForgeConfigSpec/CORE]: Incorrect key jei.jei.enable_jei was corrected from null to its default, true. 
[04Oct2026 19:05:14.841] [modloading-worker-0/WARN] [net.minecraftforge.common.ForgeConfigSpec/CORE]: Incorrect key jei.jei.enable_jei_catalysts was corrected from null to its default, true. 
[04Oct2026 19:05:14.841] [modloading-worker-0/WARN] [net.minecraftforge.common.ForgeConfigSpec/CORE]: Incorrect key jei.jei.enable_jei_click_area was corrected from null to its default, true. 
[04Oct2026 19:05:14.842] [modloading-worker-0/WARN] [net.minecraftforge.common.ForgeConfigSpec/CORE]: Incorrect key misc was corrected from null to its default, SimpleCommentedConfig:{}. 
[04Oct2026 19:05:14.842] [modloading-worker-0/WARN] [net.minecraftforge.common.ForgeConfigSpec/CORE]: Incorrect key misc.misc was corrected from null to its default, SimpleCommentedConfig:{}. 
[04Oct2026 19:05:14.842] [modloading-worker-0/WARN] [net.minecraftforge.common.ForgeConfigSpec/CORE]: Incorrect key misc.misc.rainbow was corrected from null to its default, true. 
[04Oct2026 19:05:14.842] [modloading-worker-0/WARN] [net.minecraftforge.common.ForgeConfigSpec/CORE]: Incorrect key misc.misc.errors was corrected from null to its default, false. 
[04Oct2026 19:05:14.843] [modloading-worker-0/WARN] [net.minecraftforge.common.ForgeConfigSpec/CORE]: Incorrect key misc.misc.web was corrected from null to its default, false. 
[04Oct2026 19:05:14.843] [modloading-worker-0/WARN] [net.minecraftforge.common.ForgeConfigSpec/CORE]: Incorrect key misc.misc.lightupdates was corrected from null to its default, false. 
[04Oct2026 19:05:14.844] [modloading-worker-0/WARN] [net.minecraftforge.common.ForgeConfigSpec/CORE]: Incorrect key updates was corrected from null to its default, SimpleCommentedConfig:{}. 
[04Oct2026 19:05:14.845] [modloading-worker-0/WARN] [net.minecraftforge.common.ForgeConfigSpec/CORE]: Incorrect key updates.check_updates was corrected from null to its default, SimpleCommentedConfig:{}. 
[04Oct2026 19:05:14.845] [modloading-worker-0/WARN] [net.minecraftforge.common.ForgeConfigSpec/CORE]: Incorrect key updates.check_updates.updates was corrected from null to its default, true. 
[04Oct2026 19:05:14.851] [modloading-worker-0/INFO] [ironfurnaces.IronFurnaces/]: Initializing Update Checker...
[04Oct2026 19:05:14.852] [Iron Furnaces Update Checker/INFO] [ironfurnaces.IronFurnaces/]: Starting Update Check...
[04Oct2026 19:05:14.885] [modloading-worker-0/INFO] [com.aetherteam.cumulus.Cumulus/]: Disabling Cumulus as it is on server.
[04Oct2026 19:05:14.889] [modloading-worker-0/WARN] [net.minecraftforge.common.ForgeConfigSpec/CORE]: Configuration file /Users/caden/A.Developer/JuniorMC/SERVER/config/gobber-general.toml is not correct. Correcting
[04Oct2026 19:05:14.889] [modloading-worker-0/WARN] [net.minecraftforge.common.ForgeConfigSpec/CORE]: Incorrect key gobber_tool_material was corrected from null to its default, SimpleCommentedConfig:{}. 
[04Oct2026 19:05:14.889] [modloading-worker-0/WARN] [net.minecraftforge.common.ForgeConfigSpec/CORE]: Incorrect key gobber_tool_material.gobberToolsDurability was corrected from null to its default, 3800. 
[04Oct2026 19:05:14.889] [modloading-worker-0/WARN] [net.minecraftforge.common.ForgeConfigSpec/CORE]: Incorrect key gobber_tool_material.gobberToolsSpeed was corrected from null to its default, 9.0. 
[04Oct2026 19:05:14.890] [modloading-worker-0/WARN] [net.minecraftforge.common.ForgeConfigSpec/CORE]: Incorrect key gobber_tool_material.gobberToolsDamage was corrected from null to its default, 9.0. 
[04Oct2026 19:05:14.890] [modloading-worker-0/WARN] [net.minecraftforge.common.ForgeConfigSpec/CORE]: Incorrect key gobber_tool_material.gobberToolsEnchantability was corrected from null to its default, 20. 
[04Oct2026 19:05:14.890] [modloading-worker-0/WARN] [net.minecraftforge.common.ForgeConfigSpec/CORE]: Incorrect key nether_gobber_tool_material was corrected from null to its default, SimpleCommentedConfig:{}. 
[04Oct2026 19:05:14.890] [modloading-worker-0/WARN] [net.minecraftforge.common.ForgeConfigSpec/CORE]: Incorrect key nether_gobber_tool_material.netherGobberToolsDurability was corrected from null to its default, 5200. 
[04Oct2026 19:05:14.890] [modloading-worker-0/WARN] [net.minecraftforge.common.ForgeConfigSpec/CORE]: Incorrect key nether_gobber_tool_material.netherGobberToolsSpeed was corrected from null to its default, 12.0. 
[04Oct2026 19:05:14.890] [modloading-worker-0/WARN] [net.minecraftforge.common.ForgeConfigSpec/CORE]: Incorrect key nether_gobber_tool_material.netherGobberToolsDamage was corrected from null to its default, 9.0. 
[04Oct2026 19:05:14.891] [modloading-worker-0/WARN] [net.minecraftforge.common.ForgeConfigSpec/CORE]: Incorrect key nether_gobber_tool_material.netherGobberToolsEnchantability was corrected from null to its default, 25. 
[04Oct2026 19:05:14.891] [modloading-worker-0/WARN] [net.minecraftforge.common.ForgeConfigSpec/CORE]: Incorrect key end_gobber_tool_material was corrected from null to its default, SimpleCommentedConfig:{}. 
[04Oct2026 19:05:14.891] [modloading-worker-0/WARN] [net.minecraftforge.common.ForgeConfigSpec/CORE]: Incorrect key end_gobber_tool_material.endGobberToolsDurability was corrected from null to its default, 8000. 
[04Oct2026 19:05:14.891] [modloading-worker-0/WARN] [net.minecraftforge.common.ForgeConfigSpec/CORE]: Incorrect key end_gobber_tool_material.endGobberToolsSpeed was corrected from null to its default, 14.0. 
[04Oct2026 19:05:14.891] [modloading-worker-0/WARN] [net.minecraftforge.common.ForgeConfigSpec/CORE]: Incorrect key end_gobber_tool_material.endGobberToolsDamage was corrected from null to its default, 9.0. 
[04Oct2026 19:05:14.891] [modloading-worker-0/WARN] [net.minecraftforge.common.ForgeConfigSpec/CORE]: Incorrect key end_gobber_tool_material.endGobberToolsEnchantability was corrected from null to its default, 30. 
[04Oct2026 19:05:14.891] [modloading-worker-0/WARN] [net.minecraftforge.common.ForgeConfigSpec/CORE]: Incorrect key end_gobber_tool_material.endGobberToolsUnbreakable was corrected from null to its default, true. 
[04Oct2026 19:05:14.892] [modloading-worker-0/WARN] [net.minecraftforge.common.ForgeConfigSpec/CORE]: Incorrect key gobber_armor_material was corrected from null to its default, SimpleCommentedConfig:{}. 
[04Oct2026 19:05:14.892] [modloading-worker-0/WARN] [net.minecraftforge.common.ForgeConfigSpec/CORE]: Incorrect key gobber_armor_material.gobberArmorDurabilityMultiplier was corrected from null to its default, 71. 
[04Oct2026 19:05:14.892] [modloading-worker-0/WARN] [net.minecraftforge.common.ForgeConfigSpec/CORE]: Incorrect key gobber_armor_material.gobberArmorEnchantability was corrected from null to its default, 25. 
[04Oct2026 19:05:14.892] [modloading-worker-0/WARN] [net.minecraftforge.common.ForgeConfigSpec/CORE]: Incorrect key gobber_armor_material.gobberArmorToughness was corrected from null to its default, 2.5. 
[04Oct2026 19:05:14.892] [modloading-worker-0/WARN] [net.minecraftforge.common.ForgeConfigSpec/CORE]: Incorrect key gobber_armor_material.gobberArmorKnockback was corrected from null to its default, 0.1. 
[04Oct2026 19:05:14.892] [modloading-worker-0/WARN] [net.minecraftforge.common.ForgeConfigSpec/CORE]: Incorrect key gobber_armor_material.gobberHeadProtection was corrected from null to its default, 6. 
[04Oct2026 19:05:14.892] [modloading-worker-0/WARN] [net.minecraftforge.common.ForgeConfigSpec/CORE]: Incorrect key gobber_armor_material.gobberChestProtection was corrected from null to its default, 11. 
[04Oct2026 19:05:14.893] [modloading-worker-0/WARN] [net.minecraftforge.common.ForgeConfigSpec/CORE]: Incorrect key gobber_armor_material.gobberLeggingsProtection was corrected from null to its default, 9. 
[04Oct2026 19:05:14.893] [modloading-worker-0/WARN] [net.minecraftforge.common.ForgeConfigSpec/CORE]: Incorrect key gobber_armor_material.gobberBootsProtection was corrected from null to its default, 6. 
[04Oct2026 19:05:14.893] [modloading-worker-0/WARN] [net.minecraftforge.common.ForgeConfigSpec/CORE]: Incorrect key nether_gobber_armor_material was corrected from null to its default, SimpleCommentedConfig:{}. 
[04Oct2026 19:05:14.893] [modloading-worker-0/WARN] [net.minecraftforge.common.ForgeConfigSpec/CORE]: Incorrect key nether_gobber_armor_material.netherGobberArmorDurabilityMultiplier was corrected from null to its default, 83. 
[04Oct2026 19:05:14.893] [modloading-worker-0/WARN] [net.minecraftforge.common.ForgeConfigSpec/CORE]: Incorrect key nether_gobber_armor_material.netherGobberArmorEnchantability was corrected from null to its default, 30. 
[04Oct2026 19:05:14.893] [modloading-worker-0/WARN] [net.minecraftforge.common.ForgeConfigSpec/CORE]: Incorrect key nether_gobber_armor_material.netherGobberArmorToughness was corrected from null to its default, 2.75. 
[04Oct2026 19:05:14.893] [modloading-worker-0/WARN] [net.minecraftforge.common.ForgeConfigSpec/CORE]: Incorrect key nether_gobber_armor_material.netherGobberArmorKnockback was corrected from null to its default, 0.1. 
[04Oct2026 19:05:14.894] [modloading-worker-0/WARN] [net.minecraftforge.common.ForgeConfigSpec/CORE]: Incorrect key nether_gobber_armor_material.netherHeadProtection was corrected from null to its default, 7. 
[04Oct2026 19:05:14.894] [modloading-worker-0/WARN] [net.minecraftforge.common.ForgeConfigSpec/CORE]: Incorrect key nether_gobber_armor_material.netherChestProtection was corrected from null to its default, 12. 
[04Oct2026 19:05:14.894] [modloading-worker-0/WARN] [net.minecraftforge.common.ForgeConfigSpec/CORE]: Incorrect key nether_gobber_armor_material.netherLeggingsProtection was corrected from null to its default, 10. 
[04Oct2026 19:05:14.894] [modloading-worker-0/WARN] [net.minecraftforge.common.ForgeConfigSpec/CORE]: Incorrect key nether_gobber_armor_material.netherBootsProtection was corrected from null to its default, 7. 
[04Oct2026 19:05:14.894] [modloading-worker-0/WARN] [net.minecraftforge.common.ForgeConfigSpec/CORE]: Incorrect key end_gobber_armor_material was corrected from null to its default, SimpleCommentedConfig:{}. 
[04Oct2026 19:05:14.894] [modloading-worker-0/WARN] [net.minecraftforge.common.ForgeConfigSpec/CORE]: Incorrect key end_gobber_armor_material.endGobberArmorDurabilityMultiplier was corrected from null to its default, 100. 
[04Oct2026 19:05:14.895] [modloading-worker-0/WARN] [net.minecraftforge.common.ForgeConfigSpec/CORE]: Incorrect key end_gobber_armor_material.endGobberArmorEnchantability was corrected from null to its default, 30. 
[04Oct2026 19:05:14.895] [modloading-worker-0/WARN] [net.minecraftforge.common.ForgeConfigSpec/CORE]: Incorrect key end_gobber_armor_material.endGobberArmorToughness was corrected from null to its default, 3.0. 
[04Oct2026 19:05:14.895] [modloading-worker-0/WARN] [net.minecraftforge.common.ForgeConfigSpec/CORE]: Incorrect key end_gobber_armor_material.endGobberArmorKnockback was corrected from null to its default, 0.2. 
[04Oct2026 19:05:14.895] [modloading-worker-0/WARN] [net.minecraftforge.common.ForgeConfigSpec/CORE]: Incorrect key end_gobber_armor_material.endGobberArmorUnbreakable was corrected from null to its default, true. 
[04Oct2026 19:05:14.895] [modloading-worker-0/WARN] [net.minecraftforge.common.ForgeConfigSpec/CORE]: Incorrect key end_gobber_armor_material.endHeadProtection was corrected from null to its default, 8. 
[04Oct2026 19:05:14.895] [modloading-worker-0/WARN] [net.minecraftforge.common.ForgeConfigSpec/CORE]: Incorrect key end_gobber_armor_material.endChestProtection was corrected from null to its default, 13. 
[04Oct2026 19:05:14.895] [modloading-worker-0/WARN] [net.minecraftforge.common.ForgeConfigSpec/CORE]: Incorrect key end_gobber_armor_material.endLeggingsProtection was corrected from null to its default, 11. 
[04Oct2026 19:05:14.895] [modloading-worker-0/WARN] [net.minecraftforge.common.ForgeConfigSpec/CORE]: Incorrect key end_gobber_armor_material.endBootsProtection was corrected from null to its default, 8. 
[04Oct2026 19:05:14.896] [modloading-worker-0/WARN] [net.minecraftforge.common.ForgeConfigSpec/CORE]: Incorrect key dragon_armor_material was corrected from null to its default, SimpleCommentedConfig:{}. 
[04Oct2026 19:05:14.896] [modloading-worker-0/WARN] [net.minecraftforge.common.ForgeConfigSpec/CORE]: Incorrect key dragon_armor_material.dragonArmorDurabilityMultiplier was corrected from null to its default, 100. 
[04Oct2026 19:05:14.896] [modloading-worker-0/WARN] [net.minecraftforge.common.ForgeConfigSpec/CORE]: Incorrect key dragon_armor_material.dragonArmorEnchantability was corrected from null to its default, 30. 
[04Oct2026 19:05:14.896] [modloading-worker-0/WARN] [net.minecraftforge.common.ForgeConfigSpec/CORE]: Incorrect key dragon_armor_material.dragonArmorToughness was corrected from null to its default, 3.0. 
[04Oct2026 19:05:14.896] [modloading-worker-0/WARN] [net.minecraftforge.common.ForgeConfigSpec/CORE]: Incorrect key dragon_armor_material.dragonArmorKnockback was corrected from null to its default, 0.3. 
[04Oct2026 19:05:14.896] [modloading-worker-0/WARN] [net.minecraftforge.common.ForgeConfigSpec/CORE]: Incorrect key dragon_armor_material.dragonArmorUnbreakable was corrected from null to its default, true. 
[04Oct2026 19:05:14.896] [modloading-worker-0/WARN] [net.minecraftforge.common.ForgeConfigSpec/CORE]: Incorrect key dragon_armor_material.dragonHeadProtection was corrected from null to its default, 8. 
[04Oct2026 19:05:14.896] [modloading-worker-0/WARN] [net.minecraftforge.common.ForgeConfigSpec/CORE]: Incorrect key dragon_armor_material.dragonChestProtection was corrected from null to its default, 13. 
[04Oct2026 19:05:14.896] [modloading-worker-0/WARN] [net.minecraftforge.common.ForgeConfigSpec/CORE]: Incorrect key dragon_armor_material.dragonLeggingsProtection was corrected from null to its default, 11. 
[04Oct2026 19:05:14.897] [modloading-worker-0/WARN] [net.minecraftforge.common.ForgeConfigSpec/CORE]: Incorrect key dragon_armor_material.dragonBootsProtection was corrected from null to its default, 8. 
[04Oct2026 19:05:14.904] [modloading-worker-0/WARN] [net.minecraftforge.common.ForgeConfigSpec/CORE]: Incorrect key armor_health_perk_settings was corrected from null to its default, SimpleCommentedConfig:{}. 
[04Oct2026 19:05:14.904] [modloading-worker-0/WARN] [net.minecraftforge.common.ForgeConfigSpec/CORE]: Incorrect key armor_health_perk_settings.gobberArmorNoFallDamage was corrected from null to its default, true. 
[04Oct2026 19:05:14.904] [modloading-worker-0/WARN] [net.minecraftforge.common.ForgeConfigSpec/CORE]: Incorrect key armor_health_perk_settings.gobberArmorFireProtection was corrected from null to its default, false. 
[04Oct2026 19:05:14.904] [modloading-worker-0/WARN] [net.minecraftforge.common.ForgeConfigSpec/CORE]: Incorrect key armor_health_perk_settings.gobberArmorWaterBreathing was corrected from null to its default, false. 
[04Oct2026 19:05:14.904] [modloading-worker-0/WARN] [net.minecraftforge.common.ForgeConfigSpec/CORE]: Configuration file /Users/caden/A.Developer/JuniorMC/SERVER/config/flib.toml is not correct. Correcting
[04Oct2026 19:05:14.904] [modloading-worker-0/WARN] [net.minecraftforge.common.ForgeConfigSpec/CORE]: Incorrect key armor_health_perk_settings.gobberArmorHealthPerks was corrected from null to its default, false. 
[04Oct2026 19:05:14.904] [modloading-worker-0/WARN] [net.minecraftforge.common.ForgeConfigSpec/CORE]: Incorrect key armor_health_perk_settings.gobberNetherArmorHealthPerks was corrected from null to its default, false. 
[04Oct2026 19:05:14.904] [modloading-worker-0/WARN] [net.minecraftforge.common.ForgeConfigSpec/CORE]: Incorrect key flib was corrected from null to its default, SimpleCommentedConfig:{}. 
[04Oct2026 19:05:14.905] [modloading-worker-0/WARN] [net.minecraftforge.common.ForgeConfigSpec/CORE]: Incorrect key flib.command was corrected from null to its default, SimpleCommentedConfig:{}. 
[04Oct2026 19:05:14.907] [modloading-worker-0/WARN] [net.minecraftforge.common.ForgeConfigSpec/CORE]: Incorrect key flib.command.enabled was corrected from null to its default, true. 
[04Oct2026 19:05:14.905] [modloading-worker-0/WARN] [net.minecraftforge.common.ForgeConfigSpec/CORE]: Incorrect key armor_health_perk_settings.gobberEndArmorHealthPerks was corrected from null to its default, false. 
[04Oct2026 19:05:14.908] [modloading-worker-0/WARN] [net.minecraftforge.common.ForgeConfigSpec/CORE]: Incorrect key armor_health_perk_settings.gobberDragonArmorHealthPerks was corrected from null to its default, true. 
[04Oct2026 19:05:14.909] [modloading-worker-0/WARN] [net.minecraftforge.common.ForgeConfigSpec/CORE]: Incorrect key armor_health_perk_settings.gobberArmorAutofeed was corrected from null to its default, false. 
[04Oct2026 19:05:14.910] [modloading-worker-0/WARN] [net.minecraftforge.common.ForgeConfigSpec/CORE]: Incorrect key armor_health_perk_settings.gobberNetherArmorAutofeed was corrected from null to its default, false. 
[04Oct2026 19:05:14.910] [modloading-worker-0/WARN] [net.minecraftforge.common.ForgeConfigSpec/CORE]: Incorrect key armor_health_perk_settings.gobberEndArmorAutofeed was corrected from null to its default, false. 
[04Oct2026 19:05:14.910] [modloading-worker-0/WARN] [net.minecraftforge.common.ForgeConfigSpec/CORE]: Incorrect key armor_health_perk_settings.gobberDragonArmorAutofeed was corrected from null to its default, true. 
[04Oct2026 19:05:14.910] [modloading-worker-0/WARN] [net.minecraftforge.common.ForgeConfigSpec/CORE]: Incorrect key armor_health_perk_settings.gobberNetherArmorYellowHeartsPerks was corrected from null to its default, false. 
[04Oct2026 19:05:14.910] [modloading-worker-0/WARN] [net.minecraftforge.common.ForgeConfigSpec/CORE]: Incorrect key armor_health_perk_settings.gobberEndArmorYellowHeartsPerks was corrected from null to its default, false. 
[04Oct2026 19:05:14.910] [modloading-worker-0/WARN] [net.minecraftforge.common.ForgeConfigSpec/CORE]: Incorrect key armor_health_perk_settings.gobberDragonArmorYellowHeartsPerks was corrected from null to its default, true. 
[04Oct2026 19:05:14.911] [modloading-worker-0/WARN] [net.minecraftforge.common.ForgeConfigSpec/CORE]: Incorrect key gobber_foods was corrected from null to its default, SimpleCommentedConfig:{}. 
[04Oct2026 19:05:14.918] [modloading-worker-0/WARN] [net.minecraftforge.common.ForgeConfigSpec/CORE]: Incorrect key gobber_foods.gooHunger was corrected from null to its default, 7. 
[04Oct2026 19:05:14.918] [modloading-worker-0/WARN] [net.minecraftforge.common.ForgeConfigSpec/CORE]: Incorrect key gobber_foods.gooSaturation was corrected from null to its default, 0.7. 
[04Oct2026 19:05:14.927] [modloading-worker-0/WARN] [net.minecraftforge.common.ForgeConfigSpec/CORE]: Incorrect key gobber_foods.gooeyAppleHunger was corrected from null to its default, 8. 
[04Oct2026 19:05:14.927] [modloading-worker-0/WARN] [net.minecraftforge.common.ForgeConfigSpec/CORE]: Incorrect key gobber_foods.gooeyAppleSaturation was corrected from null to its default, 0.8. 
[04Oct2026 19:05:14.930] [modloading-worker-0/WARN] [net.minecraftforge.common.ForgeConfigSpec/CORE]: Incorrect key gobber_foods.gooeyBreadHunger was corrected from null to its default, 8. 
[04Oct2026 19:05:14.930] [modloading-worker-0/WARN] [net.minecraftforge.common.ForgeConfigSpec/CORE]: Incorrect key gobber_foods.gooeyBreadSaturation was corrected from null to its default, 0.8. 
[04Oct2026 19:05:14.931] [modloading-worker-0/WARN] [net.minecraftforge.common.ForgeConfigSpec/CORE]: Incorrect key gobber_foods.gooeyBeefHunger was corrected from null to its default, 9. 
[04Oct2026 19:05:14.931] [modloading-worker-0/WARN] [net.minecraftforge.common.ForgeConfigSpec/CORE]: Incorrect key gobber_foods.gooeyBeefSaturation was corrected from null to its default, 0.9. 
[04Oct2026 19:05:14.931] [modloading-worker-0/WARN] [net.minecraftforge.common.ForgeConfigSpec/CORE]: Incorrect key gobber_foods.gooeyBeefstewHunger was corrected from null to its default, 10. 
[04Oct2026 19:05:14.931] [modloading-worker-0/WARN] [net.minecraftforge.common.ForgeConfigSpec/CORE]: Incorrect key gobber_foods.gooeyBeefstewSaturation was corrected from null to its default, 1.0. 
[04Oct2026 19:05:14.933] [modloading-worker-0/WARN] [net.minecraftforge.common.ForgeConfigSpec/CORE]: Incorrect key nether_gobber_foods was corrected from null to its default, SimpleCommentedConfig:{}. 
[04Oct2026 19:05:14.933] [modloading-worker-0/WARN] [net.minecraftforge.common.ForgeConfigSpec/CORE]: Incorrect key nether_gobber_foods.netherGooHunger was corrected from null to its default, 9. 
[04Oct2026 19:05:14.933] [modloading-worker-0/WARN] [net.minecraftforge.common.ForgeConfigSpec/CORE]: Incorrect key nether_gobber_foods.netherGooSaturation was corrected from null to its default, 0.9. 
[04Oct2026 19:05:14.934] [modloading-worker-0/WARN] [net.minecraftforge.common.ForgeConfigSpec/CORE]: Incorrect key nether_gobber_foods.netherGooeyAppleHunger was corrected from null to its default, 10. 
[04Oct2026 19:05:14.934] [modloading-worker-0/WARN] [net.minecraftforge.common.ForgeConfigSpec/CORE]: Incorrect key nether_gobber_foods.netherGooeyAppleSaturation was corrected from null to its default, 1.0. 
[04Oct2026 19:05:14.934] [modloading-worker-0/WARN] [net.minecraftforge.common.ForgeConfigSpec/CORE]: Incorrect key nether_gobber_foods.netherGooeyBreadHunger was corrected from null to its default, 10. 
[04Oct2026 19:05:14.934] [modloading-worker-0/WARN] [net.minecraftforge.common.ForgeConfigSpec/CORE]: Incorrect key nether_gobber_foods.netherGooeyBreadSaturation was corrected from null to its default, 1.0. 
[04Oct2026 19:05:14.934] [modloading-worker-0/WARN] [net.minecraftforge.common.ForgeConfigSpec/CORE]: Incorrect key nether_gobber_foods.netherGooeyBeefHunger was corrected from null to its default, 12. 
[04Oct2026 19:05:14.934] [modloading-worker-0/WARN] [net.minecraftforge.common.ForgeConfigSpec/CORE]: Incorrect key nether_gobber_foods.netherGooeyBeefSaturation was corrected from null to its default, 1.2. 
[04Oct2026 19:05:14.934] [modloading-worker-0/WARN] [net.minecraftforge.common.ForgeConfigSpec/CORE]: Incorrect key nether_gobber_foods.netherGooeyBeefstewHunger was corrected from null to its default, 14. 
[04Oct2026 19:05:14.934] [modloading-worker-0/WARN] [net.minecraftforge.common.ForgeConfigSpec/CORE]: Incorrect key nether_gobber_foods.netherGooeyBeefstewSaturation was corrected from null to its default, 1.5. 
[04Oct2026 19:05:14.936] [modloading-worker-0/WARN] [net.minecraftforge.common.ForgeConfigSpec/CORE]: Incorrect key item_cooldown_settings was corrected from null to its default, SimpleCommentedConfig:{}. 
[04Oct2026 19:05:14.936] [modloading-worker-0/WARN] [net.minecraftforge.common.ForgeConfigSpec/CORE]: Incorrect key item_cooldown_settings.ringBlinkCooldown was corrected from null to its default, 60. 
[04Oct2026 19:05:14.936] [modloading-worker-0/WARN] [net.minecraftforge.common.ForgeConfigSpec/CORE]: Incorrect key item_cooldown_settings.ringMinerCooldown was corrected from null to its default, 80. 
[04Oct2026 19:05:14.936] [modloading-worker-0/WARN] [net.minecraftforge.common.ForgeConfigSpec/CORE]: Incorrect key item_cooldown_settings.ringAboveCooldown was corrected from null to its default, 80. 
[04Oct2026 19:05:14.936] [modloading-worker-0/WARN] [net.minecraftforge.common.ForgeConfigSpec/CORE]: Incorrect key item_cooldown_settings.ringExplorerCooldown was corrected from null to its default, 480. 
[04Oct2026 19:05:14.937] [modloading-worker-0/WARN] [net.minecraftforge.common.ForgeConfigSpec/CORE]: Incorrect key item_cooldown_settings.swordSniperCooldown was corrected from null to its default, 60. 
[04Oct2026 19:05:14.937] [modloading-worker-0/WARN] [net.minecraftforge.common.ForgeConfigSpec/CORE]: Incorrect key item_cooldown_settings.staffSniperCooldown was corrected from null to its default, 60. 
[04Oct2026 19:05:14.937] [modloading-worker-0/WARN] [net.minecraftforge.common.ForgeConfigSpec/CORE]: Incorrect key item_cooldown_settings.ringHusbandryCooldown was corrected from null to its default, 2400. 
[04Oct2026 19:05:14.938] [modloading-worker-0/WARN] [net.minecraftforge.common.ForgeConfigSpec/CORE]: Incorrect key ring_explorer_settings was corrected from null to its default, SimpleCommentedConfig:{}. 
[04Oct2026 19:05:14.938] [modloading-worker-0/WARN] [net.minecraftforge.common.ForgeConfigSpec/CORE]: Incorrect key ring_explorer_settings.ringExplorerMin was corrected from null to its default, 500. 
[04Oct2026 19:05:14.939] [modloading-worker-0/WARN] [net.minecraftforge.common.ForgeConfigSpec/CORE]: Incorrect key ring_explorer_settings.ringExplorerMax was corrected from null to its default, 6000. 
[04Oct2026 19:05:14.940] [modloading-worker-0/WARN] [net.minecraftforge.common.ForgeConfigSpec/CORE]: Incorrect key misc_ring_staff_settings was corrected from null to its default, SimpleCommentedConfig:{}. 
[04Oct2026 19:05:14.940] [modloading-worker-0/WARN] [net.minecraftforge.common.ForgeConfigSpec/CORE]: Incorrect key misc_ring_staff_settings.ringAccelerationVelocity was corrected from null to its default, 0.18. 
[04Oct2026 19:05:14.947] [modloading-worker-0/WARN] [net.minecraftforge.common.ForgeConfigSpec/CORE]: Incorrect key misc_ring_staff_settings.ringRepairDelay was corrected from null to its default, 120. 
[04Oct2026 19:05:14.947] [modloading-worker-0/WARN] [net.minecraftforge.common.ForgeConfigSpec/CORE]: Incorrect key misc_ring_staff_settings.ringAttractionBlocking was corrected from null to its default, 8. 
[04Oct2026 19:05:14.947] [modloading-worker-0/WARN] [net.minecraftforge.common.ForgeConfigSpec/CORE]: Incorrect key misc_ring_staff_settings.ringAttractionMode was corrected from null to its default, true. 
[04Oct2026 19:05:14.948] [modloading-worker-0/WARN] [net.minecraftforge.common.ForgeConfigSpec/CORE]: Incorrect key misc_ring_staff_settings.ringDismissalVelocity was corrected from null to its default, 0.2. 
[04Oct2026 19:05:14.948] [modloading-worker-0/WARN] [net.minecraftforge.common.ForgeConfigSpec/CORE]: Incorrect key misc_ring_staff_settings.ringDismissalLift was corrected from null to its default, 8.0. 
[04Oct2026 19:05:14.948] [modloading-worker-0/WARN] [net.minecraftforge.common.ForgeConfigSpec/CORE]: Incorrect key misc_ring_staff_settings.limitedUseRingTeleport was corrected from null to its default, false. 
[04Oct2026 19:05:14.949] [modloading-worker-0/WARN] [net.minecraftforge.common.ForgeConfigSpec/CORE]: Incorrect key misc_ring_staff_settings.placeGlassRingAirWalking was corrected from null to its default, true. 
[04Oct2026 19:05:14.951] [modloading-worker-0/WARN] [net.minecraftforge.common.ForgeConfigSpec/CORE]: Incorrect key farmer_settings was corrected from null to its default, SimpleCommentedConfig:{}. 
[04Oct2026 19:05:14.951] [modloading-worker-0/WARN] [net.minecraftforge.common.ForgeConfigSpec/CORE]: Incorrect key farmer_settings.ringFarmerTickDelay was corrected from null to its default, 20. 
[04Oct2026 19:05:14.951] [modloading-worker-0/WARN] [net.minecraftforge.common.ForgeConfigSpec/CORE]: Incorrect key farmer_settings.ringFarmerRadius was corrected from null to its default, 12. 
[04Oct2026 19:05:14.951] [modloading-worker-0/WARN] [net.minecraftforge.common.ForgeConfigSpec/CORE]: Incorrect key farmer_settings.staffFarmerTickDelay was corrected from null to its default, 20. 
[04Oct2026 19:05:14.951] [modloading-worker-0/WARN] [net.minecraftforge.common.ForgeConfigSpec/CORE]: Incorrect key farmer_settings.staffFarmerRadius was corrected from null to its default, 12. 
[04Oct2026 19:05:14.953] [modloading-worker-0/WARN] [net.minecraftforge.common.ForgeConfigSpec/CORE]: Incorrect key replanting_settings was corrected from null to its default, SimpleCommentedConfig:{}. 
[04Oct2026 19:05:14.953] [modloading-worker-0/WARN] [net.minecraftforge.common.ForgeConfigSpec/CORE]: Incorrect key replanting_settings.StaffHarvestReplant was corrected from null to its default, true. 
[04Oct2026 19:05:14.954] [modloading-worker-0/WARN] [net.minecraftforge.common.ForgeConfigSpec/CORE]: Incorrect key replanting_settings.StaffFarmerBreaking was corrected from null to its default, true. 
[04Oct2026 19:05:14.954] [modloading-worker-0/WARN] [net.minecraftforge.common.ForgeConfigSpec/CORE]: Incorrect key replanting_settings.StaffFarmerReplant was corrected from null to its default, true. 
[04Oct2026 19:05:14.955] [modloading-worker-0/WARN] [net.minecraftforge.common.ForgeConfigSpec/CORE]: Incorrect key armor_health_settings was corrected from null to its default, SimpleCommentedConfig:{}. 
[04Oct2026 19:05:14.956] [modloading-worker-0/WARN] [net.minecraftforge.common.ForgeConfigSpec/CORE]: Incorrect key armor_health_settings.gobberArmorHunger was corrected from null to its default, 1. 
[04Oct2026 19:05:14.956] [modloading-worker-0/WARN] [net.minecraftforge.common.ForgeConfigSpec/CORE]: Incorrect key armor_health_settings.gobberArmorSaturation was corrected from null to its default, 0.02. 
[04Oct2026 19:05:14.956] [modloading-worker-0/WARN] [net.minecraftforge.common.ForgeConfigSpec/CORE]: Incorrect key armor_health_settings.gobberNetherArmorHunger was corrected from null to its default, 1. 
[04Oct2026 19:05:14.956] [modloading-worker-0/WARN] [net.minecraftforge.common.ForgeConfigSpec/CORE]: Incorrect key armor_health_settings.gobberNetherArmorSaturation was corrected from null to its default, 0.05. 
[04Oct2026 19:05:14.956] [modloading-worker-0/WARN] [net.minecraftforge.common.ForgeConfigSpec/CORE]: Incorrect key armor_health_settings.gobberEndArmorHunger was corrected from null to its default, 1. 
[04Oct2026 19:05:14.956] [modloading-worker-0/WARN] [net.minecraftforge.common.ForgeConfigSpec/CORE]: Incorrect key armor_health_settings.gobberEndArmorSaturation was corrected from null to its default, 0.1. 
[04Oct2026 19:05:14.956] [modloading-worker-0/WARN] [net.minecraftforge.common.ForgeConfigSpec/CORE]: Incorrect key armor_health_settings.gobberDragonArmorHunger was corrected from null to its default, 1. 
[04Oct2026 19:05:14.956] [modloading-worker-0/WARN] [net.minecraftforge.common.ForgeConfigSpec/CORE]: Incorrect key armor_health_settings.gobberDragonArmorSaturation was corrected from null to its default, 0.15. 
[04Oct2026 19:05:14.958] [modloading-worker-0/WARN] [net.minecraftforge.common.ForgeConfigSpec/CORE]: Incorrect key medallion_exp_settings was corrected from null to its default, SimpleCommentedConfig:{}. 
[04Oct2026 19:05:14.958] [modloading-worker-0/WARN] [net.minecraftforge.common.ForgeConfigSpec/CORE]: Incorrect key medallion_exp_settings.medallionExpOrbs was corrected from null to its default, 5. 
[04Oct2026 19:05:14.959] [modloading-worker-0/WARN] [net.minecraftforge.common.ForgeConfigSpec/CORE]: Incorrect key medallion_exp_settings.medallionExpLoot was corrected from null to its default, 20. 
[04Oct2026 19:05:14.961] [modloading-worker-0/WARN] [net.minecraftforge.common.ForgeConfigSpec/CORE]: Incorrect key medallion_healing_settings was corrected from null to its default, SimpleCommentedConfig:{}. 
[04Oct2026 19:05:14.961] [modloading-worker-0/WARN] [net.minecraftforge.common.ForgeConfigSpec/CORE]: Incorrect key medallion_healing_settings.medallionLesserHealingFood was corrected from null to its default, 1. 
[04Oct2026 19:05:14.961] [modloading-worker-0/WARN] [net.minecraftforge.common.ForgeConfigSpec/CORE]: Incorrect key medallion_healing_settings.medallionLesserHealingSat was corrected from null to its default, 0.02. 
[04Oct2026 19:05:14.961] [modloading-worker-0/WARN] [net.minecraftforge.common.ForgeConfigSpec/CORE]: Incorrect key medallion_healing_settings.medallionHealingFood was corrected from null to its default, 1. 
[04Oct2026 19:05:14.961] [modloading-worker-0/WARN] [net.minecraftforge.common.ForgeConfigSpec/CORE]: Incorrect key medallion_healing_settings.medallionHealingSat was corrected from null to its default, 0.05. 
[04Oct2026 19:05:14.961] [modloading-worker-0/WARN] [net.minecraftforge.common.ForgeConfigSpec/CORE]: Incorrect key medallion_healing_settings.medallionGreaterHealingFood was corrected from null to its default, 1. 
[04Oct2026 19:05:14.961] [modloading-worker-0/WARN] [net.minecraftforge.common.ForgeConfigSpec/CORE]: Incorrect key medallion_healing_settings.medallionGreaterHealingSat was corrected from null to its default, 0.1. 
[04Oct2026 19:05:14.964] [modloading-worker-0/WARN] [net.minecraftforge.common.ForgeConfigSpec/CORE]: Incorrect key dragonStar_special was corrected from null to its default, SimpleCommentedConfig:{}. 
[04Oct2026 19:05:14.964] [modloading-worker-0/WARN] [net.minecraftforge.common.ForgeConfigSpec/CORE]: Incorrect key dragonStar_special.enableDragonStarOffhand was corrected from null to its default, true. 
[04Oct2026 19:05:14.966] [modloading-worker-0/WARN] [net.minecraftforge.common.ForgeConfigSpec/CORE]: Incorrect key dragon_armor_void was corrected from null to its default, SimpleCommentedConfig:{}. 
[04Oct2026 19:05:14.966] [modloading-worker-0/WARN] [net.minecraftforge.common.ForgeConfigSpec/CORE]: Incorrect key dragon_armor_void.enableDragonArmorVoidProtection was corrected from null to its default, false. 
[04Oct2026 19:05:14.968] [modloading-worker-0/INFO] [dev.architectury.networking.forge.NetworkManagerImpl/]: Registering C2S receiver with id architectury:sync_ids
[04Oct2026 19:05:14.972] [modloading-worker-0/INFO] [xaero.lib.XaeroLib/]: Registering common data for channel xaerolib:main!
[04Oct2026 19:05:14.973] [modloading-worker-0/INFO] [xaero.lib.XaeroLib/]: Loading primary common config for channel xaerolib:main!
[04Oct2026 19:05:14.974] [modloading-worker-0/INFO] [xaero.lib.XaeroLib/]: Loading server config profiles for channel xaerolib:main!
[04Oct2026 19:05:14.976] [modloading-worker-0/WARN] [net.minecraftforge.common.ForgeConfigSpec/CORE]: Incorrect key dragon_armo_fly_anywhere was corrected from null to its default, SimpleCommentedConfig:{}. 
[04Oct2026 19:05:14.976] [modloading-worker-0/WARN] [net.minecraftforge.common.ForgeConfigSpec/CORE]: Incorrect key dragon_armo_fly_anywhere.enableDragonArmorFlyAnywhere was corrected from null to its default, false. 
[04Oct2026 19:05:14.979] [modloading-worker-0/WARN] [net.minecraftforge.common.ForgeConfigSpec/CORE]: Incorrect key bow_zoom was corrected from null to its default, SimpleCommentedConfig:{}. 
[04Oct2026 19:05:14.997] [modloading-worker-0/INFO] [Puzzles Lib/]: Constructing common components for enchantinginfuser:main
[04Oct2026 19:05:15.019] [modloading-worker-0/WARN] [net.minecraftforge.common.ForgeConfigSpec/CORE]: Incorrect key bow_zoom.bow_zoom_value was corrected from null to its default, 0.45. 
[04Oct2026 19:05:15.023] [modloading-worker-0/WARN] [net.minecraftforge.common.ForgeConfigSpec/CORE]: Incorrect key full_damage was corrected from null to its default, SimpleCommentedConfig:{}. 
[04Oct2026 19:05:15.023] [modloading-worker-0/WARN] [net.minecraftforge.common.ForgeConfigSpec/CORE]: Incorrect key full_damage.full_damage was corrected from null to its default, false. 
[04Oct2026 19:05:15.089] [modloading-worker-0/INFO] [com.kuronami.compasstomapxaeros.CompassToMapXaeros/]: Compass to Map: Xaero's edition (Forge 1.20.1) initialized
[04Oct2026 19:05:15.095] [modloading-worker-0/ERROR] [toastcontrol/]: Running on a dedicated server, disabling mod.
[04Oct2026 19:05:15.105] [modloading-worker-0/INFO] [dev.architectury.networking.forge.NetworkManagerImpl/]: Registering C2S receiver with id artifacts:networking_channel/42a7ad70b1cc371599a0eff744096b8a
[04Oct2026 19:05:15.107] [modloading-worker-0/INFO] [dev.architectury.networking.forge.NetworkManagerImpl/]: Registering C2S receiver with id artifacts:networking_channel/74a5e841822a3a87854ae896a33430d6
[04Oct2026 19:05:15.108] [modloading-worker-0/INFO] [dev.architectury.networking.forge.NetworkManagerImpl/]: Registering C2S receiver with id artifacts:networking_channel/eb3d1e2748533430848cadf0f37c7e9c
[04Oct2026 19:05:15.110] [modloading-worker-0/INFO] [net.minecraftforge.common.ForgeMod/FORGEMOD]: Forge mod loading, version 47.4.10, for MC 1.20.1 with MCP 20230612.114412
[04Oct2026 19:05:15.110] [modloading-worker-0/INFO] [net.minecraftforge.common.MinecraftForge/FORGE]: MinecraftForge v47.4.10 Initialized
[04Oct2026 19:05:15.111] [modloading-worker-0/INFO] [dev.architectury.networking.forge.NetworkManagerImpl/]: Registering C2S receiver with id artifacts:networking_channel/91c8520f19f93b3e8b6a727568e194ab
[04Oct2026 19:05:15.112] [modloading-worker-0/INFO] [dev.architectury.networking.forge.NetworkManagerImpl/]: Registering C2S receiver with id artifacts:networking_channel/8c2784d778293fd482ed84b8aa5fedb9
[04Oct2026 19:05:15.115] [modloading-worker-0/INFO] [dev.architectury.networking.forge.NetworkManagerImpl/]: Registering C2S receiver with id artifacts:networking_channel/ea038224ea783d40b2863f52239e2604
[04Oct2026 19:05:15.117] [modloading-worker-0/INFO] [dev.architectury.networking.forge.NetworkManagerImpl/]: Registering C2S receiver with id artifacts:networking_channel/97ad64b7ecaf33209991c4f031501a58
[04Oct2026 19:05:15.120] [modloading-worker-0/INFO] [STDOUT/]: [yalter.mousetweaks.Logger:Log:6]: [Mouse Tweaks] Disabled because not running on the client.
[04Oct2026 19:05:15.178] [modloading-worker-0/WARN] [AlmostUnified/]: Creating config: startup
[04Oct2026 19:05:15.185] [modloading-worker-0/WARN] [net.minecraftforge.common.ForgeConfigSpec/CORE]: Configuration file /Users/caden/A.Developer/JuniorMC/SERVER/config/appleskin-client.toml is not correct. Correcting
[04Oct2026 19:05:15.185] [modloading-worker-0/WARN] [net.minecraftforge.common.ForgeConfigSpec/CORE]: Incorrect key client was corrected from null to its default, SimpleCommentedConfig:{}. 
[04Oct2026 19:05:15.186] [modloading-worker-0/WARN] [net.minecraftforge.common.ForgeConfigSpec/CORE]: Incorrect key client.showFoodValuesInTooltip was corrected from null to its default, true. 
[04Oct2026 19:05:15.186] [modloading-worker-0/WARN] [net.minecraftforge.common.ForgeConfigSpec/CORE]: Incorrect key client.showFoodValuesInTooltipAlways was corrected from null to its default, true. 
[04Oct2026 19:05:15.186] [modloading-worker-0/WARN] [net.minecraftforge.common.ForgeConfigSpec/CORE]: Incorrect key client.showSaturationHudOverlay was corrected from null to its default, true. 
[04Oct2026 19:05:15.186] [modloading-worker-0/WARN] [net.minecraftforge.common.ForgeConfigSpec/CORE]: Incorrect key client.showFoodValuesHudOverlay was corrected from null to its default, true. 
[04Oct2026 19:05:15.186] [modloading-worker-0/WARN] [net.minecraftforge.common.ForgeConfigSpec/CORE]: Incorrect key client.showFoodValuesHudOverlayWhenOffhand was corrected from null to its default, true. 
[04Oct2026 19:05:15.186] [modloading-worker-0/WARN] [net.minecraftforge.common.ForgeConfigSpec/CORE]: Incorrect key client.showFoodExhaustionHudUnderlay was corrected from null to its default, true. 
[04Oct2026 19:05:15.186] [modloading-worker-0/WARN] [net.minecraftforge.common.ForgeConfigSpec/CORE]: Incorrect key client.showFoodStatsInDebugOverlay was corrected from null to its default, true. 
[04Oct2026 19:05:15.186] [modloading-worker-0/WARN] [net.minecraftforge.common.ForgeConfigSpec/CORE]: Incorrect key client.showFoodHealthHudOverlay was corrected from null to its default, true. 
[04Oct2026 19:05:15.186] [modloading-worker-0/WARN] [net.minecraftforge.common.ForgeConfigSpec/CORE]: Incorrect key client.showVanillaAnimationsOverlay was corrected from null to its default, true. 
[04Oct2026 19:05:15.186] [modloading-worker-0/WARN] [net.minecraftforge.common.ForgeConfigSpec/CORE]: Incorrect key client.maxHudOverlayFlashAlpha was corrected from null to its default, 0.65. 
[04Oct2026 19:05:15.190] [modloading-worker-0/WARN] [net.minecraftforge.common.ForgeConfigSpec/CORE]: Configuration file /Users/caden/A.Developer/JuniorMC/SERVER/config/lootr-common.toml is not correct. Correcting
[04Oct2026 19:05:15.190] [modloading-worker-0/WARN] [net.minecraftforge.common.ForgeConfigSpec/CORE]: Incorrect key randomise_seed was corrected from null to its default, true. 
[04Oct2026 19:05:15.190] [modloading-worker-0/WARN] [net.minecraftforge.common.ForgeConfigSpec/CORE]: Incorrect key max_age was corrected from null to its default, 18000. 
[04Oct2026 19:05:15.206] [modloading-worker-0/INFO] [me.treyruffy.betterf3.BetterF3Forge/]: [BetterF3] Starting...
[04Oct2026 19:05:15.206] [modloading-worker-0/WARN] [me.treyruffy.betterf3.BetterF3Forge/]: [BetterF3] Not supported on dedicated server!
[04Oct2026 19:05:15.206] [modloading-worker-0/WARN] [de.keksuccino.justzoom.JustZoom/]: [JUST ZOOM] Just Zoom is a CLIENT mod. It will do nothing on a server and is not supposed to be present server-side.
[04Oct2026 19:05:15.207] [modloading-worker-0/INFO] [be.florens.expandability.ExpandAbility/]: ExpandAbility here, who dis?
[04Oct2026 19:05:15.204] [modloading-worker-0/WARN] [net.minecraftforge.common.ForgeConfigSpec/CORE]: Incorrect key disable was corrected from null to its default, false. 
[04Oct2026 19:05:15.209] [modloading-worker-0/WARN] [net.minecraftforge.common.ForgeConfigSpec/CORE]: Incorrect key convert_mineshafts was corrected from null to its default, true. 
[04Oct2026 19:05:15.210] [modloading-worker-0/WARN] [net.minecraftforge.common.ForgeConfigSpec/CORE]: Incorrect key convert_elytras was corrected from null to its default, true. 
[04Oct2026 19:05:15.216] [modloading-worker-0/INFO] [Puzzles Lib/]: Constructing common components for puzzleslib:main
[04Oct2026 19:05:15.220] [modloading-worker-0/WARN] [net.minecraftforge.common.ForgeConfigSpec/CORE]: Incorrect key convert_wooden_chests was corrected from null to its default, true. 
[04Oct2026 19:05:15.221] [modloading-worker-0/WARN] [net.minecraftforge.common.ForgeConfigSpec/CORE]: Incorrect key convert_trapped_chests was corrected from null to its default, true. 
[04Oct2026 19:05:15.222] [modloading-worker-0/WARN] [net.minecraftforge.common.ForgeConfigSpec/CORE]: Incorrect key aggressive_mode was corrected from null to its default, false. 
[04Oct2026 19:05:15.223] [modloading-worker-0/WARN] [net.minecraftforge.common.ForgeConfigSpec/CORE]: Incorrect key report_unresolved_tables was corrected from null to its default, false. 
[04Oct2026 19:05:15.223] [modloading-worker-0/WARN] [net.minecraftforge.common.ForgeConfigSpec/CORE]: Incorrect key additional_chests was corrected from null to its default, []. 
[04Oct2026 19:05:15.224] [modloading-worker-0/WARN] [net.minecraftforge.common.ForgeConfigSpec/CORE]: Incorrect key additional_trapped_chests was corrected from null to its default, []. 
[04Oct2026 19:05:15.224] [modloading-worker-0/WARN] [net.minecraftforge.common.ForgeConfigSpec/CORE]: Incorrect key dimension_whitelist was corrected from null to its default, []. 
[04Oct2026 19:05:15.225] [modloading-worker-0/WARN] [net.minecraftforge.common.ForgeConfigSpec/CORE]: Incorrect key dimension_blacklist was corrected from null to its default, []. 
[04Oct2026 19:05:15.225] [modloading-worker-0/WARN] [net.minecraftforge.common.ForgeConfigSpec/CORE]: Incorrect key modid_dimension_blacklist was corrected from null to its default, []. 
[04Oct2026 19:05:15.226] [modloading-worker-0/WARN] [net.minecraftforge.common.ForgeConfigSpec/CORE]: Incorrect key modid_dimension_whitelist was corrected from null to its default, []. 
[04Oct2026 19:05:15.226] [modloading-worker-0/WARN] [net.minecraftforge.common.ForgeConfigSpec/CORE]: Incorrect key loot_table_blacklist was corrected from null to its default, []. 
[04Oct2026 19:05:15.227] [modloading-worker-0/WARN] [net.minecraftforge.common.ForgeConfigSpec/CORE]: Incorrect key loot_modid_blacklist was corrected from null to its default, []. 
[04Oct2026 19:05:15.227] [modloading-worker-0/WARN] [net.minecraftforge.common.ForgeConfigSpec/CORE]: Incorrect key disable_break was corrected from null to its default, false. 
[04Oct2026 19:05:15.228] [modloading-worker-0/WARN] [net.minecraftforge.common.ForgeConfigSpec/CORE]: Incorrect key enable_break was corrected from null to its default, false. 
[04Oct2026 19:05:15.228] [modloading-worker-0/WARN] [net.minecraftforge.common.ForgeConfigSpec/CORE]: Incorrect key check_world_border was corrected from null to its default, false. 
[04Oct2026 19:05:15.229] [modloading-worker-0/WARN] [net.minecraftforge.common.ForgeConfigSpec/CORE]: Incorrect key enable_fake_player_break was corrected from null to its default, false. 
[04Oct2026 19:05:15.230] [modloading-worker-0/WARN] [net.minecraftforge.common.ForgeConfigSpec/CORE]: Incorrect key power_comparators was corrected from null to its default, true. 
[04Oct2026 19:05:15.230] [modloading-worker-0/WARN] [net.minecraftforge.common.ForgeConfigSpec/CORE]: Incorrect key trapped_custom was corrected from null to its default, false. 
[04Oct2026 19:05:15.232] [modloading-worker-0/WARN] [net.minecraftforge.common.ForgeConfigSpec/CORE]: Incorrect key blast_resistant was corrected from null to its default, false. 
[04Oct2026 19:05:15.233] [modloading-worker-0/WARN] [net.minecraftforge.common.ForgeConfigSpec/CORE]: Incorrect key blast_immune was corrected from null to its default, false. 
[04Oct2026 19:05:15.234] [modloading-worker-0/WARN] [net.minecraftforge.common.ForgeConfigSpec/CORE]: Incorrect key disable_notifications was corrected from null to its default, false. 
[04Oct2026 19:05:15.235] [modloading-worker-0/WARN] [net.minecraftforge.common.ForgeConfigSpec/CORE]: Incorrect key notification_delay was corrected from null to its default, 600. 
[04Oct2026 19:05:15.235] [modloading-worker-0/WARN] [net.minecraftforge.common.ForgeConfigSpec/CORE]: Incorrect key disable_message_styles was corrected from null to its default, false. 
[04Oct2026 19:05:15.236] [modloading-worker-0/WARN] [net.minecraftforge.common.ForgeConfigSpec/CORE]: Incorrect key bypass_spawn_protection was corrected from null to its default, true. 
[04Oct2026 19:05:15.237] [modloading-worker-0/WARN] [net.minecraftforge.common.ForgeConfigSpec/CORE]: Incorrect key decay_value was corrected from null to its default, 6000. 
[04Oct2026 19:05:15.237] [modloading-worker-0/WARN] [net.minecraftforge.common.ForgeConfigSpec/CORE]: Incorrect key decay_loot_tables was corrected from null to its default, []. 
[04Oct2026 19:05:15.238] [modloading-worker-0/WARN] [net.minecraftforge.common.ForgeConfigSpec/CORE]: Incorrect key decay_modids was corrected from null to its default, []. 
[04Oct2026 19:05:15.253] [modloading-worker-0/WARN] [net.minecraftforge.common.ForgeConfigSpec/CORE]: Configuration file /Users/caden/A.Developer/JuniorMC/SERVER/config/cyclic.toml is not correct. Correcting
[04Oct2026 19:05:15.255] [modloading-worker-0/WARN] [net.minecraftforge.common.ForgeConfigSpec/CORE]: Incorrect key cyclic was corrected from null to its default, SimpleCommentedConfig:{}. 
[04Oct2026 19:05:15.256] [modloading-worker-0/WARN] [net.minecraftforge.common.ForgeConfigSpec/CORE]: Incorrect key cyclic.potion was corrected from null to its default, SimpleCommentedConfig:{}. 
[04Oct2026 19:05:15.256] [modloading-worker-0/WARN] [net.minecraftforge.common.ForgeConfigSpec/CORE]: Incorrect key cyclic.potion.antigravity was corrected from null to its default, SimpleCommentedConfig:{}. 
[04Oct2026 19:05:15.256] [modloading-worker-0/WARN] [net.minecraftforge.common.ForgeConfigSpec/CORE]: Incorrect key cyclic.potion.antigravity.enabled was corrected from null to its default, true. 
[04Oct2026 19:05:15.256] [modloading-worker-0/WARN] [net.minecraftforge.common.ForgeConfigSpec/CORE]: Incorrect key cyclic.potion.attack_range was corrected from null to its default, SimpleCommentedConfig:{}. 
[04Oct2026 19:05:15.256] [modloading-worker-0/WARN] [net.minecraftforge.common.ForgeConfigSpec/CORE]: Incorrect key cyclic.potion.attack_range.enabled was corrected from null to its default, true. 
[04Oct2026 19:05:15.256] [modloading-worker-0/WARN] [net.minecraftforge.common.ForgeConfigSpec/CORE]: Incorrect key cyclic.potion.blind was corrected from null to its default, SimpleCommentedConfig:{}. 
[04Oct2026 19:05:15.256] [modloading-worker-0/WARN] [net.minecraftforge.common.ForgeConfigSpec/CORE]: Incorrect key cyclic.potion.blind.enabled was corrected from null to its default, true. 
[04Oct2026 19:05:15.256] [modloading-worker-0/WARN] [net.minecraftforge.common.ForgeConfigSpec/CORE]: Incorrect key cyclic.potion.butterfingers was corrected from null to its default, SimpleCommentedConfig:{}. 
[04Oct2026 19:05:15.256] [modloading-worker-0/WARN] [net.minecraftforge.common.ForgeConfigSpec/CORE]: Incorrect key cyclic.potion.butterfingers.enabled was corrected from null to its default, true. 
[04Oct2026 19:05:15.257] [modloading-worker-0/WARN] [net.minecraftforge.common.ForgeConfigSpec/CORE]: Incorrect key cyclic.potion.flight was corrected from null to its default, SimpleCommentedConfig:{}. 
[04Oct2026 19:05:15.257] [modloading-worker-0/WARN] [net.minecraftforge.common.ForgeConfigSpec/CORE]: Incorrect key cyclic.potion.flight.enabled was corrected from null to its default, true. 
[04Oct2026 19:05:15.257] [modloading-worker-0/WARN] [net.minecraftforge.common.ForgeConfigSpec/CORE]: Incorrect key cyclic.potion.frost_walker was corrected from null to its default, SimpleCommentedConfig:{}. 
[04Oct2026 19:05:15.257] [modloading-worker-0/WARN] [net.minecraftforge.common.ForgeConfigSpec/CORE]: Incorrect key cyclic.potion.frost_walker.enabled was corrected from null to its default, true. 
[04Oct2026 19:05:15.257] [modloading-worker-0/WARN] [net.minecraftforge.common.ForgeConfigSpec/CORE]: Incorrect key cyclic.potion.gravity was corrected from null to its default, SimpleCommentedConfig:{}. 
[04Oct2026 19:05:15.257] [modloading-worker-0/WARN] [net.minecraftforge.common.ForgeConfigSpec/CORE]: Incorrect key cyclic.potion.gravity.enabled was corrected from null to its default, true. 
[04Oct2026 19:05:15.257] [modloading-worker-0/WARN] [net.minecraftforge.common.ForgeConfigSpec/CORE]: Incorrect key cyclic.potion.haste was corrected from null to its default, SimpleCommentedConfig:{}. 
[04Oct2026 19:05:15.257] [modloading-worker-0/WARN] [net.minecraftforge.common.ForgeConfigSpec/CORE]: Incorrect key cyclic.potion.haste.enabled was corrected from null to its default, true. 
[04Oct2026 19:05:15.257] [modloading-worker-0/WARN] [net.minecraftforge.common.ForgeConfigSpec/CORE]: Incorrect key cyclic.potion.hunger was corrected from null to its default, SimpleCommentedConfig:{}. 
[04Oct2026 19:05:15.257] [modloading-worker-0/WARN] [net.minecraftforge.common.ForgeConfigSpec/CORE]: Incorrect key cyclic.potion.hunger.enabled was corrected from null to its default, true. 
[04Oct2026 19:05:15.257] [modloading-worker-0/WARN] [net.minecraftforge.common.ForgeConfigSpec/CORE]: Incorrect key cyclic.potion.levitation was corrected from null to its default, SimpleCommentedConfig:{}. 
[04Oct2026 19:05:15.257] [modloading-worker-0/WARN] [net.minecraftforge.common.ForgeConfigSpec/CORE]: Incorrect key cyclic.potion.levitation.enabled was corrected from null to its default, true. 
[04Oct2026 19:05:15.258] [modloading-worker-0/WARN] [net.minecraftforge.common.ForgeConfigSpec/CORE]: Incorrect key cyclic.potion.magnetic was corrected from null to its default, SimpleCommentedConfig:{}. 
[04Oct2026 19:05:15.258] [modloading-worker-0/WARN] [net.minecraftforge.common.ForgeConfigSpec/CORE]: Incorrect key cyclic.potion.magnetic.enabled was corrected from null to its default, true. 
[04Oct2026 19:05:15.258] [modloading-worker-0/WARN] [net.minecraftforge.common.ForgeConfigSpec/CORE]: Incorrect key cyclic.potion.reach_distance was corrected from null to its default, SimpleCommentedConfig:{}. 
[04Oct2026 19:05:15.258] [modloading-worker-0/WARN] [net.minecraftforge.common.ForgeConfigSpec/CORE]: Incorrect key cyclic.potion.reach_distance.enabled was corrected from null to its default, true. 
[04Oct2026 19:05:15.258] [modloading-worker-0/WARN] [net.minecraftforge.common.ForgeConfigSpec/CORE]: Incorrect key cyclic.potion.resistance was corrected from null to its default, SimpleCommentedConfig:{}. 
[04Oct2026 19:05:15.258] [modloading-worker-0/WARN] [net.minecraftforge.common.ForgeConfigSpec/CORE]: Incorrect key cyclic.potion.resistance.enabled was corrected from null to its default, true. 
[04Oct2026 19:05:15.258] [modloading-worker-0/WARN] [net.minecraftforge.common.ForgeConfigSpec/CORE]: Incorrect key cyclic.potion.stun was corrected from null to its default, SimpleCommentedConfig:{}. 
[04Oct2026 19:05:15.258] [modloading-worker-0/WARN] [net.minecraftforge.common.ForgeConfigSpec/CORE]: Incorrect key cyclic.potion.stun.enabled was corrected from null to its default, true. 
[04Oct2026 19:05:15.258] [modloading-worker-0/WARN] [net.minecraftforge.common.ForgeConfigSpec/CORE]: Incorrect key cyclic.potion.swimspeed was corrected from null to its default, SimpleCommentedConfig:{}. 
[04Oct2026 19:05:15.259] [modloading-worker-0/WARN] [net.minecraftforge.common.ForgeConfigSpec/CORE]: Incorrect key cyclic.potion.swimspeed.enabled was corrected from null to its default, true. 
[04Oct2026 19:05:15.259] [modloading-worker-0/WARN] [net.minecraftforge.common.ForgeConfigSpec/CORE]: Incorrect key cyclic.potion.snowwalk was corrected from null to its default, SimpleCommentedConfig:{}. 
[04Oct2026 19:05:15.259] [modloading-worker-0/WARN] [net.minecraftforge.common.ForgeConfigSpec/CORE]: Incorrect key cyclic.potion.snowwalk.enabled was corrected from null to its default, true. 
[04Oct2026 19:05:15.259] [modloading-worker-0/WARN] [net.minecraftforge.common.ForgeConfigSpec/CORE]: Incorrect key cyclic.potion.waterwalk was corrected from null to its default, SimpleCommentedConfig:{}. 
[04Oct2026 19:05:15.259] [modloading-worker-0/WARN] [net.minecraftforge.common.ForgeConfigSpec/CORE]: Incorrect key cyclic.potion.waterwalk.enabled was corrected from null to its default, true. 
[04Oct2026 19:05:15.259] [modloading-worker-0/WARN] [net.minecraftforge.common.ForgeConfigSpec/CORE]: Incorrect key cyclic.potion.wither was corrected from null to its default, SimpleCommentedConfig:{}. 
[04Oct2026 19:05:15.259] [modloading-worker-0/WARN] [net.minecraftforge.common.ForgeConfigSpec/CORE]: Incorrect key cyclic.potion.wither.enabled was corrected from null to its default, true. 
[04Oct2026 19:05:15.259] [modloading-worker-0/WARN] [net.minecraftforge.common.ForgeConfigSpec/CORE]: Incorrect key cyclic.enchantment was corrected from null to its default, SimpleCommentedConfig:{}. 
[04Oct2026 19:05:15.259] [modloading-worker-0/WARN] [net.minecraftforge.common.ForgeConfigSpec/CORE]: Incorrect key cyclic.enchantment.auto_smelt was corrected from null to its default, SimpleCommentedConfig:{}. 
[04Oct2026 19:05:15.259] [modloading-worker-0/WARN] [net.minecraftforge.common.ForgeConfigSpec/CORE]: Incorrect key cyclic.enchantment.auto_smelt.enabled was corrected from null to its default, true. 
[04Oct2026 19:05:15.259] [modloading-worker-0/WARN] [net.minecraftforge.common.ForgeConfigSpec/CORE]: Incorrect key cyclic.enchantment.beekeeper was corrected from null to its default, SimpleCommentedConfig:{}. 
[04Oct2026 19:05:15.260] [modloading-worker-0/WARN] [net.minecraftforge.common.ForgeConfigSpec/CORE]: Incorrect key cyclic.enchantment.beekeeper.enabled was corrected from null to its default, true. 
[04Oct2026 19:05:15.260] [modloading-worker-0/WARN] [net.minecraftforge.common.ForgeConfigSpec/CORE]: Incorrect key cyclic.enchantment.beheading was corrected from null to its default, SimpleCommentedConfig:{}. 
[04Oct2026 19:05:15.260] [modloading-worker-0/WARN] [net.minecraftforge.common.ForgeConfigSpec/CORE]: Incorrect key cyclic.enchantment.beheading.enabled was corrected from null to its default, true. 
[04Oct2026 19:05:15.251] [modloading-worker-0/WARN] [net.minecraftforge.common.ForgeConfigSpec/CORE]: Incorrect key decay_dimensions was corrected from null to its default, []. 
[04Oct2026 19:05:15.260] [modloading-worker-0/WARN] [net.minecraftforge.common.ForgeConfigSpec/CORE]: Incorrect key cyclic.enchantment.beheading.EntityMHF was corrected from null to its default, [minecraft:blaze:MHF_Blaze, minecraft:cat:MHF_Ocelot, minecraft:cave_spider:MHF_CaveSpider, minecraft:chicken:MHF_Chicken, minecraft:cow:MHF_Cow, minecraft:enderman:MHF_Enderman, minecraft:ghast:MHF_Ghast, minecraft:iron_golem:MHF_Golem, minecraft:magma_cube:MHF_LavaSlime, minecraft:mooshroom:MHF_MushroomCow, minecraft:ocelot:MHF_Ocelot, minecraft:pig:MHF_Pig, minecraft:zombie_pigman:MHF_PigZombie, minecraft:sheep:MHF_Sheep, minecraft:slime:MHF_Slime, minecraft:spider:MHF_Spider, minecraft:squid:MHF_Squid, minecraft:villager:MHF_Villager, minecraft:witch:MHF_Witch, minecraft:wolf:MHF_Wolf, minecraft:guardian:MHF_Guardian, minecraft:elder_guardian:MHF_Guardian, minecraft:snow_golem:MHF_SnowGolem, minecraft:silverfish:MHF_Silverfish, minecraft:endermite:MHF_Endermite]. 
[04Oct2026 19:05:15.261] [modloading-worker-0/WARN] [net.minecraftforge.common.ForgeConfigSpec/CORE]: Incorrect key cyclic.enchantment.beheading.percent was corrected from null to its default, 20. 
[04Oct2026 19:05:15.261] [modloading-worker-0/WARN] [net.minecraftforge.common.ForgeConfigSpec/CORE]: Incorrect key cyclic.enchantment.beheading.per_level was corrected from null to its default, 25. 
[04Oct2026 19:05:15.261] [modloading-worker-0/WARN] [net.minecraftforge.common.ForgeConfigSpec/CORE]: Incorrect key cyclic.enchantment.curse was corrected from null to its default, SimpleCommentedConfig:{}. 
[04Oct2026 19:05:15.261] [modloading-worker-0/WARN] [net.minecraftforge.common.ForgeConfigSpec/CORE]: Incorrect key cyclic.enchantment.curse.ignored was corrected from null to its default, [minecraft:bad_omen, minecraft:nausea, botania:clear]. 
[04Oct2026 19:05:15.262] [modloading-worker-0/WARN] [net.minecraftforge.common.ForgeConfigSpec/CORE]: Incorrect key cyclic.enchantment.curse.enabled was corrected from null to its default, true. 
[04Oct2026 19:05:15.262] [modloading-worker-0/WARN] [net.minecraftforge.common.ForgeConfigSpec/CORE]: Incorrect key decay_structures was corrected from null to its default, []. 
[04Oct2026 19:05:15.262] [modloading-worker-0/WARN] [net.minecraftforge.common.ForgeConfigSpec/CORE]: Incorrect key cyclic.enchantment.disarm was corrected from null to its default, SimpleCommentedConfig:{}. 
[04Oct2026 19:05:15.262] [modloading-worker-0/WARN] [net.minecraftforge.common.ForgeConfigSpec/CORE]: Incorrect key cyclic.enchantment.disarm.enabled was corrected from null to its default, true. 
[04Oct2026 19:05:15.262] [modloading-worker-0/WARN] [net.minecraftforge.common.ForgeConfigSpec/CORE]: Incorrect key cyclic.enchantment.disarm.percentPerLevel was corrected from null to its default, 15. 
[04Oct2026 19:05:15.262] [modloading-worker-0/WARN] [net.minecraftforge.common.ForgeConfigSpec/CORE]: Incorrect key cyclic.enchantment.disarm.ingoredMobs was corrected from null to its default, [alexsmobs:mimicube]. 
[04Oct2026 19:05:15.262] [modloading-worker-0/WARN] [net.minecraftforge.common.ForgeConfigSpec/CORE]: Incorrect key cyclic.enchantment.excavate was corrected from null to its default, SimpleCommentedConfig:{}. 
[04Oct2026 19:05:15.262] [modloading-worker-0/WARN] [net.minecraftforge.common.ForgeConfigSpec/CORE]: Incorrect key cyclic.enchantment.excavate.enabled was corrected from null to its default, true. 
[04Oct2026 19:05:15.262] [modloading-worker-0/WARN] [net.minecraftforge.common.ForgeConfigSpec/CORE]: Incorrect key cyclic.enchantment.growth was corrected from null to its default, SimpleCommentedConfig:{}. 
[04Oct2026 19:05:15.263] [modloading-worker-0/WARN] [net.minecraftforge.common.ForgeConfigSpec/CORE]: Incorrect key decay_all was corrected from null to its default, false. 
[04Oct2026 19:05:15.263] [modloading-worker-0/WARN] [net.minecraftforge.common.ForgeConfigSpec/CORE]: Incorrect key cyclic.enchantment.growth.enabled was corrected from null to its default, true. 
[04Oct2026 19:05:15.263] [modloading-worker-0/WARN] [net.minecraftforge.common.ForgeConfigSpec/CORE]: Incorrect key cyclic.enchantment.growth.radius was corrected from null to its default, 2. 
[04Oct2026 19:05:15.263] [modloading-worker-0/WARN] [net.minecraftforge.common.ForgeConfigSpec/CORE]: Incorrect key cyclic.enchantment.growth.height was corrected from null to its default, 2. 
[04Oct2026 19:05:15.263] [modloading-worker-0/WARN] [net.minecraftforge.common.ForgeConfigSpec/CORE]: Incorrect key cyclic.enchantment.growth.limit was corrected from null to its default, 4. 
[04Oct2026 19:05:15.263] [modloading-worker-0/WARN] [net.minecraftforge.common.ForgeConfigSpec/CORE]: Incorrect key cyclic.enchantment.growth.percent was corrected from null to its default, 4. 
[04Oct2026 19:05:15.263] [modloading-worker-0/WARN] [net.minecraftforge.common.ForgeConfigSpec/CORE]: Incorrect key cyclic.enchantment.growth.player_only was corrected from null to its default, false. 
[04Oct2026 19:05:15.263] [modloading-worker-0/WARN] [net.minecraftforge.common.ForgeConfigSpec/CORE]: Incorrect key cyclic.enchantment.launch was corrected from null to its default, SimpleCommentedConfig:{}. 
[04Oct2026 19:05:15.263] [modloading-worker-0/WARN] [net.minecraftforge.common.ForgeConfigSpec/CORE]: Incorrect key cyclic.enchantment.launch.enabled was corrected from null to its default, true. 
[04Oct2026 19:05:15.263] [modloading-worker-0/WARN] [net.minecraftforge.common.ForgeConfigSpec/CORE]: Incorrect key cyclic.enchantment.life_leech was corrected from null to its default, SimpleCommentedConfig:{}. 
[04Oct2026 19:05:15.263] [modloading-worker-0/WARN] [net.minecraftforge.common.ForgeConfigSpec/CORE]: Incorrect key cyclic.enchantment.life_leech.enabled was corrected from null to its default, true. 
[04Oct2026 19:05:15.264] [modloading-worker-0/WARN] [net.minecraftforge.common.ForgeConfigSpec/CORE]: Incorrect key cyclic.enchantment.magnet was corrected from null to its default, SimpleCommentedConfig:{}. 
[04Oct2026 19:05:15.264] [modloading-worker-0/WARN] [net.minecraftforge.common.ForgeConfigSpec/CORE]: Incorrect key cyclic.enchantment.magnet.enabled was corrected from null to its default, true. 
[04Oct2026 19:05:15.264] [modloading-worker-0/WARN] [net.minecraftforge.common.ForgeConfigSpec/CORE]: Incorrect key cyclic.enchantment.multishot was corrected from null to its default, SimpleCommentedConfig:{}. 
[04Oct2026 19:05:15.264] [modloading-worker-0/WARN] [net.minecraftforge.common.ForgeConfigSpec/CORE]: Incorrect key cyclic.enchantment.multishot.enabled was corrected from null to its default, true. 
[04Oct2026 19:05:15.264] [modloading-worker-0/WARN] [net.minecraftforge.common.ForgeConfigSpec/CORE]: Incorrect key cyclic.enchantment.ender was corrected from null to its default, SimpleCommentedConfig:{}. 
[04Oct2026 19:05:15.264] [modloading-worker-0/WARN] [net.minecraftforge.common.ForgeConfigSpec/CORE]: Incorrect key cyclic.enchantment.ender.enabled was corrected from null to its default, true. 
[04Oct2026 19:05:15.264] [modloading-worker-0/WARN] [net.minecraftforge.common.ForgeConfigSpec/CORE]: Incorrect key cyclic.enchantment.quickshot was corrected from null to its default, SimpleCommentedConfig:{}. 
[04Oct2026 19:05:15.264] [modloading-worker-0/WARN] [net.minecraftforge.common.ForgeConfigSpec/CORE]: Incorrect key cyclic.enchantment.quickshot.enabled was corrected from null to its default, true. 
[04Oct2026 19:05:15.264] [modloading-worker-0/WARN] [net.minecraftforge.common.ForgeConfigSpec/CORE]: Incorrect key cyclic.enchantment.reach was corrected from null to its default, SimpleCommentedConfig:{}. 
[04Oct2026 19:05:15.265] [modloading-worker-0/WARN] [net.minecraftforge.common.ForgeConfigSpec/CORE]: Incorrect key cyclic.enchantment.reach.enabled was corrected from null to its default, true. 
[04Oct2026 19:05:15.265] [modloading-worker-0/WARN] [net.minecraftforge.common.ForgeConfigSpec/CORE]: Incorrect key cyclic.enchantment.step was corrected from null to its default, SimpleCommentedConfig:{}. 
[04Oct2026 19:05:15.265] [modloading-worker-0/WARN] [net.minecraftforge.common.ForgeConfigSpec/CORE]: Incorrect key cyclic.enchantment.step.enabled was corrected from null to its default, true. 
[04Oct2026 19:05:15.265] [modloading-worker-0/WARN] [net.minecraftforge.common.ForgeConfigSpec/CORE]: Incorrect key cyclic.enchantment.steady was corrected from null to its default, SimpleCommentedConfig:{}. 
[04Oct2026 19:05:15.265] [modloading-worker-0/WARN] [net.minecraftforge.common.ForgeConfigSpec/CORE]: Incorrect key cyclic.enchantment.steady.enabled was corrected from null to its default, true. 
[04Oct2026 19:05:15.265] [modloading-worker-0/WARN] [net.minecraftforge.common.ForgeConfigSpec/CORE]: Incorrect key cyclic.enchantment.laststand was corrected from null to its default, SimpleCommentedConfig:{}. 
[04Oct2026 19:05:15.265] [modloading-worker-0/WARN] [net.minecraftforge.common.ForgeConfigSpec/CORE]: Incorrect key cyclic.enchantment.laststand.enabled was corrected from null to its default, true. 
[04Oct2026 19:05:15.265] [modloading-worker-0/WARN] [net.minecraftforge.common.ForgeConfigSpec/CORE]: Incorrect key cyclic.enchantment.laststand.xp_cost was corrected from null to its default, 50. 
[04Oct2026 19:05:15.265] [modloading-worker-0/WARN] [net.minecraftforge.common.ForgeConfigSpec/CORE]: Incorrect key cyclic.enchantment.laststand.potion_ticks was corrected from null to its default, 600. 
[04Oct2026 19:05:15.265] [modloading-worker-0/WARN] [net.minecraftforge.common.ForgeConfigSpec/CORE]: Incorrect key cyclic.enchantment.laststand.cooldown was corrected from null to its default, 20. 
[04Oct2026 19:05:15.266] [modloading-worker-0/WARN] [net.minecraftforge.common.ForgeConfigSpec/CORE]: Incorrect key cyclic.enchantment.traveler was corrected from null to its default, SimpleCommentedConfig:{}. 
[04Oct2026 19:05:15.266] [modloading-worker-0/WARN] [net.minecraftforge.common.ForgeConfigSpec/CORE]: Incorrect key cyclic.enchantment.traveler.enabled was corrected from null to its default, true. 
[04Oct2026 19:05:15.266] [modloading-worker-0/WARN] [net.minecraftforge.common.ForgeConfigSpec/CORE]: Incorrect key cyclic.enchantment.venom was corrected from null to its default, SimpleCommentedConfig:{}. 
[04Oct2026 19:05:15.266] [modloading-worker-0/WARN] [net.minecraftforge.common.ForgeConfigSpec/CORE]: Incorrect key cyclic.enchantment.venom.enabled was corrected from null to its default, true. 
[04Oct2026 19:05:15.266] [modloading-worker-0/WARN] [net.minecraftforge.common.ForgeConfigSpec/CORE]: Incorrect key cyclic.enchantment.experience_boost was corrected from null to its default, SimpleCommentedConfig:{}. 
[04Oct2026 19:05:15.266] [modloading-worker-0/WARN] [net.minecraftforge.common.ForgeConfigSpec/CORE]: Incorrect key cyclic.enchantment.experience_boost.enabled was corrected from null to its default, true. 
[04Oct2026 19:05:15.266] [modloading-worker-0/WARN] [net.minecraftforge.common.ForgeConfigSpec/CORE]: Incorrect key cyclic.worldgen was corrected from null to its default, SimpleCommentedConfig:{}. 
[04Oct2026 19:05:15.266] [modloading-worker-0/WARN] [net.minecraftforge.common.ForgeConfigSpec/CORE]: Incorrect key cyclic.worldgen.flowers was corrected from null to its default, SimpleCommentedConfig:{}. 
[04Oct2026 19:05:15.266] [modloading-worker-0/WARN] [net.minecraftforge.common.ForgeConfigSpec/CORE]: Incorrect key cyclic.worldgen.flowers.enabled was corrected from null to its default, false. 
[04Oct2026 19:05:15.266] [modloading-worker-0/WARN] [net.minecraftforge.common.ForgeConfigSpec/CORE]: Incorrect key cyclic.worldgen.cyan_podzol_legacy was corrected from null to its default, SimpleCommentedConfig:{}. 
[04Oct2026 19:05:15.267] [modloading-worker-0/WARN] [net.minecraftforge.common.ForgeConfigSpec/CORE]: Incorrect key cyclic.worldgen.cyan_podzol_legacy.enabled was corrected from null to its default, false. 
[04Oct2026 19:05:15.267] [modloading-worker-0/WARN] [net.minecraftforge.common.ForgeConfigSpec/CORE]: Incorrect key cyclic.command was corrected from null to its default, SimpleCommentedConfig:{}. 
[04Oct2026 19:05:15.267] [modloading-worker-0/WARN] [net.minecraftforge.common.ForgeConfigSpec/CORE]: Incorrect key cyclic.command.gethome was corrected from null to its default, false. 
[04Oct2026 19:05:15.267] [modloading-worker-0/WARN] [net.minecraftforge.common.ForgeConfigSpec/CORE]: Incorrect key cyclic.command.health was corrected from null to its default, true. 
[04Oct2026 19:05:15.267] [modloading-worker-0/WARN] [net.minecraftforge.common.ForgeConfigSpec/CORE]: Incorrect key refresh_value was corrected from null to its default, 24000. 
[04Oct2026 19:05:15.267] [modloading-worker-0/WARN] [net.minecraftforge.common.ForgeConfigSpec/CORE]: Incorrect key cyclic.command.home was corrected from null to its default, true. 
[04Oct2026 19:05:15.267] [modloading-worker-0/WARN] [net.minecraftforge.common.ForgeConfigSpec/CORE]: Incorrect key cyclic.command.hunger was corrected from null to its default, true. 
[04Oct2026 19:05:15.267] [modloading-worker-0/WARN] [net.minecraftforge.common.ForgeConfigSpec/CORE]: Incorrect key cyclic.command.dev was corrected from null to its default, false. 
[04Oct2026 19:05:15.267] [modloading-worker-0/WARN] [net.minecraftforge.common.ForgeConfigSpec/CORE]: Incorrect key cyclic.command.ping was corrected from null to its default, false. 
[04Oct2026 19:05:15.267] [modloading-worker-0/WARN] [net.minecraftforge.common.ForgeConfigSpec/CORE]: Incorrect key cyclic.logging was corrected from null to its default, SimpleCommentedConfig:{}. 
[04Oct2026 19:05:15.268] [modloading-worker-0/WARN] [net.minecraftforge.common.ForgeConfigSpec/CORE]: Incorrect key cyclic.logging.info was corrected from null to its default, false. 
[04Oct2026 19:05:15.268] [modloading-worker-0/WARN] [net.minecraftforge.common.ForgeConfigSpec/CORE]: Incorrect key cyclic.items was corrected from null to its default, SimpleCommentedConfig:{}. 
[04Oct2026 19:05:15.268] [modloading-worker-0/WARN] [net.minecraftforge.common.ForgeConfigSpec/CORE]: Incorrect key cyclic.items.laser_cannon was corrected from null to its default, SimpleCommentedConfig:{}. 
[04Oct2026 19:05:15.268] [modloading-worker-0/WARN] [net.minecraftforge.common.ForgeConfigSpec/CORE]: Incorrect key cyclic.items.laser_cannon.range was corrected from null to its default, 6000. 
[04Oct2026 19:05:15.268] [modloading-worker-0/WARN] [net.minecraftforge.common.ForgeConfigSpec/CORE]: Incorrect key cyclic.items.laser_cannon.damage_close was corrected from null to its default, 20. 
[04Oct2026 19:05:15.268] [modloading-worker-0/WARN] [net.minecraftforge.common.ForgeConfigSpec/CORE]: Incorrect key cyclic.items.laser_cannon.damage_far was corrected from null to its default, 12. 
[04Oct2026 19:05:15.268] [modloading-worker-0/WARN] [net.minecraftforge.common.ForgeConfigSpec/CORE]: Incorrect key cyclic.items.laser_cannon.energy was corrected from null to its default, 10. 
[04Oct2026 19:05:15.268] [modloading-worker-0/WARN] [net.minecraftforge.common.ForgeConfigSpec/CORE]: Incorrect key cyclic.items.laser_cannon.render_misses was corrected from null to its default, true. 
[04Oct2026 19:05:15.268] [modloading-worker-0/WARN] [net.minecraftforge.common.ForgeConfigSpec/CORE]: Incorrect key refresh_loot_tables was corrected from null to its default, []. 
[04Oct2026 19:05:15.268] [modloading-worker-0/WARN] [net.minecraftforge.common.ForgeConfigSpec/CORE]: Incorrect key cyclic.items.scythe_brush was corrected from null to its default, SimpleCommentedConfig:{}. 
[04Oct2026 19:05:15.268] [modloading-worker-0/WARN] [net.minecraftforge.common.ForgeConfigSpec/CORE]: Incorrect key cyclic.items.scythe_brush.radius was corrected from null to its default, 6. 
[04Oct2026 19:05:15.268] [modloading-worker-0/WARN] [net.minecraftforge.common.ForgeConfigSpec/CORE]: Incorrect key cyclic.items.scythe_forage was corrected from null to its default, SimpleCommentedConfig:{}. 
[04Oct2026 19:05:15.269] [modloading-worker-0/WARN] [net.minecraftforge.common.ForgeConfigSpec/CORE]: Incorrect key cyclic.items.scythe_forage.radius was corrected from null to its default, 6. 
[04Oct2026 19:05:15.269] [modloading-worker-0/WARN] [net.minecraftforge.common.ForgeConfigSpec/CORE]: Incorrect key cyclic.items.scythe_leaves was corrected from null to its default, SimpleCommentedConfig:{}. 
[04Oct2026 19:05:15.269] [modloading-worker-0/WARN] [net.minecraftforge.common.ForgeConfigSpec/CORE]: Incorrect key cyclic.items.scythe_leaves.radius was corrected from null to its default, 6. 
[04Oct2026 19:05:15.269] [modloading-worker-0/WARN] [net.minecraftforge.common.ForgeConfigSpec/CORE]: Incorrect key cyclic.items.scythe_harvest was corrected from null to its default, SimpleCommentedConfig:{}. 
[04Oct2026 19:05:15.269] [modloading-worker-0/WARN] [net.minecraftforge.common.ForgeConfigSpec/CORE]: Incorrect key cyclic.items.scythe_harvest.radius was corrected from null to its default, 6. 
[04Oct2026 19:05:15.269] [modloading-worker-0/WARN] [net.minecraftforge.common.ForgeConfigSpec/CORE]: Incorrect key refresh_modids was corrected from null to its default, []. 
[04Oct2026 19:05:15.269] [modloading-worker-0/WARN] [net.minecraftforge.common.ForgeConfigSpec/CORE]: Incorrect key cyclic.items.spell_water was corrected from null to its default, SimpleCommentedConfig:{}. 
[04Oct2026 19:05:15.269] [modloading-worker-0/WARN] [net.minecraftforge.common.ForgeConfigSpec/CORE]: Incorrect key cyclic.items.spell_water.radius was corrected from null to its default, 3. 
[04Oct2026 19:05:15.270] [modloading-worker-0/WARN] [net.minecraftforge.common.ForgeConfigSpec/CORE]: Incorrect key cyclic.items.spell_ice was corrected from null to its default, SimpleCommentedConfig:{}. 
[04Oct2026 19:05:15.270] [modloading-worker-0/WARN] [net.minecraftforge.common.ForgeConfigSpec/CORE]: Incorrect key cyclic.items.spell_ice.radius was corrected from null to its default, 3. 
[04Oct2026 19:05:15.270] [modloading-worker-0/WARN] [net.minecraftforge.common.ForgeConfigSpec/CORE]: Incorrect key cyclic.items.apple_ender was corrected from null to its default, SimpleCommentedConfig:{}. 
[04Oct2026 19:05:15.270] [modloading-worker-0/WARN] [net.minecraftforge.common.ForgeConfigSpec/CORE]: Incorrect key cyclic.items.apple_ender.structure_tags was corrected from null to its default, [minecraft:eye_of_ender_located, minecraft:on_woodland_explorer_maps, minecraft:on_ocean_explorer_maps, minecraft:village]. 
[04Oct2026 19:05:15.270] [modloading-worker-0/WARN] [net.minecraftforge.common.ForgeConfigSpec/CORE]: Incorrect key cyclic.items.apple_ender.printed was corrected from null to its default, 5. 
[04Oct2026 19:05:15.270] [modloading-worker-0/WARN] [net.minecraftforge.common.ForgeConfigSpec/CORE]: Incorrect key cyclic.items.shield_leather was corrected from null to its default, SimpleCommentedConfig:{}. 
[04Oct2026 19:05:15.270] [modloading-worker-0/WARN] [net.minecraftforge.common.ForgeConfigSpec/CORE]: Incorrect key cyclic.items.shield_leather.blocked_damage_percent was corrected from null to its default, 20. 
[04Oct2026 19:05:15.271] [modloading-worker-0/WARN] [net.minecraftforge.common.ForgeConfigSpec/CORE]: Incorrect key refresh_dimensions was corrected from null to its default, []. 
[04Oct2026 19:05:15.271] [modloading-worker-0/WARN] [net.minecraftforge.common.ForgeConfigSpec/CORE]: Incorrect key cyclic.items.shield_wood was corrected from null to its default, SimpleCommentedConfig:{}. 
[04Oct2026 19:05:15.271] [modloading-worker-0/WARN] [net.minecraftforge.common.ForgeConfigSpec/CORE]: Incorrect key cyclic.items.shield_wood.blocked_damage_percent was corrected from null to its default, 60. 
[04Oct2026 19:05:15.271] [modloading-worker-0/WARN] [net.minecraftforge.common.ForgeConfigSpec/CORE]: Incorrect key cyclic.items.shield_flint was corrected from null to its default, SimpleCommentedConfig:{}. 
[04Oct2026 19:05:15.271] [modloading-worker-0/WARN] [net.minecraftforge.common.ForgeConfigSpec/CORE]: Incorrect key cyclic.items.shield_flint.blocked_damage_percent was corrected from null to its default, 30. 
[04Oct2026 19:05:15.271] [modloading-worker-0/WARN] [net.minecraftforge.common.ForgeConfigSpec/CORE]: Incorrect key cyclic.items.shield_flint.damage was corrected from null to its default, 50. 
[04Oct2026 19:05:15.271] [modloading-worker-0/WARN] [net.minecraftforge.common.ForgeConfigSpec/CORE]: Incorrect key cyclic.items.wand_hypno was corrected from null to its default, SimpleCommentedConfig:{}. 
[04Oct2026 19:05:15.271] [modloading-worker-0/WARN] [net.minecraftforge.common.ForgeConfigSpec/CORE]: Incorrect key cyclic.items.wand_hypno.energy was corrected from null to its default, 500. 
[04Oct2026 19:05:15.271] [modloading-worker-0/WARN] [net.minecraftforge.common.ForgeConfigSpec/CORE]: Incorrect key cyclic.items.wand_hypno.range was corrected from null to its default, 16. 
[04Oct2026 19:05:15.272] [modloading-worker-0/WARN] [net.minecraftforge.common.ForgeConfigSpec/CORE]: Incorrect key refresh_structures was corrected from null to its default, []. 
[04Oct2026 19:05:15.272] [modloading-worker-0/WARN] [net.minecraftforge.common.ForgeConfigSpec/CORE]: Incorrect key cyclic.items.wand_missile was corrected from null to its default, SimpleCommentedConfig:{}. 
[04Oct2026 19:05:15.272] [modloading-worker-0/WARN] [net.minecraftforge.common.ForgeConfigSpec/CORE]: Incorrect key cyclic.items.wand_missile.energy was corrected from null to its default, 150. 
[04Oct2026 19:05:15.272] [modloading-worker-0/INFO] [xaero.common.HudMod/]: Registering common data for channel xaerominimap:main!
[04Oct2026 19:05:15.272] [modloading-worker-0/WARN] [net.minecraftforge.common.ForgeConfigSpec/CORE]: Incorrect key cyclic.items.wand_missile.range was corrected from null to its default, 64. 
[04Oct2026 19:05:15.272] [modloading-worker-0/WARN] [net.minecraftforge.common.ForgeConfigSpec/CORE]: Incorrect key cyclic.items.prospector was corrected from null to its default, SimpleCommentedConfig:{}. 
[04Oct2026 19:05:15.272] [modloading-worker-0/WARN] [net.minecraftforge.common.ForgeConfigSpec/CORE]: Incorrect key cyclic.items.prospector.range was corrected from null to its default, 32. 
[04Oct2026 19:05:15.272] [modloading-worker-0/WARN] [net.minecraftforge.common.ForgeConfigSpec/CORE]: Incorrect key cyclic.items.prospector.height was corrected from null to its default, 8. 
[04Oct2026 19:05:15.272] [modloading-worker-0/WARN] [net.minecraftforge.common.ForgeConfigSpec/CORE]: Incorrect key cyclic.items.emerald was corrected from null to its default, SimpleCommentedConfig:{}. 
[04Oct2026 19:05:15.272] [modloading-worker-0/WARN] [net.minecraftforge.common.ForgeConfigSpec/CORE]: Incorrect key cyclic.items.emerald.toughness was corrected from null to its default, 3.0. 
[04Oct2026 19:05:15.272] [modloading-worker-0/WARN] [net.minecraftforge.common.ForgeConfigSpec/CORE]: Incorrect key cyclic.items.emerald.damage was corrected from null to its default, 4.5. 
[04Oct2026 19:05:15.273] [modloading-worker-0/WARN] [net.minecraftforge.common.ForgeConfigSpec/CORE]: Incorrect key cyclic.items.emerald.boots was corrected from null to its default, 4. 
[04Oct2026 19:05:15.273] [modloading-worker-0/WARN] [net.minecraftforge.common.ForgeConfigSpec/CORE]: Incorrect key cyclic.items.emerald.helm was corrected from null to its default, 4. 
[04Oct2026 19:05:15.273] [modloading-worker-0/WARN] [net.minecraftforge.common.ForgeConfigSpec/CORE]: Incorrect key cyclic.items.emerald.chest was corrected from null to its default, 9. 
[04Oct2026 19:05:15.273] [modloading-worker-0/WARN] [net.minecraftforge.common.ForgeConfigSpec/CORE]: Incorrect key cyclic.items.emerald.leg was corrected from null to its default, 7. 
[04Oct2026 19:05:15.273] [modloading-worker-0/WARN] [net.minecraftforge.common.ForgeConfigSpec/CORE]: Incorrect key refresh_all was corrected from null to its default, false. 
[04Oct2026 19:05:15.273] [modloading-worker-0/WARN] [net.minecraftforge.common.ForgeConfigSpec/CORE]: Incorrect key cyclic.items.obsidian was corrected from null to its default, SimpleCommentedConfig:{}. 
[04Oct2026 19:05:15.273] [modloading-worker-0/WARN] [net.minecraftforge.common.ForgeConfigSpec/CORE]: Incorrect key cyclic.items.obsidian.toughness was corrected from null to its default, 6.0. 
[04Oct2026 19:05:15.273] [modloading-worker-0/WARN] [net.minecraftforge.common.ForgeConfigSpec/CORE]: Incorrect key cyclic.items.obsidian.damage was corrected from null to its default, 10.5. 
[04Oct2026 19:05:15.273] [modloading-worker-0/WARN] [net.minecraftforge.common.ForgeConfigSpec/CORE]: Incorrect key cyclic.items.obsidian.boots was corrected from null to its default, 7. 
[04Oct2026 19:05:15.273] [modloading-worker-0/WARN] [net.minecraftforge.common.ForgeConfigSpec/CORE]: Incorrect key cyclic.items.obsidian.helm was corrected from null to its default, 7. 
[04Oct2026 19:05:15.274] [modloading-worker-0/WARN] [net.minecraftforge.common.ForgeConfigSpec/CORE]: Incorrect key cyclic.items.obsidian.chest was corrected from null to its default, 11. 
[04Oct2026 19:05:15.274] [modloading-worker-0/WARN] [net.minecraftforge.common.ForgeConfigSpec/CORE]: Incorrect key cyclic.items.obsidian.leg was corrected from null to its default, 10. 
[04Oct2026 19:05:15.274] [modloading-worker-0/WARN] [net.minecraftforge.common.ForgeConfigSpec/CORE]: Incorrect key cyclic.items.spawner_seeker was corrected from null to its default, SimpleCommentedConfig:{}. 
[04Oct2026 19:05:15.274] [modloading-worker-0/WARN] [net.minecraftforge.common.ForgeConfigSpec/CORE]: Incorrect key cyclic.items.spawner_seeker.range was corrected from null to its default, 64. 
[04Oct2026 19:05:15.274] [modloading-worker-0/WARN] [net.minecraftforge.common.ForgeConfigSpec/CORE]: Incorrect key cyclic.items.charm_luck was corrected from null to its default, SimpleCommentedConfig:{}. 
[04Oct2026 19:05:15.274] [modloading-worker-0/WARN] [net.minecraftforge.common.ForgeConfigSpec/CORE]: Incorrect key cyclic.items.charm_luck.boost was corrected from null to its default, 10. 
[04Oct2026 19:05:15.274] [modloading-worker-0/WARN] [net.minecraftforge.common.ForgeConfigSpec/CORE]: Incorrect key cyclic.items.charm_speed was corrected from null to its default, SimpleCommentedConfig:{}. 
[04Oct2026 19:05:15.274] [modloading-worker-0/WARN] [net.minecraftforge.common.ForgeConfigSpec/CORE]: Incorrect key cyclic.items.charm_speed.boost was corrected from null to its default, 0.5. 
[04Oct2026 19:05:15.274] [modloading-worker-0/WARN] [net.minecraftforge.common.ForgeConfigSpec/CORE]: Incorrect key cyclic.items.charm_attack_speed was corrected from null to its default, SimpleCommentedConfig:{}. 
[04Oct2026 19:05:15.274] [modloading-worker-0/WARN] [net.minecraftforge.common.ForgeConfigSpec/CORE]: Incorrect key cyclic.items.charm_attack_speed.boost was corrected from null to its default, 0.5. 
[04Oct2026 19:05:15.274] [modloading-worker-0/WARN] [net.minecraftforge.common.ForgeConfigSpec/CORE]: Incorrect key cyclic.items.charm_torch was corrected from null to its default, SimpleCommentedConfig:{}. 
[04Oct2026 19:05:15.274] [modloading-worker-0/WARN] [net.minecraftforge.common.ForgeConfigSpec/CORE]: Incorrect key cyclic.items.charm_torch.light_level was corrected from null to its default, 9. 
[04Oct2026 19:05:15.274] [modloading-worker-0/WARN] [net.minecraftforge.common.ForgeConfigSpec/CORE]: Configuration file /Users/caden/A.Developer/JuniorMC/SERVER/config/lootr-client.toml is not correct. Correcting
[04Oct2026 19:05:15.274] [modloading-worker-0/WARN] [net.minecraftforge.common.ForgeConfigSpec/CORE]: Incorrect key cyclic.items.caving_torch was corrected from null to its default, SimpleCommentedConfig:{}. 
[04Oct2026 19:05:15.275] [modloading-worker-0/WARN] [net.minecraftforge.common.ForgeConfigSpec/CORE]: Incorrect key cyclic.items.caving_torch.light_limit was corrected from null to its default, 7. 
[04Oct2026 19:05:15.275] [modloading-worker-0/WARN] [net.minecraftforge.common.ForgeConfigSpec/CORE]: Incorrect key cyclic.items.caving_torch.light_target was corrected from null to its default, 10. 
[04Oct2026 19:05:15.275] [modloading-worker-0/WARN] [net.minecraftforge.common.ForgeConfigSpec/CORE]: Incorrect key cyclic.items.caving_torch.prefer_walls was corrected from null to its default, true. 
[04Oct2026 19:05:15.275] [modloading-worker-0/WARN] [net.minecraftforge.common.ForgeConfigSpec/CORE]: Incorrect key cyclic.items.caving_torch.prefer_left_wall was corrected from null to its default, false. 
[04Oct2026 19:05:15.275] [modloading-worker-0/WARN] [net.minecraftforge.common.ForgeConfigSpec/CORE]: Incorrect key cyclic.items.chorus_flight was corrected from null to its default, SimpleCommentedConfig:{}. 
[04Oct2026 19:05:15.275] [modloading-worker-0/WARN] [net.minecraftforge.common.ForgeConfigSpec/CORE]: Incorrect key cyclic.items.chorus_flight.ticks was corrected from null to its default, 1200. 
[04Oct2026 19:05:15.275] [modloading-worker-0/WARN] [net.minecraftforge.common.ForgeConfigSpec/CORE]: Incorrect key cyclic.items.chorus_spectral was corrected from null to its default, SimpleCommentedConfig:{}. 
[04Oct2026 19:05:15.275] [modloading-worker-0/WARN] [net.minecraftforge.common.ForgeConfigSpec/CORE]: Incorrect key cyclic.items.chorus_spectral.ticks was corrected from null to its default, 600. 
[04Oct2026 19:05:15.275] [modloading-worker-0/WARN] [net.minecraftforge.common.ForgeConfigSpec/CORE]: Incorrect key cyclic.items.monster_ball was corrected from null to its default, SimpleCommentedConfig:{}. 
[04Oct2026 19:05:15.276] [modloading-worker-0/WARN] [net.minecraftforge.common.ForgeConfigSpec/CORE]: Incorrect key cyclic.items.monster_ball.ignore_list was corrected from null to its default, [minecraft:ender_dragon, minecraft:wither]. 
[04Oct2026 19:05:15.276] [modloading-worker-0/WARN] [net.minecraftforge.common.ForgeConfigSpec/CORE]: Incorrect key cyclic.items.teleport_wand was corrected from null to its default, SimpleCommentedConfig:{}. 
[04Oct2026 19:05:15.276] [modloading-worker-0/WARN] [net.minecraftforge.common.ForgeConfigSpec/CORE]: Incorrect key cyclic.items.teleport_wand.range was corrected from null to its default, 256. 
[04Oct2026 19:05:15.276] [modloading-worker-0/WARN] [net.minecraftforge.common.ForgeConfigSpec/CORE]: Incorrect key cyclic.items.tile_transporter was corrected from null to its default, SimpleCommentedConfig:{}. 
[04Oct2026 19:05:15.276] [modloading-worker-0/WARN] [net.minecraftforge.common.ForgeConfigSpec/CORE]: Incorrect key cyclic.items.tile_transporter.disable_pickup was corrected from null to its default, [parabox:parabox, extracells:fluidcrafter, extracells:ecbaseblock, extracells:fluidfiller, exnihilosequentia:*, refinedstorage:*, tconstruct:seared_fuel_tank, tconstruct:smeltery_controller, tconstruct:seared_drain, tconstruct:seared_fuel_gauge, tconstruct:seared_ingot_tank, tconstruct:seared_ingot_gauge, tconstruct:seared_melter, tconstruct:seared_heater, tconstruct:scorched_drain, tconstruct:scorched_duct, tconstruct:scorched_chute, tconstruct:foundry_controller, tconstruct:scorched_alloyer, rftoolspower:cell3, rftoolspower:cell2, rftoolspower:cell1, rftoolspower:cell3, rftoolspower:cell2, rftoolspower:cell1]. 
[04Oct2026 19:05:15.276] [modloading-worker-0/WARN] [net.minecraftforge.common.ForgeConfigSpec/CORE]: Incorrect key cyclic.items.tile_transporter.overrideChestSingle was corrected from null to its default, true. 
[04Oct2026 19:05:15.276] [modloading-worker-0/WARN] [net.minecraftforge.common.ForgeConfigSpec/CORE]: Incorrect key cyclic.items.heart was corrected from null to its default, SimpleCommentedConfig:{}. 
[04Oct2026 19:05:15.276] [modloading-worker-0/WARN] [net.minecraftforge.common.ForgeConfigSpec/CORE]: Incorrect key cyclic.items.heart.experience was corrected from null to its default, 500. 
[04Oct2026 19:05:15.276] [modloading-worker-0/WARN] [net.minecraftforge.common.ForgeConfigSpec/CORE]: Incorrect key cyclic.items.heart.maximum was corrected from null to its default, 100. 
[04Oct2026 19:05:15.277] [modloading-worker-0/WARN] [net.minecraftforge.common.ForgeConfigSpec/CORE]: Incorrect key cyclic.blocks was corrected from null to its default, SimpleCommentedConfig:{}. 
[04Oct2026 19:05:15.277] [modloading-worker-0/WARN] [net.minecraftforge.common.ForgeConfigSpec/CORE]: Incorrect key cyclic.blocks.facades was corrected from null to its default, SimpleCommentedConfig:{}. 
[04Oct2026 19:05:15.277] [modloading-worker-0/WARN] [net.minecraftforge.common.ForgeConfigSpec/CORE]: Incorrect key cyclic.blocks.facades.cables was corrected from null to its default, SimpleCommentedConfig:{}. 
[04Oct2026 19:05:15.277] [modloading-worker-0/WARN] [net.minecraftforge.common.ForgeConfigSpec/CORE]: Incorrect key cyclic.blocks.facades.cables.enabled was corrected from null to its default, true. 
[04Oct2026 19:05:15.277] [modloading-worker-0/WARN] [net.minecraftforge.common.ForgeConfigSpec/CORE]: Incorrect key cyclic.blocks.facades.itemsNotAllowed was corrected from null to its default, [minecraft:double_plant, minecraft:waterlily, minecraft:torch, minecraft:*_torch, minecraft:redstone, minecraft:iron_bars, minecraft:chest, minecraft:ender_chest, minecraft:sculk_vein, minecraft:string, minecraft:vine, minecraft:brewing_stand, minecraft:*_dripleaf, minecraft:*_pane, minecraft:*_sapling, minecraft:*_sign, minecraft:*_door, minecraft:*_banner, minecraft:*_shulker_box, storagenetwork:*]. 
[04Oct2026 19:05:15.277] [modloading-worker-0/WARN] [net.minecraftforge.common.ForgeConfigSpec/CORE]: Incorrect key cyclic.blocks.wireless_transfer_dimensional was corrected from null to its default, true. 
[04Oct2026 19:05:15.277] [modloading-worker-0/WARN] [net.minecraftforge.common.ForgeConfigSpec/CORE]: Incorrect key cyclic.blocks.harmful_potions was corrected from null to its default, true. 
[04Oct2026 19:05:15.277] [modloading-worker-0/WARN] [net.minecraftforge.common.ForgeConfigSpec/CORE]: Incorrect key cyclic.blocks.anti_beacon was corrected from null to its default, SimpleCommentedConfig:{}. 
[04Oct2026 19:05:15.277] [modloading-worker-0/WARN] [net.minecraftforge.common.ForgeConfigSpec/CORE]: Incorrect key cyclic.blocks.anti_beacon.radius was corrected from null to its default, 16. 
[04Oct2026 19:05:15.277] [modloading-worker-0/WARN] [net.minecraftforge.common.ForgeConfigSpec/CORE]: Incorrect key cyclic.blocks.anti_beacon.ticks was corrected from null to its default, 200. 
[04Oct2026 19:05:15.278] [modloading-worker-0/WARN] [net.minecraftforge.common.ForgeConfigSpec/CORE]: Incorrect key cyclic.blocks.anti_beacon.potion_list was corrected from null to its default, [minecraft:poison, minecraft:*_poison, minecraft:wither, cyclic:gravity, minecraft:weakness, minecraft:slowness]. 
[04Oct2026 19:05:15.278] [modloading-worker-0/WARN] [net.minecraftforge.common.ForgeConfigSpec/CORE]: Incorrect key cyclic.blocks.cables was corrected from null to its default, SimpleCommentedConfig:{}. 
[04Oct2026 19:05:15.278] [modloading-worker-0/WARN] [net.minecraftforge.common.ForgeConfigSpec/CORE]: Incorrect key cyclic.blocks.cables.fluid was corrected from null to its default, SimpleCommentedConfig:{}. 
[04Oct2026 19:05:15.278] [modloading-worker-0/WARN] [net.minecraftforge.common.ForgeConfigSpec/CORE]: Incorrect key cyclic.blocks.cables.fluid.buffer was corrected from null to its default, 16. 
[04Oct2026 19:05:15.278] [modloading-worker-0/WARN] [net.minecraftforge.common.ForgeConfigSpec/CORE]: Incorrect key cyclic.blocks.cables.fluid.flow was corrected from null to its default, 16000. 
[04Oct2026 19:05:15.278] [modloading-worker-0/WARN] [net.minecraftforge.common.ForgeConfigSpec/CORE]: Incorrect key cyclic.blocks.cables.energy was corrected from null to its default, SimpleCommentedConfig:{}. 
[04Oct2026 19:05:15.278] [modloading-worker-0/WARN] [net.minecraftforge.common.ForgeConfigSpec/CORE]: Incorrect key cyclic.blocks.cables.energy.buffer was corrected from null to its default, 32000. 
[04Oct2026 19:05:15.278] [modloading-worker-0/WARN] [net.minecraftforge.common.ForgeConfigSpec/CORE]: Incorrect key cyclic.blocks.cables.energy.flow was corrected from null to its default, 32000. 
[04Oct2026 19:05:15.278] [modloading-worker-0/WARN] [net.minecraftforge.common.ForgeConfigSpec/CORE]: Incorrect key cyclic.blocks.generator_fuel was corrected from null to its default, SimpleCommentedConfig:{}. 
[04Oct2026 19:05:15.278] [modloading-worker-0/WARN] [net.minecraftforge.common.ForgeConfigSpec/CORE]: Incorrect key cyclic.blocks.generator_fuel.rf_per_tick was corrected from null to its default, 80. 
[04Oct2026 19:05:15.278] [modloading-worker-0/WARN] [net.minecraftforge.common.ForgeConfigSpec/CORE]: Incorrect key cyclic.blocks.generator_food was corrected from null to its default, SimpleCommentedConfig:{}. 
[04Oct2026 19:05:15.278] [modloading-worker-0/WARN] [net.minecraftforge.common.ForgeConfigSpec/CORE]: Incorrect key cyclic.blocks.generator_food.rf_per_tick was corrected from null to its default, 60. 
[04Oct2026 19:05:15.279] [modloading-worker-0/WARN] [net.minecraftforge.common.ForgeConfigSpec/CORE]: Incorrect key cyclic.blocks.generator_food.ticks_per_food was corrected from null to its default, 100. 
[04Oct2026 19:05:15.279] [modloading-worker-0/WARN] [net.minecraftforge.common.ForgeConfigSpec/CORE]: Incorrect key cyclic.blocks.generator_solar was corrected from null to its default, SimpleCommentedConfig:{}. 
[04Oct2026 19:05:15.279] [modloading-worker-0/WARN] [net.minecraftforge.common.ForgeConfigSpec/CORE]: Incorrect key cyclic.blocks.generator_solar.energy was corrected from null to its default, 4. 
[04Oct2026 19:05:15.279] [modloading-worker-0/WARN] [net.minecraftforge.common.ForgeConfigSpec/CORE]: Incorrect key cyclic.blocks.generator_solar.ticks was corrected from null to its default, 60. 
[04Oct2026 19:05:15.279] [modloading-worker-0/WARN] [net.minecraftforge.common.ForgeConfigSpec/CORE]: Incorrect key cyclic.blocks.sponge_lava was corrected from null to its default, SimpleCommentedConfig:{}. 
[04Oct2026 19:05:15.279] [modloading-worker-0/WARN] [net.minecraftforge.common.ForgeConfigSpec/CORE]: Incorrect key cyclic.blocks.sponge_lava.radius was corrected from null to its default, 8. 
[04Oct2026 19:05:15.279] [modloading-worker-0/WARN] [net.minecraftforge.common.ForgeConfigSpec/CORE]: Incorrect key cyclic.blocks.peace_candle was corrected from null to its default, SimpleCommentedConfig:{}. 
[04Oct2026 19:05:15.279] [modloading-worker-0/WARN] [net.minecraftforge.common.ForgeConfigSpec/CORE]: Incorrect key cyclic.blocks.peace_candle.height was corrected from null to its default, 4. 
[04Oct2026 19:05:15.280] [modloading-worker-0/WARN] [net.minecraftforge.common.ForgeConfigSpec/CORE]: Incorrect key cyclic.blocks.peace_candle.radius was corrected from null to its default, 32. 
[04Oct2026 19:05:15.280] [modloading-worker-0/WARN] [net.minecraftforge.common.ForgeConfigSpec/CORE]: Incorrect key cyclic.blocks.altar_destruction was corrected from null to its default, SimpleCommentedConfig:{}. 
[04Oct2026 19:05:15.280] [modloading-worker-0/WARN] [net.minecraftforge.common.ForgeConfigSpec/CORE]: Incorrect key cyclic.blocks.altar_destruction.height was corrected from null to its default, 8. 
[04Oct2026 19:05:15.280] [modloading-worker-0/WARN] [net.minecraftforge.common.ForgeConfigSpec/CORE]: Incorrect key cyclic.blocks.altar_destruction.radius was corrected from null to its default, 32. 
[04Oct2026 19:05:15.280] [modloading-worker-0/WARN] [net.minecraftforge.common.ForgeConfigSpec/CORE]: Incorrect key cyclic.blocks.magnet_block was corrected from null to its default, SimpleCommentedConfig:{}. 
[04Oct2026 19:05:15.280] [modloading-worker-0/WARN] [net.minecraftforge.common.ForgeConfigSpec/CORE]: Incorrect key cyclic.blocks.magnet_block.radius was corrected from null to its default, 16. 
[04Oct2026 19:05:15.280] [modloading-worker-0/WARN] [net.minecraftforge.common.ForgeConfigSpec/CORE]: Incorrect key cyclic.blocks.no_soliciting was corrected from null to its default, SimpleCommentedConfig:{}. 
[04Oct2026 19:05:15.280] [modloading-worker-0/WARN] [net.minecraftforge.common.ForgeConfigSpec/CORE]: Incorrect key cyclic.blocks.no_soliciting.height was corrected from null to its default, 4. 
[04Oct2026 19:05:15.280] [modloading-worker-0/WARN] [net.minecraftforge.common.ForgeConfigSpec/CORE]: Incorrect key cyclic.blocks.no_soliciting.radius was corrected from null to its default, 32. 
[04Oct2026 19:05:15.280] [modloading-worker-0/WARN] [net.minecraftforge.common.ForgeConfigSpec/CORE]: Incorrect key cyclic.blocks.water_candle was corrected from null to its default, SimpleCommentedConfig:{}. 
[04Oct2026 19:05:15.281] [modloading-worker-0/WARN] [net.minecraftforge.common.ForgeConfigSpec/CORE]: Incorrect key cyclic.blocks.water_candle.radius was corrected from null to its default, 8. 
[04Oct2026 19:05:15.281] [modloading-worker-0/WARN] [net.minecraftforge.common.ForgeConfigSpec/CORE]: Incorrect key cyclic.blocks.water_candle.tick_rate was corrected from null to its default, 60. 
[04Oct2026 19:05:15.281] [modloading-worker-0/WARN] [net.minecraftforge.common.ForgeConfigSpec/CORE]: Incorrect key cyclic.blocks.packager was corrected from null to its default, SimpleCommentedConfig:{}. 
[04Oct2026 19:05:15.281] [modloading-worker-0/WARN] [net.minecraftforge.common.ForgeConfigSpec/CORE]: Incorrect key cyclic.blocks.packager.energy_cost was corrected from null to its default, 50. 
[04Oct2026 19:05:15.281] [modloading-worker-0/WARN] [net.minecraftforge.common.ForgeConfigSpec/CORE]: Incorrect key cyclic.blocks.user was corrected from null to its default, SimpleCommentedConfig:{}. 
[04Oct2026 19:05:15.281] [modloading-worker-0/WARN] [net.minecraftforge.common.ForgeConfigSpec/CORE]: Incorrect key cyclic.blocks.user.energy_cost was corrected from null to its default, 0. 
[04Oct2026 19:05:15.284] [modloading-worker-0/WARN] [net.minecraftforge.common.ForgeConfigSpec/CORE]: Incorrect key vanilla_textures was corrected from null to its default, false. 
[04Oct2026 19:05:15.281] [modloading-worker-0/WARN] [net.minecraftforge.common.ForgeConfigSpec/CORE]: Incorrect key cyclic.blocks.anvil was corrected from null to its default, SimpleCommentedConfig:{}. 
[04Oct2026 19:05:15.284] [modloading-worker-0/WARN] [net.minecraftforge.common.ForgeConfigSpec/CORE]: Incorrect key cyclic.blocks.anvil.energy_cost was corrected from null to its default, 250. 
[04Oct2026 19:05:15.286] [modloading-worker-0/WARN] [net.minecraftforge.common.ForgeConfigSpec/CORE]: Incorrect key old_textures was corrected from null to its default, false. 
[04Oct2026 19:05:15.290] [modloading-worker-0/WARN] [net.minecraftforge.common.ForgeConfigSpec/CORE]: Incorrect key cyclic.blocks.dropper was corrected from null to its default, SimpleCommentedConfig:{}. 
[04Oct2026 19:05:15.293] [modloading-worker-0/WARN] [net.minecraftforge.common.ForgeConfigSpec/CORE]: Incorrect key cyclic.blocks.dropper.energy_cost was corrected from null to its default, 50. 
[04Oct2026 19:05:15.293] [modloading-worker-0/WARN] [net.minecraftforge.common.ForgeConfigSpec/CORE]: Incorrect key cyclic.blocks.forester was corrected from null to its default, SimpleCommentedConfig:{}. 
[04Oct2026 19:05:15.294] [modloading-worker-0/WARN] [net.minecraftforge.common.ForgeConfigSpec/CORE]: Incorrect key cyclic.blocks.forester.energy_cost was corrected from null to its default, 50. 
[04Oct2026 19:05:15.298] [modloading-worker-0/WARN] [net.minecraftforge.common.ForgeConfigSpec/CORE]: Incorrect key cyclic.blocks.harvester was corrected from null to its default, SimpleCommentedConfig:{}. 
[04Oct2026 19:05:15.298] [modloading-worker-0/WARN] [net.minecraftforge.common.ForgeConfigSpec/CORE]: Incorrect key cyclic.blocks.harvester.energy_cost was corrected from null to its default, 250. 
[04Oct2026 19:05:15.298] [modloading-worker-0/WARN] [net.minecraftforge.common.ForgeConfigSpec/CORE]: Incorrect key cyclic.blocks.beacon was corrected from null to its default, SimpleCommentedConfig:{}. 
[04Oct2026 19:05:15.298] [modloading-worker-0/WARN] [net.minecraftforge.common.ForgeConfigSpec/CORE]: Incorrect key cyclic.blocks.beacon.energy_cost was corrected from null to its default, 0. 
[04Oct2026 19:05:15.298] [modloading-worker-0/WARN] [net.minecraftforge.common.ForgeConfigSpec/CORE]: Incorrect key cyclic.blocks.miner was corrected from null to its default, SimpleCommentedConfig:{}. 
[04Oct2026 19:05:15.298] [modloading-worker-0/WARN] [net.minecraftforge.common.ForgeConfigSpec/CORE]: Incorrect key cyclic.blocks.miner.energy_cost was corrected from null to its default, 10. 
[04Oct2026 19:05:15.298] [modloading-worker-0/WARN] [net.minecraftforge.common.ForgeConfigSpec/CORE]: Incorrect key cyclic.blocks.uncraft was corrected from null to its default, SimpleCommentedConfig:{}. 
[04Oct2026 19:05:15.298] [modloading-worker-0/WARN] [net.minecraftforge.common.ForgeConfigSpec/CORE]: Incorrect key cyclic.blocks.uncraft.energy_cost was corrected from null to its default, 1000. 
[04Oct2026 19:05:15.298] [modloading-worker-0/WARN] [net.minecraftforge.common.ForgeConfigSpec/CORE]: Incorrect key cyclic.blocks.collector_fluid was corrected from null to its default, SimpleCommentedConfig:{}. 
[04Oct2026 19:05:15.298] [modloading-worker-0/WARN] [net.minecraftforge.common.ForgeConfigSpec/CORE]: Incorrect key cyclic.blocks.collector_fluid.energy_cost was corrected from null to its default, 500. 
[04Oct2026 19:05:15.298] [modloading-worker-0/WARN] [net.minecraftforge.common.ForgeConfigSpec/CORE]: Incorrect key cyclic.blocks.peat_farm was corrected from null to its default, SimpleCommentedConfig:{}. 
[04Oct2026 19:05:15.299] [modloading-worker-0/WARN] [net.minecraftforge.common.ForgeConfigSpec/CORE]: Incorrect key cyclic.blocks.peat_farm.energy_cost was corrected from null to its default, 500. 
[04Oct2026 19:05:15.299] [modloading-worker-0/WARN] [net.minecraftforge.common.ForgeConfigSpec/CORE]: Incorrect key cyclic.blocks.crafter was corrected from null to its default, SimpleCommentedConfig:{}. 
[04Oct2026 19:05:15.299] [modloading-worker-0/WARN] [net.minecraftforge.common.ForgeConfigSpec/CORE]: Incorrect key cyclic.blocks.crafter.energy_cost was corrected from null to its default, 500. 
[04Oct2026 19:05:15.299] [modloading-worker-0/WARN] [net.minecraftforge.common.ForgeConfigSpec/CORE]: Incorrect key cyclic.blocks.structure was corrected from null to its default, SimpleCommentedConfig:{}. 
[04Oct2026 19:05:15.299] [modloading-worker-0/WARN] [net.minecraftforge.common.ForgeConfigSpec/CORE]: Incorrect key cyclic.blocks.structure.energy_cost was corrected from null to its default, 10. 
[04Oct2026 19:05:15.299] [modloading-worker-0/WARN] [net.minecraftforge.common.ForgeConfigSpec/CORE]: Incorrect key cyclic.blocks.teleport was corrected from null to its default, SimpleCommentedConfig:{}. 
[04Oct2026 19:05:15.299] [modloading-worker-0/WARN] [net.minecraftforge.common.ForgeConfigSpec/CORE]: Incorrect key cyclic.blocks.teleport.energy_cost was corrected from null to its default, 400. 
[04Oct2026 19:05:15.299] [modloading-worker-0/WARN] [net.minecraftforge.common.ForgeConfigSpec/CORE]: Incorrect key cyclic.blocks.teleport.energy_cost_xdim was corrected from null to its default, 8000. 
[04Oct2026 19:05:15.299] [modloading-worker-0/WARN] [net.minecraftforge.common.ForgeConfigSpec/CORE]: Incorrect key cyclic.blocks.peat was corrected from null to its default, SimpleCommentedConfig:{}. 
[04Oct2026 19:05:15.300] [modloading-worker-0/WARN] [net.minecraftforge.common.ForgeConfigSpec/CORE]: Incorrect key cyclic.blocks.peat.conversion_chance was corrected from null to its default, 0.07999999821186066. 
[04Oct2026 19:05:15.300] [modloading-worker-0/WARN] [net.minecraftforge.common.ForgeConfigSpec/CORE]: Incorrect key cyclic.blocks.anvil_magma was corrected from null to its default, SimpleCommentedConfig:{}. 
[04Oct2026 19:05:15.300] [modloading-worker-0/WARN] [net.minecraftforge.common.ForgeConfigSpec/CORE]: Incorrect key cyclic.blocks.anvil_magma.fluid_cost was corrected from null to its default, 100. 
[04Oct2026 19:05:15.300] [modloading-worker-0/WARN] [net.minecraftforge.common.ForgeConfigSpec/CORE]: Incorrect key cyclic.blocks.disenchanter was corrected from null to its default, SimpleCommentedConfig:{}. 
[04Oct2026 19:05:15.300] [modloading-worker-0/WARN] [net.minecraftforge.common.ForgeConfigSpec/CORE]: Incorrect key cyclic.blocks.disenchanter.fluid_cost was corrected from null to its default, 100. 
[04Oct2026 19:05:15.300] [modloading-worker-0/WARN] [net.minecraftforge.common.ForgeConfigSpec/CORE]: Incorrect key cyclic.blocks.disenchanter.energy_cost was corrected from null to its default, 2500. 
[04Oct2026 19:05:15.300] [modloading-worker-0/WARN] [net.minecraftforge.common.ForgeConfigSpec/CORE]: Incorrect key cyclic.blocks.anvil_void was corrected from null to its default, SimpleCommentedConfig:{}. 
[04Oct2026 19:05:15.300] [modloading-worker-0/WARN] [net.minecraftforge.common.ForgeConfigSpec/CORE]: Incorrect key cyclic.blocks.anvil_void.fluid_cost was corrected from null to its default, 25. 
[04Oct2026 19:05:15.300] [modloading-worker-0/WARN] [net.minecraftforge.common.ForgeConfigSpec/CORE]: Incorrect key cyclic.blocks.sound was corrected from null to its default, SimpleCommentedConfig:{}. 
[04Oct2026 19:05:15.300] [modloading-worker-0/WARN] [net.minecraftforge.common.ForgeConfigSpec/CORE]: Incorrect key cyclic.blocks.sound.radius was corrected from null to its default, 8. 
[04Oct2026 19:05:15.300] [modloading-worker-0/WARN] [net.minecraftforge.common.ForgeConfigSpec/CORE]: Incorrect key cyclic.blocks.ender_shelf was corrected from null to its default, SimpleCommentedConfig:{}. 
[04Oct2026 19:05:15.301] [modloading-worker-0/WARN] [net.minecraftforge.common.ForgeConfigSpec/CORE]: Incorrect key cyclic.blocks.ender_shelf.books_per_row was corrected from null to its default, 256. 
[04Oct2026 19:05:15.301] [modloading-worker-0/WARN] [net.minecraftforge.common.ForgeConfigSpec/CORE]: Incorrect key cyclic.blocks.ender_shelf.controller_distance was corrected from null to its default, 64. 
[04Oct2026 19:05:15.301] [modloading-worker-0/WARN] [net.minecraftforge.common.ForgeConfigSpec/CORE]: Incorrect key cyclic.blocks.soundproofing was corrected from null to its default, SimpleCommentedConfig:{}. 
[04Oct2026 19:05:15.301] [modloading-worker-0/WARN] [net.minecraftforge.common.ForgeConfigSpec/CORE]: Incorrect key cyclic.blocks.soundproofing.radius was corrected from null to its default, 6. 
[04Oct2026 19:05:15.301] [modloading-worker-0/WARN] [net.minecraftforge.common.ForgeConfigSpec/CORE]: Incorrect key cyclic.blocks.sprinkler was corrected from null to its default, SimpleCommentedConfig:{}. 
[04Oct2026 19:05:15.301] [modloading-worker-0/WARN] [net.minecraftforge.common.ForgeConfigSpec/CORE]: Incorrect key cyclic.blocks.sprinkler.radius was corrected from null to its default, 4. 
[04Oct2026 19:05:15.301] [modloading-worker-0/WARN] [net.minecraftforge.common.ForgeConfigSpec/CORE]: Incorrect key cyclic.blocks.sprinkler.water was corrected from null to its default, 5. 
[04Oct2026 19:05:15.301] [modloading-worker-0/WARN] [net.minecraftforge.common.ForgeConfigSpec/CORE]: Incorrect key cyclic.blocks.sprinkler.ticks was corrected from null to its default, 20. 
[04Oct2026 19:05:15.301] [modloading-worker-0/WARN] [net.minecraftforge.common.ForgeConfigSpec/CORE]: Incorrect key cyclic.blocks.terra_preta was corrected from null to its default, SimpleCommentedConfig:{}. 
[04Oct2026 19:05:15.301] [modloading-worker-0/WARN] [net.minecraftforge.common.ForgeConfigSpec/CORE]: Incorrect key cyclic.blocks.terra_preta.growth_interval was corrected from null to its default, 100. 
[04Oct2026 19:05:15.302] [modloading-worker-0/WARN] [net.minecraftforge.common.ForgeConfigSpec/CORE]: Incorrect key cyclic.blocks.terra_preta.growth_chance was corrected from null to its default, 0.5. 
[04Oct2026 19:05:15.302] [modloading-worker-0/WARN] [net.minecraftforge.common.ForgeConfigSpec/CORE]: Incorrect key cyclic.blocks.terra_preta.height was corrected from null to its default, 8. 
[04Oct2026 19:05:15.302] [modloading-worker-0/WARN] [net.minecraftforge.common.ForgeConfigSpec/CORE]: Incorrect key cyclic.blocks.terra_glass was corrected from null to its default, SimpleCommentedConfig:{}. 
[04Oct2026 19:05:15.302] [modloading-worker-0/WARN] [net.minecraftforge.common.ForgeConfigSpec/CORE]: Incorrect key cyclic.blocks.terra_glass.timer was corrected from null to its default, 100. 
[04Oct2026 19:05:15.302] [modloading-worker-0/WARN] [net.minecraftforge.common.ForgeConfigSpec/CORE]: Incorrect key cyclic.blocks.terra_glass.height was corrected from null to its default, 8. 
[04Oct2026 19:05:15.302] [modloading-worker-0/WARN] [net.minecraftforge.common.ForgeConfigSpec/CORE]: Incorrect key cyclic.blocks.eye_teleport was corrected from null to its default, SimpleCommentedConfig:{}. 
[04Oct2026 19:05:15.302] [modloading-worker-0/WARN] [net.minecraftforge.common.ForgeConfigSpec/CORE]: Incorrect key cyclic.blocks.eye_teleport.range was corrected from null to its default, 128. 
[04Oct2026 19:05:15.302] [modloading-worker-0/WARN] [net.minecraftforge.common.ForgeConfigSpec/CORE]: Incorrect key cyclic.blocks.eye_teleport.hunger was corrected from null to its default, 1. 
[04Oct2026 19:05:15.303] [modloading-worker-0/WARN] [net.minecraftforge.common.ForgeConfigSpec/CORE]: Incorrect key cyclic.blocks.eye_teleport.exp was corrected from null to its default, 0. 
[04Oct2026 19:05:15.303] [modloading-worker-0/WARN] [net.minecraftforge.common.ForgeConfigSpec/CORE]: Incorrect key cyclic.blocks.eye_teleport.frequency was corrected from null to its default, 5. 
[04Oct2026 19:05:15.303] [modloading-worker-0/WARN] [net.minecraftforge.common.ForgeConfigSpec/CORE]: Incorrect key cyclic.blocks.battery_clay was corrected from null to its default, SimpleCommentedConfig:{}. 
[04Oct2026 19:05:15.303] [modloading-worker-0/WARN] [net.minecraftforge.common.ForgeConfigSpec/CORE]: Incorrect key cyclic.blocks.battery_clay.capacity was corrected from null to its default, 16000. 
[04Oct2026 19:05:15.303] [modloading-worker-0/WARN] [net.minecraftforge.common.ForgeConfigSpec/CORE]: Incorrect key cyclic.blocks.battery was corrected from null to its default, SimpleCommentedConfig:{}. 
[04Oct2026 19:05:15.303] [modloading-worker-0/WARN] [net.minecraftforge.common.ForgeConfigSpec/CORE]: Incorrect key cyclic.blocks.battery.charge was corrected from null to its default, 8000. 
[04Oct2026 19:05:15.303] [modloading-worker-0/WARN] [net.minecraftforge.common.ForgeConfigSpec/CORE]: Incorrect key cyclic.blocks.battery.capacity was corrected from null to its default, 6400000. 
[04Oct2026 19:05:15.303] [modloading-worker-0/WARN] [net.minecraftforge.common.ForgeConfigSpec/CORE]: Incorrect key cyclic.blocks.experience_pylon was corrected from null to its default, SimpleCommentedConfig:{}. 
[04Oct2026 19:05:15.303] [modloading-worker-0/WARN] [net.minecraftforge.common.ForgeConfigSpec/CORE]: Incorrect key cyclic.blocks.experience_pylon.radius was corrected from null to its default, 16. 
[04Oct2026 19:05:15.303] [modloading-worker-0/WARN] [net.minecraftforge.common.ForgeConfigSpec/CORE]: Incorrect key cyclic.blocks.fisher was corrected from null to its default, SimpleCommentedConfig:{}. 
[04Oct2026 19:05:15.303] [modloading-worker-0/WARN] [net.minecraftforge.common.ForgeConfigSpec/CORE]: Incorrect key cyclic.blocks.fisher.radius was corrected from null to its default, 12. 
[04Oct2026 19:05:15.304] [modloading-worker-0/WARN] [net.minecraftforge.common.ForgeConfigSpec/CORE]: Incorrect key cyclic.blocks.fisher.chance was corrected from null to its default, 0.06. 
[04Oct2026 19:05:15.304] [modloading-worker-0/WARN] [net.minecraftforge.common.ForgeConfigSpec/CORE]: Incorrect key cyclic.blocks.eye_redstone was corrected from null to its default, SimpleCommentedConfig:{}. 
[04Oct2026 19:05:15.304] [modloading-worker-0/WARN] [net.minecraftforge.common.ForgeConfigSpec/CORE]: Incorrect key cyclic.blocks.eye_redstone.range was corrected from null to its default, 32. 
[04Oct2026 19:05:15.304] [modloading-worker-0/WARN] [net.minecraftforge.common.ForgeConfigSpec/CORE]: Incorrect key cyclic.blocks.eye_redstone.frequency was corrected from null to its default, 5. 
[04Oct2026 19:05:15.304] [modloading-worker-0/WARN] [net.minecraftforge.common.ForgeConfigSpec/CORE]: Incorrect key cyclic.blocks.uncrafter was corrected from null to its default, SimpleCommentedConfig:{}. 
[04Oct2026 19:05:15.304] [modloading-worker-0/WARN] [net.minecraftforge.common.ForgeConfigSpec/CORE]: Incorrect key cyclic.blocks.uncrafter.nbt_ignored was corrected from null to its default, false. 
[04Oct2026 19:05:15.304] [modloading-worker-0/WARN] [net.minecraftforge.common.ForgeConfigSpec/CORE]: Incorrect key cyclic.blocks.uncrafter.ignore_list was corrected from null to its default, [minecraft:elytra, minecraft:tipped_arrow, minecraft:magma_block, minecraft:stick, spectrite:spectrite_arrow, spectrite:spectrite_arrow_special, techreborn:uumatter, projecte:*]. 
[04Oct2026 19:05:15.304] [modloading-worker-0/WARN] [net.minecraftforge.common.ForgeConfigSpec/CORE]: Incorrect key cyclic.blocks.uncrafter.ignore_recipes was corrected from null to its default, [minecraft:white_dye_from_lily_of_the_valley, minecraft:orange_dye_from_orange_tulip, minecraft:magenta_dye_from_allium, minecraft:magenta_dye_from_lilac, minecraft:light_blue_dye_from_blue_orchid, minecraft:yellow_dye_from_sunflower, minecraft:yellow_dye_from_dandelion, minecraft:pink_dye_from_peony, minecraft:pink_dye_from_pink_tulip, minecraft:light_gray_dye_from_oxeye_daisy, minecraft:light_gray_dye_from_azure_bluet, minecraft:light_gray_dye_from_white_tulip, minecraft:blue_dye_from_cornflower, minecraft:red_dye_from_poppy, minecraft:red_dye_from_rose_bush, minecraft:red_dye_from_tulip, minecraft:black_dye_from_wither_rose, minecraft:blue_dye, minecraft:black_dye, minecraft:brown_dye, botania:cobweb, minecraft:magma_cream, minecraft:beacon, minecraft:stick_from_bamboo_item, minecraft:netherite_ingot_from_netherite_block, mysticalagriculture:essence*, mysticalagriculture:farmland_till, refinedstorage:coloring_recipes*, forcecraft:transmutation*, cyclic:flower_purple_tulip, cyclic:flower_absalon_tulip, cyclic:flower_cyan, cyclic:flower_lime_carnation, cyclic:fireball, cyclic:shapeless/spark]. 
[04Oct2026 19:05:15.305] [modloading-worker-0/WARN] [net.minecraftforge.common.ForgeConfigSpec/CORE]: Incorrect key cyclic.blocks.uncrafter.ticks was corrected from null to its default, 60. 
[04Oct2026 19:05:15.312] [modloading-worker-0/WARN] [net.minecraftforge.common.ForgeConfigSpec/CORE]: Configuration file /Users/caden/A.Developer/JuniorMC/SERVER/config/cyclic-client.toml is not correct. Correcting
[04Oct2026 19:05:15.312] [modloading-worker-0/WARN] [net.minecraftforge.common.ForgeConfigSpec/CORE]: Incorrect key cyclic was corrected from null to its default, SimpleCommentedConfig:{}. 
[04Oct2026 19:05:15.312] [modloading-worker-0/WARN] [net.minecraftforge.common.ForgeConfigSpec/CORE]: Incorrect key cyclic.blocks was corrected from null to its default, SimpleCommentedConfig:{}. 
[04Oct2026 19:05:15.313] [modloading-worker-0/WARN] [net.minecraftforge.common.ForgeConfigSpec/CORE]: Incorrect key cyclic.blocks.colors was corrected from null to its default, SimpleCommentedConfig:{}. 
[04Oct2026 19:05:15.313] [modloading-worker-0/WARN] [net.minecraftforge.common.ForgeConfigSpec/CORE]: Incorrect key cyclic.blocks.colors.collector_item was corrected from null to its default, #444044. 
[04Oct2026 19:05:15.313] [modloading-worker-0/WARN] [net.minecraftforge.common.ForgeConfigSpec/CORE]: Incorrect key cyclic.blocks.colors.collector_fluid was corrected from null to its default, #444044. 
[04Oct2026 19:05:15.313] [modloading-worker-0/WARN] [net.minecraftforge.common.ForgeConfigSpec/CORE]: Incorrect key cyclic.blocks.colors.detector_entity was corrected from null to its default, #00FF00. 
[04Oct2026 19:05:15.313] [modloading-worker-0/WARN] [net.minecraftforge.common.ForgeConfigSpec/CORE]: Incorrect key cyclic.blocks.colors.detector_item was corrected from null to its default, #00AA00. 
[04Oct2026 19:05:15.313] [modloading-worker-0/WARN] [net.minecraftforge.common.ForgeConfigSpec/CORE]: Incorrect key cyclic.blocks.colors.peat_farm was corrected from null to its default, #404040. 
[04Oct2026 19:05:15.313] [modloading-worker-0/WARN] [net.minecraftforge.common.ForgeConfigSpec/CORE]: Incorrect key cyclic.blocks.colors.miner was corrected from null to its default, #0000AA. 
[04Oct2026 19:05:15.314] [modloading-worker-0/WARN] [net.minecraftforge.common.ForgeConfigSpec/CORE]: Incorrect key cyclic.blocks.colors.dropper was corrected from null to its default, #AA0011. 
[04Oct2026 19:05:15.314] [modloading-worker-0/WARN] [net.minecraftforge.common.ForgeConfigSpec/CORE]: Incorrect key cyclic.blocks.colors.forester was corrected from null to its default, #11BB00. 
[04Oct2026 19:05:15.314] [modloading-worker-0/WARN] [net.minecraftforge.common.ForgeConfigSpec/CORE]: Incorrect key cyclic.blocks.colors.harvester was corrected from null to its default, #00EE00. 
[04Oct2026 19:05:15.314] [modloading-worker-0/WARN] [net.minecraftforge.common.ForgeConfigSpec/CORE]: Incorrect key cyclic.blocks.colors.structure was corrected from null to its default, #FF0000. 
[04Oct2026 19:05:15.314] [modloading-worker-0/WARN] [net.minecraftforge.common.ForgeConfigSpec/CORE]: Incorrect key cyclic.blocks.text was corrected from null to its default, SimpleCommentedConfig:{}. 
[04Oct2026 19:05:15.314] [modloading-worker-0/WARN] [net.minecraftforge.common.ForgeConfigSpec/CORE]: Incorrect key cyclic.blocks.text.FluidContents was corrected from null to its default, true. 
[04Oct2026 19:05:15.314] [modloading-worker-0/WARN] [net.minecraftforge.common.ForgeConfigSpec/CORE]: Incorrect key cyclic.items was corrected from null to its default, SimpleCommentedConfig:{}. 
[04Oct2026 19:05:15.314] [modloading-worker-0/WARN] [net.minecraftforge.common.ForgeConfigSpec/CORE]: Incorrect key cyclic.items.colors was corrected from null to its default, SimpleCommentedConfig:{}. 
[04Oct2026 19:05:15.314] [modloading-worker-0/WARN] [net.minecraftforge.common.ForgeConfigSpec/CORE]: Incorrect key cyclic.items.colors.location was corrected from null to its default, #0000FF. 
[04Oct2026 19:05:15.314] [modloading-worker-0/WARN] [net.minecraftforge.common.ForgeConfigSpec/CORE]: Incorrect key cyclic.items.colors.shape_data was corrected from null to its default, #FFC800. 
[04Oct2026 19:05:15.315] [modloading-worker-0/WARN] [net.minecraftforge.common.ForgeConfigSpec/CORE]: Incorrect key cyclic.items.colors.randomize_scepter was corrected from null to its default, #00EE00. 
[04Oct2026 19:05:15.315] [modloading-worker-0/WARN] [net.minecraftforge.common.ForgeConfigSpec/CORE]: Incorrect key cyclic.items.colors.offset_scepter was corrected from null to its default, #00FF00. 
[04Oct2026 19:05:15.315] [modloading-worker-0/WARN] [net.minecraftforge.common.ForgeConfigSpec/CORE]: Incorrect key cyclic.items.colors.replace_scepter was corrected from null to its default, #FFFF00. 
[04Oct2026 19:05:15.315] [modloading-worker-0/WARN] [net.minecraftforge.common.ForgeConfigSpec/CORE]: Incorrect key cyclic.items.colors.build_scepter was corrected from null to its default, #0000FF. 
[04Oct2026 19:05:15.324] [modloading-worker-0/INFO] [xaero.common.HudMod/]: Loading primary common config for channel xaerominimap:main!
[04Oct2026 19:05:15.325] [modloading-worker-0/INFO] [xaero.common.HudMod/]: Loading server config profiles for channel xaerominimap:main!
[04Oct2026 19:05:15.359] [modloading-worker-0/INFO] [Mystical Agriculture/]: Registered plugin: com.blakebr0.mysticalagriculture.lib.ModCorePlugin
[04Oct2026 19:05:15.364] [modloading-worker-0/INFO] [Mystical Agriculture/]: Loaded 1 plugins
[04Oct2026 19:05:15.364] [modloading-worker-0/WARN] [net.minecraftforge.common.ForgeConfigSpec/CORE]: Configuration file /Users/caden/A.Developer/JuniorMC/SERVER/config/mysticalagriculture-common.toml is not correct. Correcting
[04Oct2026 19:05:15.364] [modloading-worker-0/WARN] [net.minecraftforge.common.ForgeConfigSpec/CORE]: Incorrect key General was corrected from null to its default, SimpleCommentedConfig:{}. 
[04Oct2026 19:05:15.365] [modloading-worker-0/WARN] [net.minecraftforge.common.ForgeConfigSpec/CORE]: Incorrect key General.inferiumDropChance was corrected from null to its default, 0.2. 
[04Oct2026 19:05:15.365] [modloading-worker-0/WARN] [net.minecraftforge.common.ForgeConfigSpec/CORE]: Incorrect key General.infusionCrystalUses was corrected from null to its default, 1000. 
[04Oct2026 19:05:15.365] [modloading-worker-0/WARN] [net.minecraftforge.common.ForgeConfigSpec/CORE]: Incorrect key General.growthAcceleratorCooldown was corrected from null to its default, 10. 
[04Oct2026 19:05:15.365] [modloading-worker-0/WARN] [net.minecraftforge.common.ForgeConfigSpec/CORE]: Incorrect key General.fertilizedEssenceChance was corrected from null to its default, 0.1. 
[04Oct2026 19:05:15.365] [modloading-worker-0/WARN] [net.minecraftforge.common.ForgeConfigSpec/CORE]: Incorrect key General.secondarySeedDrops was corrected from null to its default, true. 
[04Oct2026 19:05:15.365] [modloading-worker-0/WARN] [net.minecraftforge.common.ForgeConfigSpec/CORE]: Incorrect key General.witherDropsEssence was corrected from null to its default, true. 
[04Oct2026 19:05:15.365] [modloading-worker-0/WARN] [net.minecraftforge.common.ForgeConfigSpec/CORE]: Incorrect key General.witherDropsCognizant was corrected from null to its default, true. 
[04Oct2026 19:05:15.365] [modloading-worker-0/WARN] [net.minecraftforge.common.ForgeConfigSpec/CORE]: Incorrect key General.dragonDropsEssence was corrected from null to its default, true. 
[04Oct2026 19:05:15.365] [modloading-worker-0/WARN] [net.minecraftforge.common.ForgeConfigSpec/CORE]: Incorrect key General.dragonDropsCognizant was corrected from null to its default, true. 
[04Oct2026 19:05:15.365] [modloading-worker-0/WARN] [net.minecraftforge.common.ForgeConfigSpec/CORE]: Incorrect key General.essenceFarmlandConversion was corrected from null to its default, true. 
[04Oct2026 19:05:15.366] [modloading-worker-0/WARN] [net.minecraftforge.common.ForgeConfigSpec/CORE]: Incorrect key General.seedCraftingRecipes was corrected from null to its default, false. 
[04Oct2026 19:05:15.366] [modloading-worker-0/WARN] [net.minecraftforge.common.ForgeConfigSpec/CORE]: Incorrect key General.enchantableSupremiumTools was corrected from null to its default, true. 
[04Oct2026 19:05:15.366] [modloading-worker-0/WARN] [net.minecraftforge.common.ForgeConfigSpec/CORE]: Incorrect key General.fakePlayerWatering was corrected from null to its default, true. 
[04Oct2026 19:05:15.366] [modloading-worker-0/WARN] [net.minecraftforge.common.ForgeConfigSpec/CORE]: Incorrect key General.awakenedSupremiumSetBonus was corrected from null to its default, true. 
[04Oct2026 19:05:15.367] [modloading-worker-0/WARN] [net.minecraftforge.common.ForgeConfigSpec/CORE]: Incorrect key World was corrected from null to its default, SimpleCommentedConfig:{}. 
[04Oct2026 19:05:15.367] [modloading-worker-0/WARN] [net.minecraftforge.common.ForgeConfigSpec/CORE]: Incorrect key World.generateProsperityOre was corrected from null to its default, true. 
[04Oct2026 19:05:15.367] [modloading-worker-0/WARN] [net.minecraftforge.common.ForgeConfigSpec/CORE]: Incorrect key World.generateInferiumOre was corrected from null to its default, true. 
[04Oct2026 19:05:15.367] [modloading-worker-0/WARN] [net.minecraftforge.common.ForgeConfigSpec/CORE]: Incorrect key World.generateSoulstone was corrected from null to its default, true. 
[04Oct2026 19:05:15.367] [modloading-worker-0/WARN] [net.minecraftforge.common.ForgeConfigSpec/CORE]: Incorrect key World.souliumOreChance was corrected from null to its default, 0.05. 
[04Oct2026 19:05:15.388] [Iron Furnaces Update Checker/INFO] [ironfurnaces.IronFurnaces/]: Update Check done!
[04Oct2026 19:05:15.388] [Iron Furnaces Update Checker/INFO] [ironfurnaces.IronFurnaces/]: Iron Furnaces is up to date!
[04Oct2026 19:05:17.496] [main/WARN] [net.minecraftforge.common.ForgeConfigSpec/CORE]: Configuration file /Users/caden/A.Developer/JuniorMC/SERVER/config/sophisticatedcore-common.toml is not correct. Correcting
[04Oct2026 19:05:17.496] [main/WARN] [net.minecraftforge.common.ForgeConfigSpec/CORE]: Incorrect key common was corrected from null to its default, SimpleCommentedConfig:{}. 
[04Oct2026 19:05:17.496] [main/WARN] [net.minecraftforge.common.ForgeConfigSpec/CORE]: Incorrect key common.enabledItems was corrected from null to its default, []. 
[04Oct2026 19:05:17.498] [main/WARN] [net.minecraftforge.common.ForgeConfigSpec/CORE]: Configuration file /Users/caden/A.Developer/JuniorMC/SERVER/config/modernfix-common.toml is not correct. Correcting
[04Oct2026 19:05:17.498] [main/WARN] [net.minecraftforge.common.ForgeConfigSpec/CORE]: Incorrect key blacklist_async_jei_plugins was corrected from null to its default, [jepb:jei_plugin]. 
[04Oct2026 19:05:17.499] [main/WARN] [net.minecraftforge.common.ForgeConfigSpec/CORE]: Configuration file /Users/caden/A.Developer/JuniorMC/SERVER/config/citadel-common.toml is not correct. Correcting
[04Oct2026 19:05:17.499] [main/WARN] [net.minecraftforge.common.ForgeConfigSpec/CORE]: Incorrect key general was corrected from null to its default, SimpleCommentedConfig:{}. 
[04Oct2026 19:05:17.499] [main/WARN] [net.minecraftforge.common.ForgeConfigSpec/CORE]: Incorrect key general.Track Entities was corrected from null to its default, true. 
[04Oct2026 19:05:17.499] [main/WARN] [net.minecraftforge.common.ForgeConfigSpec/CORE]: Incorrect key general.Skip Datapack Warnings was corrected from null to its default, true. 
[04Oct2026 19:05:17.499] [main/WARN] [net.minecraftforge.common.ForgeConfigSpec/CORE]: Incorrect key general.chunkGenSpawnModifier was corrected from null to its default, 1.0. 
[04Oct2026 19:05:17.499] [main/WARN] [net.minecraftforge.common.ForgeConfigSpec/CORE]: Incorrect key general.April Fools Content was corrected from null to its default, true. 
[04Oct2026 19:05:17.500] [main/WARN] [net.minecraftforge.common.ForgeConfigSpec/CORE]: Configuration file /Users/caden/A.Developer/JuniorMC/SERVER/config/forgeendertech-common.toml is not correct. Correcting
[04Oct2026 19:05:17.500] [main/WARN] [net.minecraftforge.common.ForgeConfigSpec/CORE]: Incorrect key Painting was corrected from null to its default, SimpleCommentedConfig:{}. 
[04Oct2026 19:05:17.500] [main/WARN] [net.minecraftforge.common.ForgeConfigSpec/CORE]: Incorrect key Painting.requiresWaterBucket was corrected from null to its default, true. 
[04Oct2026 19:05:17.500] [main/WARN] [net.minecraftforge.common.ForgeConfigSpec/CORE]: Incorrect key Painting.requiresDye was corrected from null to its default, true. 
[04Oct2026 19:05:17.500] [main/WARN] [net.minecraftforge.common.ForgeConfigSpec/CORE]: Incorrect key SmokeContainers was corrected from null to its default, SimpleCommentedConfig:{}. 
[04Oct2026 19:05:17.500] [main/WARN] [net.minecraftforge.common.ForgeConfigSpec/CORE]: Incorrect key SmokeContainers.maxVentDuctLength was corrected from null to its default, 256. 
[04Oct2026 19:05:17.500] [main/WARN] [net.minecraftforge.common.ForgeConfigSpec/CORE]: Incorrect key SmokeContainers.ventReachDistance was corrected from null to its default, 4. 
[04Oct2026 19:05:17.500] [main/WARN] [net.minecraftforge.common.ForgeConfigSpec/CORE]: Incorrect key SmokeContainers.maxBlocksInMultiblock was corrected from null to its default, 81. 
[04Oct2026 19:05:17.500] [main/WARN] [net.minecraftforge.common.ForgeConfigSpec/CORE]: Incorrect key SmokeContainers.pumpedChimneyAirflow was corrected from null to its default, 1. 
[04Oct2026 19:05:17.501] [main/WARN] [net.minecraftforge.common.ForgeConfigSpec/CORE]: Incorrect key SmokeContainers.suctionHoppers was corrected from null to its default, [minecraft:hopper, 8, brickhopper:brick_hopper, 6, goldenhopper:golden_hopper, 12, littlelogistics:rapid_hopper, 12]. 
[04Oct2026 19:05:17.501] [main/WARN] [net.minecraftforge.common.ForgeConfigSpec/CORE]: Incorrect key debug was corrected from null to its default, false. 
[04Oct2026 19:05:17.505] [main/WARN] [net.minecraftforge.common.ForgeConfigSpec/CORE]: Configuration file /Users/caden/A.Developer/JuniorMC/SERVER/config/sophisticatedbackpacks-common.toml is not correct. Correcting
[04Oct2026 19:05:17.505] [main/WARN] [net.minecraftforge.common.ForgeConfigSpec/CORE]: Incorrect key common was corrected from null to its default, SimpleCommentedConfig:{}. 
[04Oct2026 19:05:17.505] [main/WARN] [net.minecraftforge.common.ForgeConfigSpec/CORE]: Incorrect key common.chestLootEnabled was corrected from null to its default, true. 
[04Oct2026 19:05:17.505] [main/WARN] [net.minecraftforge.common.ForgeConfigSpec/CORE]: Configuration file /Users/caden/A.Developer/JuniorMC/SERVER/config/jeresources-common.toml is not correct. Correcting
[04Oct2026 19:05:17.506] [main/WARN] [net.minecraftforge.common.ForgeConfigSpec/CORE]: Incorrect key itemsPerColumn was corrected from null to its default, 4. 
[04Oct2026 19:05:17.506] [main/WARN] [net.minecraftforge.common.ForgeConfigSpec/CORE]: Incorrect key itemsPerRow was corrected from null to its default, 4. 
[04Oct2026 19:05:17.506] [main/WARN] [net.minecraftforge.common.ForgeConfigSpec/CORE]: Incorrect key diyData was corrected from null to its default, true. 
[04Oct2026 19:05:17.506] [main/WARN] [net.minecraftforge.common.ForgeConfigSpec/CORE]: Incorrect key showDevData was corrected from null to its default, false. 
[04Oct2026 19:05:17.506] [main/WARN] [net.minecraftforge.common.ForgeConfigSpec/CORE]: Incorrect key enchantsBlacklist was corrected from null to its default, [flimflam, soulBound]. 
[04Oct2026 19:05:17.507] [main/WARN] [net.minecraftforge.common.ForgeConfigSpec/CORE]: Incorrect key hiddenTabs was corrected from null to its default, []. 
[04Oct2026 19:05:17.507] [main/WARN] [net.minecraftforge.common.ForgeConfigSpec/CORE]: Incorrect key dimensionsBlacklist was corrected from null to its default, [-11]. 
[04Oct2026 19:05:17.507] [main/WARN] [net.minecraftforge.common.ForgeConfigSpec/CORE]: Incorrect key disableLootManagerReloading was corrected from null to its default, false. 
[04Oct2026 19:05:17.507] [main/WARN] [net.minecraftforge.common.ForgeConfigSpec/CORE]: Configuration file /Users/caden/A.Developer/JuniorMC/SERVER/config/farmersdelight-common.toml is not correct. Correcting
[04Oct2026 19:05:17.508] [main/WARN] [net.minecraftforge.common.ForgeConfigSpec/CORE]: Incorrect key settings was corrected from null to its default, SimpleCommentedConfig:{}. 
[04Oct2026 19:05:17.508] [main/WARN] [net.minecraftforge.common.ForgeConfigSpec/CORE]: Incorrect key settings.enableFarmerFDTrades was corrected from null to its default, true. 
[04Oct2026 19:05:17.508] [main/WARN] [net.minecraftforge.common.ForgeConfigSpec/CORE]: Incorrect key settings.enableWanderingTraderFDTrades was corrected from null to its default, true. 
[04Oct2026 19:05:17.508] [main/WARN] [net.minecraftforge.common.ForgeConfigSpec/CORE]: Incorrect key settings.enableRopeReeling was corrected from null to its default, true. 
[04Oct2026 19:05:17.508] [main/WARN] [net.minecraftforge.common.ForgeConfigSpec/CORE]: Incorrect key settings.canvasSignDarkBackgroundList was corrected from null to its default, [gray, purple, blue, brown, green, red, black]. 
[04Oct2026 19:05:17.508] [main/WARN] [net.minecraftforge.common.ForgeConfigSpec/CORE]: Incorrect key farming was corrected from null to its default, SimpleCommentedConfig:{}. 
[04Oct2026 19:05:17.508] [main/WARN] [net.minecraftforge.common.ForgeConfigSpec/CORE]: Incorrect key farming.richSoilBoostChance was corrected from null to its default, 0.2. 
[04Oct2026 19:05:17.508] [main/WARN] [net.minecraftforge.common.ForgeConfigSpec/CORE]: Incorrect key farming.enableTomatoVineClimbingTaggedRopes was corrected from null to its default, true. 
[04Oct2026 19:05:17.508] [main/WARN] [net.minecraftforge.common.ForgeConfigSpec/CORE]: Incorrect key farming.defaultTomatoVineRope was corrected from null to its default, farmersdelight:rope. 
[04Oct2026 19:05:17.509] [main/WARN] [net.minecraftforge.common.ForgeConfigSpec/CORE]: Incorrect key crafting was corrected from null to its default, SimpleCommentedConfig:{}. 
[04Oct2026 19:05:17.509] [main/WARN] [net.minecraftforge.common.ForgeConfigSpec/CORE]: Incorrect key crafting.enableCookingPotRecipeBook was corrected from null to its default, true. 
[04Oct2026 19:05:17.509] [main/WARN] [net.minecraftforge.common.ForgeConfigSpec/CORE]: Incorrect key crafting.enableVanillaCropCrates was corrected from null to its default, true. 
[04Oct2026 19:05:17.509] [main/WARN] [net.minecraftforge.common.ForgeConfigSpec/CORE]: Incorrect key crafting.cuttingBoardFortuneBonus was corrected from null to its default, 0.1. 
[04Oct2026 19:05:17.509] [main/WARN] [net.minecraftforge.common.ForgeConfigSpec/CORE]: Incorrect key overrides was corrected from null to its default, SimpleCommentedConfig:{}. 
[04Oct2026 19:05:17.509] [main/WARN] [net.minecraftforge.common.ForgeConfigSpec/CORE]: Incorrect key overrides.enableVanillaSoupExtraEffects was corrected from null to its default, true. 
[04Oct2026 19:05:17.509] [main/WARN] [net.minecraftforge.common.ForgeConfigSpec/CORE]: Incorrect key overrides.enableRabbitStewJumpBoost was corrected from null to its default, true. 
[04Oct2026 19:05:17.509] [main/WARN] [net.minecraftforge.common.ForgeConfigSpec/CORE]: Incorrect key overrides.enablePumpkinPieSneakToPlace was corrected from null to its default, false. 
[04Oct2026 19:05:17.509] [main/WARN] [net.minecraftforge.common.ForgeConfigSpec/CORE]: Incorrect key overrides.enableCuttingBoardDispenserBehavior was corrected from null to its default, true. 
[04Oct2026 19:05:17.509] [main/WARN] [net.minecraftforge.common.ForgeConfigSpec/CORE]: Incorrect key overrides.stack_size was corrected from null to its default, SimpleCommentedConfig:{}. 
[04Oct2026 19:05:17.509] [main/WARN] [net.minecraftforge.common.ForgeConfigSpec/CORE]: Incorrect key overrides.stack_size.enableStackableSoupItems was corrected from null to its default, true. 
[04Oct2026 19:05:17.509] [main/WARN] [net.minecraftforge.common.ForgeConfigSpec/CORE]: Incorrect key overrides.stack_size.soupItemList was corrected from null to its default, [minecraft:mushroom_stew, minecraft:beetroot_soup, minecraft:rabbit_stew]. 
[04Oct2026 19:05:17.510] [main/WARN] [net.minecraftforge.common.ForgeConfigSpec/CORE]: Incorrect key world was corrected from null to its default, SimpleCommentedConfig:{}. 
[04Oct2026 19:05:17.510] [main/WARN] [net.minecraftforge.common.ForgeConfigSpec/CORE]: Incorrect key world.generateFDChestLoot was corrected from null to its default, true. 
[04Oct2026 19:05:17.510] [main/WARN] [net.minecraftforge.common.ForgeConfigSpec/CORE]: Incorrect key world.generateVillageCompostHeaps was corrected from null to its default, true. 
[04Oct2026 19:05:17.510] [main/WARN] [net.minecraftforge.common.ForgeConfigSpec/CORE]: Incorrect key world.generateFDCropsOnVillageFarms was corrected from null to its default, true. 
[04Oct2026 19:05:17.510] [main/WARN] [net.minecraftforge.common.ForgeConfigSpec/CORE]: Incorrect key debug was corrected from null to its default, SimpleCommentedConfig:{}. 
[04Oct2026 19:05:17.510] [main/WARN] [net.minecraftforge.common.ForgeConfigSpec/CORE]: Incorrect key debug.enableTomatoRopePermanence was corrected from null to its default, true. 
[04Oct2026 19:05:17.511] [main/WARN] [net.minecraftforge.common.ForgeConfigSpec/CORE]: Configuration file /Users/caden/A.Developer/JuniorMC/SERVER/config/carryon-common.toml is not correct. Correcting
[04Oct2026 19:05:17.511] [main/WARN] [net.minecraftforge.common.ForgeConfigSpec/CORE]: Incorrect key settings was corrected from null to its default, SimpleCommentedConfig:{}. 
[04Oct2026 19:05:17.511] [main/WARN] [net.minecraftforge.common.ForgeConfigSpec/CORE]: Incorrect key settings.maxDistance was corrected from null to its default, 2.5. 
[04Oct2026 19:05:17.511] [main/WARN] [net.minecraftforge.common.ForgeConfigSpec/CORE]: Incorrect key settings.maxEntityWidth was corrected from null to its default, 1.5. 
[04Oct2026 19:05:17.511] [main/WARN] [net.minecraftforge.common.ForgeConfigSpec/CORE]: Incorrect key settings.maxEntityHeight was corrected from null to its default, 2.5. 
[04Oct2026 19:05:17.512] [main/WARN] [net.minecraftforge.common.ForgeConfigSpec/CORE]: Incorrect key settings.blockSlownessMultiplier was corrected from null to its default, 1.0. 
[04Oct2026 19:05:17.512] [main/WARN] [net.minecraftforge.common.ForgeConfigSpec/CORE]: Incorrect key settings.entitySlownessMultiplier was corrected from null to its default, 1.0. 
[04Oct2026 19:05:17.512] [main/WARN] [net.minecraftforge.common.ForgeConfigSpec/CORE]: Incorrect key settings.maxEntityStackLimit was corrected from null to its default, 10. 
[04Oct2026 19:05:17.512] [main/WARN] [net.minecraftforge.common.ForgeConfigSpec/CORE]: Incorrect key settings.heavyTiles was corrected from null to its default, true. 
[04Oct2026 19:05:17.512] [main/WARN] [net.minecraftforge.common.ForgeConfigSpec/CORE]: Incorrect key settings.pickupAllBlocks was corrected from null to its default, false. 
[04Oct2026 19:05:17.512] [main/WARN] [net.minecraftforge.common.ForgeConfigSpec/CORE]: Incorrect key settings.slownessInCreative was corrected from null to its default, true. 
[04Oct2026 19:05:17.512] [main/WARN] [net.minecraftforge.common.ForgeConfigSpec/CORE]: Incorrect key settings.pickupHostileMobs was corrected from null to its default, false. 
[04Oct2026 19:05:17.512] [main/WARN] [net.minecraftforge.common.ForgeConfigSpec/CORE]: Incorrect key settings.heavyEntities was corrected from null to its default, true. 
[04Oct2026 19:05:17.512] [main/WARN] [net.minecraftforge.common.ForgeConfigSpec/CORE]: Incorrect key settings.allowBabies was corrected from null to its default, false. 
[04Oct2026 19:05:17.512] [main/WARN] [net.minecraftforge.common.ForgeConfigSpec/CORE]: Incorrect key settings.useWhitelistBlocks was corrected from null to its default, false. 
[04Oct2026 19:05:17.512] [main/WARN] [net.minecraftforge.common.ForgeConfigSpec/CORE]: Incorrect key settings.useWhitelistEntities was corrected from null to its default, false. 
[04Oct2026 19:05:17.512] [main/WARN] [net.minecraftforge.common.ForgeConfigSpec/CORE]: Incorrect key settings.useWhitelistStacking was corrected from null to its default, false. 
[04Oct2026 19:05:17.512] [main/WARN] [net.minecraftforge.common.ForgeConfigSpec/CORE]: Incorrect key settings.hitWhileCarrying was corrected from null to its default, false. 
[04Oct2026 19:05:17.512] [main/WARN] [net.minecraftforge.common.ForgeConfigSpec/CORE]: Incorrect key settings.dropCarriedWhenHit was corrected from null to its default, false. 
[04Oct2026 19:05:17.512] [main/WARN] [net.minecraftforge.common.ForgeConfigSpec/CORE]: Incorrect key settings.useScripts was corrected from null to its default, false. 
[04Oct2026 19:05:17.512] [main/WARN] [net.minecraftforge.common.ForgeConfigSpec/CORE]: Incorrect key settings.stackableEntities was corrected from null to its default, true. 
[04Oct2026 19:05:17.512] [main/WARN] [net.minecraftforge.common.ForgeConfigSpec/CORE]: Incorrect key settings.entitySizeMattersStacking was corrected from null to its default, true. 
[04Oct2026 19:05:17.513] [main/WARN] [net.minecraftforge.common.ForgeConfigSpec/CORE]: Incorrect key settings.placementStateExceptions was corrected from null to its default, [minecraft:chest[type], minecraft:stone_button[face], minecraft:vine[north,east,south,west,up], minecraft:creeper_head[rotation], minecraft:glow_lichen[north,east,south,west,up,down], minecraft:oak_sign[rotation], minecraft:oak_trapdoor[half]]. 
[04Oct2026 19:05:17.513] [main/WARN] [net.minecraftforge.common.ForgeConfigSpec/CORE]: Incorrect key settings.pickupPlayers was corrected from null to its default, true. 
[04Oct2026 19:05:17.513] [main/WARN] [net.minecraftforge.common.ForgeConfigSpec/CORE]: Incorrect key settings.pickupUnbreakableBlocks was corrected from null to its default, false. 
[04Oct2026 19:05:17.513] [main/WARN] [net.minecraftforge.common.ForgeConfigSpec/CORE]: Incorrect key whitelist was corrected from null to its default, SimpleCommentedConfig:{}. 
[04Oct2026 19:05:17.513] [main/WARN] [net.minecraftforge.common.ForgeConfigSpec/CORE]: Incorrect key whitelist.allowedEntities was corrected from null to its default, []. 
[04Oct2026 19:05:17.513] [main/WARN] [net.minecraftforge.common.ForgeConfigSpec/CORE]: Incorrect key whitelist.allowedBlocks was corrected from null to its default, []. 
[04Oct2026 19:05:17.513] [main/WARN] [net.minecraftforge.common.ForgeConfigSpec/CORE]: Incorrect key whitelist.allowedStacking was corrected from null to its default, []. 
[04Oct2026 19:05:17.513] [main/WARN] [net.minecraftforge.common.ForgeConfigSpec/CORE]: Incorrect key blacklist was corrected from null to its default, SimpleCommentedConfig:{}. 
[04Oct2026 19:05:17.513] [main/WARN] [net.minecraftforge.common.ForgeConfigSpec/CORE]: Incorrect key blacklist.forbiddenTiles was corrected from null to its default, [#forge:immovable, #forge:relocation_not_supported, minecraft:end_portal, minecraft:piston_head, minecraft:end_gateway, minecraft:tall_grass, minecraft:large_fern, minecraft:peony, minecraft:rose_bush, minecraft:lilac, minecraft:sunflower, minecraft:*_bed, minecraft:*_door, minecraft:big_dripleaf_stem, minecraft:waterlily, minecraft:cake, minecraft:nether_portal, minecraft:tall_seagrass, animania:block_trough, animania:block_invisiblock, colossalchests:*, ic2:*, bigreactors:*, forestry:*, tconstruct:*, rustic:*, botania:*, astralsorcery:*, quark:colored_bed_*, immersiveengineering:*, embers:block_furnace, embers:ember_bore, embers:ember_activator, embers:mixer, embers:heat_coil, embers:large_tank, embers:crystal_cell, embers:alchemy_pedestal, embers:boiler, embers:combustor, embers:catalzyer, embers:field_chart, embers:inferno_forge, storagedrawers:framingtable, skyresources:*, lootbags:*, exsartagine:*, aquamunda:tank, opencomputers:*, malisisdoors:*, industrialforegoing:*, minecolonies:*, thaumcraft:pillar*, thaumcraft:infernal_furnace, thaumcraft:placeholder*, thaumcraft:infusion_matrix, thaumcraft:golem_builder, thaumcraft:thaumatorium*, magneticraft:oil_heater, magneticraft:solar_panel, magneticraft:steam_engine, magneticraft:shelving_unit, magneticraft:grinder, magneticraft:sieve, magneticraft:solar_tower, magneticraft:solar_mirror, magneticraft:container, magneticraft:pumpjack, magneticraft:solar_panel, magneticraft:refinery, magneticraft:oil_heater, magneticraft:hydraulic_press, magneticraft:multiblock_gap, refinedstorage:*, mcmultipart:*, enderstorage:*, betterstorage:*, practicallogistics2:*, wearablebackpacks:*, rftools:screen, rftools:creative_screen, create:*, magic_doorknob:*, iceandfire:*, ftbquests:*, waystones:*, contact:*, framedblocks:*, securitycraft:*, forgemultipartcbe:*, integrateddynamics:cable, mekanismgenerators:wind_generator, cookingforblockheads:cabinet, cookingforblockheads:corner, cookingforblockheads:counter, cookingforblockheads:oven, cookingforblockheads:toaster, cookingforblockheads:milk_jar, cookingforblockheads:cow_jar, cookingforblockheads:fruit_basket, cookingforblockheads:cooking_table, cookingforblockheads:fridge, cookingforblockheads:sink, powah:*, advancementtrophies:trophy, mekanismgenerators:heat_generator, mna:filler_block]. 
[04Oct2026 19:05:17.514] [main/WARN] [net.minecraftforge.common.ForgeConfigSpec/CORE]: Incorrect key blacklist.forbiddenEntities was corrected from null to its default, [minecraft:end_crystal, minecraft:ender_dragon, minecraft:ghast, minecraft:shulker, minecraft:leash_knot, minecraft:armor_stand, minecraft:item_frame, minecraft:painting, minecraft:shulker_bullet, animania:hamster, animania:ferret*, animania:hedgehog*, animania:cart, animania:wagon, mynko:*, pixelmon:*, mocreatures:*, quark:totem, vehicle:*, securitycraft:*, taterzens:npc, easy_npc:*, bodiesbodies:dead_body]. 
[04Oct2026 19:05:17.514] [main/WARN] [net.minecraftforge.common.ForgeConfigSpec/CORE]: Incorrect key blacklist.forbiddenStacking was corrected from null to its default, [minecraft:horse]. 
[04Oct2026 19:05:17.514] [main/WARN] [net.minecraftforge.common.ForgeConfigSpec/CORE]: Incorrect key customPickupConditions was corrected from null to its default, SimpleCommentedConfig:{}. 
[04Oct2026 19:05:17.515] [main/WARN] [net.minecraftforge.common.ForgeConfigSpec/CORE]: Incorrect key customPickupConditions.customPickupConditionsBlocks was corrected from null to its default, []. 
[04Oct2026 19:05:17.515] [main/WARN] [net.minecraftforge.common.ForgeConfigSpec/CORE]: Incorrect key customPickupConditions.customPickupConditionsEntities was corrected from null to its default, []. 
[04Oct2026 19:05:17.554] [main/WARN] [net.minecraftforge.common.ForgeConfigSpec/CORE]: Configuration file /Users/caden/A.Developer/JuniorMC/SERVER/config/alexsmobs.toml is not correct. Correcting
[04Oct2026 19:05:17.554] [main/WARN] [net.minecraftforge.common.ForgeConfigSpec/CORE]: Incorrect key general was corrected from null to its default, SimpleCommentedConfig:{}. 
[04Oct2026 19:05:17.554] [main/WARN] [net.minecraftforge.common.ForgeConfigSpec/CORE]: Incorrect key general.giveBookOnStartup was corrected from null to its default, true. 
[04Oct2026 19:05:17.555] [main/WARN] [net.minecraftforge.common.ForgeConfigSpec/CORE]: Incorrect key general.lavaVisionOpacity was corrected from null to its default, 0.65. 
[04Oct2026 19:05:17.555] [main/WARN] [net.minecraftforge.common.ForgeConfigSpec/CORE]: Incorrect key general.shadersCompat was corrected from null to its default, false. 
[04Oct2026 19:05:17.555] [main/WARN] [net.minecraftforge.common.ForgeConfigSpec/CORE]: Incorrect key general.bananasDropFromLeaves was corrected from null to its default, true. 
[04Oct2026 19:05:17.555] [main/WARN] [net.minecraftforge.common.ForgeConfigSpec/CORE]: Incorrect key general.bananaChance was corrected from null to its default, 200. 
[04Oct2026 19:05:17.555] [main/WARN] [net.minecraftforge.common.ForgeConfigSpec/CORE]: Incorrect key general.spidersAttackFlies was corrected from null to its default, true. 
[04Oct2026 19:05:17.555] [main/WARN] [net.minecraftforge.common.ForgeConfigSpec/CORE]: Incorrect key general.wolvesAttackMoose was corrected from null to its default, true. 
[04Oct2026 19:05:17.555] [main/WARN] [net.minecraftforge.common.ForgeConfigSpec/CORE]: Incorrect key general.polarBearsAttackSeals was corrected from null to its default, true. 
[04Oct2026 19:05:17.555] [main/WARN] [net.minecraftforge.common.ForgeConfigSpec/CORE]: Incorrect key general.catsAndFoxesAttackJerboas was corrected from null to its default, true. 
[04Oct2026 19:05:17.555] [main/WARN] [net.minecraftforge.common.ForgeConfigSpec/CORE]: Incorrect key general.dolphinsAttackFlyingFish was corrected from null to its default, true. 
[04Oct2026 19:05:17.555] [main/WARN] [net.minecraftforge.common.ForgeConfigSpec/CORE]: Incorrect key general.lavaBottleEnabled was corrected from null to its default, true. 
[04Oct2026 19:05:17.555] [main/WARN] [net.minecraftforge.common.ForgeConfigSpec/CORE]: Incorrect key general.neutralBoneSerpents was corrected from null to its default, false. 
[04Oct2026 19:05:17.555] [main/WARN] [net.minecraftforge.common.ForgeConfigSpec/CORE]: Incorrect key general.mimicubeSpawnInEndCity was corrected from null to its default, true. 
[04Oct2026 19:05:17.555] [main/WARN] [net.minecraftforge.common.ForgeConfigSpec/CORE]: Incorrect key general.mimicreamRepair was corrected from null to its default, true. 
[04Oct2026 19:05:17.556] [main/WARN] [net.minecraftforge.common.ForgeConfigSpec/CORE]: Incorrect key general.mimicreamBlacklist was corrected from null to its default, [alexsmobs:blood_sprayer, alexsmobs:hemolymph_blaster]. 
[04Oct2026 19:05:17.556] [main/WARN] [net.minecraftforge.common.ForgeConfigSpec/CORE]: Incorrect key general.raccoonStealFromChests was corrected from null to its default, true. 
[04Oct2026 19:05:17.556] [main/WARN] [net.minecraftforge.common.ForgeConfigSpec/CORE]: Incorrect key general.crowsStealCrops was corrected from null to its default, true. 
[04Oct2026 19:05:17.556] [main/WARN] [net.minecraftforge.common.ForgeConfigSpec/CORE]: Incorrect key general.fishOilMeme was corrected from null to its default, true. 
[04Oct2026 19:05:17.556] [main/WARN] [net.minecraftforge.common.ForgeConfigSpec/CORE]: Incorrect key general.soulVultureSpawnOnFossil was corrected from null to its default, true. 
[04Oct2026 19:05:17.556] [main/WARN] [net.minecraftforge.common.ForgeConfigSpec/CORE]: Incorrect key general.acaciaBlossomsDropFromLeaves was corrected from null to its default, true. 
[04Oct2026 19:05:17.556] [main/WARN] [net.minecraftforge.common.ForgeConfigSpec/CORE]: Incorrect key general.acaciaBlossomChance was corrected from null to its default, 130. 
[04Oct2026 19:05:17.556] [main/WARN] [net.minecraftforge.common.ForgeConfigSpec/CORE]: Incorrect key general.wanderingTraderOffers was corrected from null to its default, true. 
[04Oct2026 19:05:17.557] [main/WARN] [net.minecraftforge.common.ForgeConfigSpec/CORE]: Incorrect key general.mungusBiomeTransformationType was corrected from null to its default, 2. 
[04Oct2026 19:05:17.557] [main/WARN] [net.minecraftforge.common.ForgeConfigSpec/CORE]: Incorrect key general.mungusBiomeMatches was corrected from null to its default, [minecraft:red_mushroom|minecraft:mushroom_fields|minecraft:mycelium, minecraft:brown_mushroom|minecraft:mushroom_fields|minecraft:mycelium, minecraft:crimson_fungus|minecraft:crimson_forest|minecraft:crimson_nylium, minecraft:warped_fungus|minecraft:warped_forest|minecraft:warped_nylium]. 
[04Oct2026 19:05:17.557] [main/WARN] [net.minecraftforge.common.ForgeConfigSpec/CORE]: Incorrect key general.limitGusterSpawnsToWeather was corrected from null to its default, true. 
[04Oct2026 19:05:17.557] [main/WARN] [net.minecraftforge.common.ForgeConfigSpec/CORE]: Incorrect key general.warpedMoscoTransformation was corrected from null to its default, true. 
[04Oct2026 19:05:17.557] [main/WARN] [net.minecraftforge.common.ForgeConfigSpec/CORE]: Incorrect key general.warpedMoscoMobTriggers was corrected from null to its default, []. 
[04Oct2026 19:05:17.557] [main/WARN] [net.minecraftforge.common.ForgeConfigSpec/CORE]: Incorrect key general.straddleboardEnchants was corrected from null to its default, true. 
[04Oct2026 19:05:17.557] [main/WARN] [net.minecraftforge.common.ForgeConfigSpec/CORE]: Incorrect key general.emuTargetSkeletons was corrected from null to its default, true. 
[04Oct2026 19:05:17.557] [main/WARN] [net.minecraftforge.common.ForgeConfigSpec/CORE]: Incorrect key general.emuPantsDodgeChance was corrected from null to its default, 0.45. 
[04Oct2026 19:05:17.558] [main/WARN] [net.minecraftforge.common.ForgeConfigSpec/CORE]: Incorrect key general.cachalotDestruction was corrected from null to its default, true. 
[04Oct2026 19:05:17.558] [main/WARN] [net.minecraftforge.common.ForgeConfigSpec/CORE]: Incorrect key general.cachalotVolume was corrected from null to its default, 3.0. 
[04Oct2026 19:05:17.558] [main/WARN] [net.minecraftforge.common.ForgeConfigSpec/CORE]: Incorrect key general.leafcutterAntFungusGrowChance was corrected from null to its default, 0.3. 
[04Oct2026 19:05:17.558] [main/WARN] [net.minecraftforge.common.ForgeConfigSpec/CORE]: Incorrect key general.leafcutterAntRepopulateFeedings was corrected from null to its default, 25. 
[04Oct2026 19:05:17.558] [main/WARN] [net.minecraftforge.common.ForgeConfigSpec/CORE]: Incorrect key general.leafcutterAntColonySize was corrected from null to its default, 10. 
[04Oct2026 19:05:17.558] [main/WARN] [net.minecraftforge.common.ForgeConfigSpec/CORE]: Incorrect key general.leafcutterAntBreakLeavesChance was corrected from null to its default, 0.2. 
[04Oct2026 19:05:17.558] [main/WARN] [net.minecraftforge.common.ForgeConfigSpec/CORE]: Incorrect key general.falconryTeleportsBack was corrected from null to its default, false. 
[04Oct2026 19:05:17.558] [main/WARN] [net.minecraftforge.common.ForgeConfigSpec/CORE]: Incorrect key general.fireproofTarantulaHawk was corrected from null to its default, false. 
[04Oct2026 19:05:17.558] [main/WARN] [net.minecraftforge.common.ForgeConfigSpec/CORE]: Incorrect key general.voidWormSpawnDimensions was corrected from null to its default, [minecraft:the_end]. 
[04Oct2026 19:05:17.559] [main/WARN] [net.minecraftforge.common.ForgeConfigSpec/CORE]: Incorrect key general.voidWormDamageModifier was corrected from null to its default, 1.0. 
[04Oct2026 19:05:17.559] [main/WARN] [net.minecraftforge.common.ForgeConfigSpec/CORE]: Incorrect key general.voidWormMaxHealth was corrected from null to its default, 160.0. 
[04Oct2026 19:05:17.559] [main/WARN] [net.minecraftforge.common.ForgeConfigSpec/CORE]: Incorrect key general.voidWormSummonable was corrected from null to its default, true. 
[04Oct2026 19:05:17.559] [main/WARN] [net.minecraftforge.common.ForgeConfigSpec/CORE]: Incorrect key general.seagullStealing was corrected from null to its default, true. 
[04Oct2026 19:05:17.559] [main/WARN] [net.minecraftforge.common.ForgeConfigSpec/CORE]: Incorrect key general.seagullStealingBlacklist was corrected from null to its default, []. 
[04Oct2026 19:05:17.559] [main/WARN] [net.minecraftforge.common.ForgeConfigSpec/CORE]: Incorrect key general.clingingFlipEffect was corrected from null to its default, false. 
[04Oct2026 19:05:17.559] [main/WARN] [net.minecraftforge.common.ForgeConfigSpec/CORE]: Incorrect key general.tusklinShoesBarteringChance was corrected from null to its default, 0.02500000037252903. 
[04Oct2026 19:05:17.559] [main/WARN] [net.minecraftforge.common.ForgeConfigSpec/CORE]: Incorrect key general.rainbowGlassFidelity was corrected from null to its default, 16.0. 
[04Oct2026 19:05:17.559] [main/WARN] [net.minecraftforge.common.ForgeConfigSpec/CORE]: Incorrect key general.bunfungusTransformation was corrected from null to its default, true. 
[04Oct2026 19:05:17.559] [main/WARN] [net.minecraftforge.common.ForgeConfigSpec/CORE]: Incorrect key general.addLootToChests was corrected from null to its default, true. 
[04Oct2026 19:05:17.560] [main/WARN] [net.minecraftforge.common.ForgeConfigSpec/CORE]: Incorrect key general.transmutationBlacklist was corrected from null to its default, [minecraft:beacon]. 
[04Oct2026 19:05:17.560] [main/WARN] [net.minecraftforge.common.ForgeConfigSpec/CORE]: Incorrect key general.limitTransmutingToLootTables was corrected from null to its default, false. 
[04Oct2026 19:05:17.560] [main/WARN] [net.minecraftforge.common.ForgeConfigSpec/CORE]: Incorrect key general.transmutingTableExplodes was corrected from null to its default, true. 
[04Oct2026 19:05:17.560] [main/WARN] [net.minecraftforge.common.ForgeConfigSpec/CORE]: Incorrect key general.transmutingExperienceCost was corrected from null to its default, 3. 
[04Oct2026 19:05:17.560] [main/WARN] [net.minecraftforge.common.ForgeConfigSpec/CORE]: Incorrect key general.transmutingWeightAddStep was corrected from null to its default, 3.0. 
[04Oct2026 19:05:17.560] [main/WARN] [net.minecraftforge.common.ForgeConfigSpec/CORE]: Incorrect key general.transmutingWeightRemoveStep was corrected from null to its default, 4.0. 
[04Oct2026 19:05:17.560] [main/WARN] [net.minecraftforge.common.ForgeConfigSpec/CORE]: Incorrect key general.skreechersSummonWarden was corrected from null to its default, true. 
[04Oct2026 19:05:17.560] [main/WARN] [net.minecraftforge.common.ForgeConfigSpec/CORE]: Incorrect key general.underminerDisappearDistance was corrected from null to its default, 8.0. 
[04Oct2026 19:05:17.561] [main/WARN] [net.minecraftforge.common.ForgeConfigSpec/CORE]: Incorrect key spawning was corrected from null to its default, SimpleCommentedConfig:{}. 
[04Oct2026 19:05:17.561] [main/WARN] [net.minecraftforge.common.ForgeConfigSpec/CORE]: Incorrect key spawning.grizzlyBearSpawnWeight was corrected from null to its default, 8. 
[04Oct2026 19:05:17.561] [main/WARN] [net.minecraftforge.common.ForgeConfigSpec/CORE]: Incorrect key spawning.grizzlyBearSpawnRolls was corrected from null to its default, 0. 
[04Oct2026 19:05:17.561] [main/WARN] [net.minecraftforge.common.ForgeConfigSpec/CORE]: Incorrect key spawning.roadrunnerSpawnWeight was corrected from null to its default, 9. 
[04Oct2026 19:05:17.561] [main/WARN] [net.minecraftforge.common.ForgeConfigSpec/CORE]: Incorrect key spawning.roadrunnerSpawnRolls was corrected from null to its default, 1. 
[04Oct2026 19:05:17.561] [main/WARN] [net.minecraftforge.common.ForgeConfigSpec/CORE]: Incorrect key spawning.boneSerpentSpawnWeight was corrected from null to its default, 8. 
[04Oct2026 19:05:17.562] [main/WARN] [net.minecraftforge.common.ForgeConfigSpec/CORE]: Incorrect key spawning.boneSeprentSpawnRolls was corrected from null to its default, 40. 
[04Oct2026 19:05:17.562] [main/WARN] [net.minecraftforge.common.ForgeConfigSpec/CORE]: Incorrect key spawning.gazelleSpawnWeight was corrected from null to its default, 40. 
[04Oct2026 19:05:17.562] [main/WARN] [net.minecraftforge.common.ForgeConfigSpec/CORE]: Incorrect key spawning.gazelleSpawnRolls was corrected from null to its default, 0. 
[04Oct2026 19:05:17.562] [main/WARN] [net.minecraftforge.common.ForgeConfigSpec/CORE]: Incorrect key spawning.crocodileSpawnWeight was corrected from null to its default, 20. 
[04Oct2026 19:05:17.562] [main/WARN] [net.minecraftforge.common.ForgeConfigSpec/CORE]: Incorrect key spawning.crocSpawnRolls was corrected from null to its default, 1. 
[04Oct2026 19:05:17.562] [main/WARN] [net.minecraftforge.common.ForgeConfigSpec/CORE]: Incorrect key spawning.flySpawnWeight was corrected from null to its default, 3. 
[04Oct2026 19:05:17.562] [main/WARN] [net.minecraftforge.common.ForgeConfigSpec/CORE]: Incorrect key spawning.flySpawnRolls was corrected from null to its default, 1. 
[04Oct2026 19:05:17.562] [main/WARN] [net.minecraftforge.common.ForgeConfigSpec/CORE]: Incorrect key spawning.hummingbirdSpawnWeight was corrected from null to its default, 19. 
[04Oct2026 19:05:17.562] [main/WARN] [net.minecraftforge.common.ForgeConfigSpec/CORE]: Incorrect key spawning.hummingbirdSpawnRolls was corrected from null to its default, 1. 
[04Oct2026 19:05:17.562] [main/WARN] [net.minecraftforge.common.ForgeConfigSpec/CORE]: Incorrect key spawning.orcaSpawnWeight was corrected from null to its default, 2. 
[04Oct2026 19:05:17.563] [main/WARN] [net.minecraftforge.common.ForgeConfigSpec/CORE]: Incorrect key spawning.orcaSpawnRolls was corrected from null to its default, 6. 
[04Oct2026 19:05:17.563] [main/WARN] [net.minecraftforge.common.ForgeConfigSpec/CORE]: Incorrect key spawning.sunbirdSpawnWeight was corrected from null to its default, 5. 
[04Oct2026 19:05:17.563] [main/WARN] [net.minecraftforge.common.ForgeConfigSpec/CORE]: Incorrect key spawning.sunbirdSpawnRolls was corrected from null to its default, 6. 
[04Oct2026 19:05:17.563] [main/WARN] [net.minecraftforge.common.ForgeConfigSpec/CORE]: Incorrect key spawning.gorillaSpawnWeight was corrected from null to its default, 25. 
[04Oct2026 19:05:17.563] [main/WARN] [net.minecraftforge.common.ForgeConfigSpec/CORE]: Incorrect key spawning.gorillaSpawnRolls was corrected from null to its default, 0. 
[04Oct2026 19:05:17.563] [main/WARN] [net.minecraftforge.common.ForgeConfigSpec/CORE]: Incorrect key spawning.crimsonMosquitoSpawnWeight was corrected from null to its default, 15. 
[04Oct2026 19:05:17.563] [main/WARN] [net.minecraftforge.common.ForgeConfigSpec/CORE]: Incorrect key spawning.crimsonMosquitoSpawnRolls was corrected from null to its default, 0. 
[04Oct2026 19:05:17.563] [main/WARN] [net.minecraftforge.common.ForgeConfigSpec/CORE]: Incorrect key spawning.rattlesnakeSpawnWeight was corrected from null to its default, 12. 
[04Oct2026 19:05:17.563] [main/WARN] [net.minecraftforge.common.ForgeConfigSpec/CORE]: Incorrect key spawning.rattlesnakeSpawnRolls was corrected from null to its default, 0. 
[04Oct2026 19:05:17.563] [main/WARN] [net.minecraftforge.common.ForgeConfigSpec/CORE]: Incorrect key spawning.endergradeSpawnWeight was corrected from null to its default, 10. 
[04Oct2026 19:05:17.563] [main/WARN] [net.minecraftforge.common.ForgeConfigSpec/CORE]: Incorrect key spawning.endergradeSpawnRolls was corrected from null to its default, 0. 
[04Oct2026 19:05:17.564] [main/WARN] [net.minecraftforge.common.ForgeConfigSpec/CORE]: Incorrect key spawning.hammerheadSharkSpawnWeight was corrected from null to its default, 8. 
[04Oct2026 19:05:17.564] [main/WARN] [net.minecraftforge.common.ForgeConfigSpec/CORE]: Incorrect key spawning.hammerheadSharkSpawnRolls was corrected from null to its default, 1. 
[04Oct2026 19:05:17.564] [main/WARN] [net.minecraftforge.common.ForgeConfigSpec/CORE]: Incorrect key spawning.lobsterSpawnWeight was corrected from null to its default, 7. 
[04Oct2026 19:05:17.564] [main/WARN] [net.minecraftforge.common.ForgeConfigSpec/CORE]: Incorrect key spawning.lobsterSpawnRolls was corrected from null to its default, 0. 
[04Oct2026 19:05:17.564] [main/WARN] [net.minecraftforge.common.ForgeConfigSpec/CORE]: Incorrect key spawning.komodoDragonSpawnWeight was corrected from null to its default, 16. 
[04Oct2026 19:05:17.564] [main/WARN] [net.minecraftforge.common.ForgeConfigSpec/CORE]: Incorrect key spawning.komodoDragonSpawnRolls was corrected from null to its default, 1. 
[04Oct2026 19:05:17.564] [main/WARN] [net.minecraftforge.common.ForgeConfigSpec/CORE]: Incorrect key spawning.capuchinMonkeySpawnWeight was corrected from null to its default, 28. 
[04Oct2026 19:05:17.564] [main/WARN] [net.minecraftforge.common.ForgeConfigSpec/CORE]: Incorrect key spawning.capuchinMonkeySpawnRolls was corrected from null to its default, 0. 
[04Oct2026 19:05:17.564] [main/WARN] [net.minecraftforge.common.ForgeConfigSpec/CORE]: Incorrect key spawning.caveCentipedeSpawnWeight was corrected from null to its default, 8. 
[04Oct2026 19:05:17.564] [main/WARN] [net.minecraftforge.common.ForgeConfigSpec/CORE]: Incorrect key spawning.caveCentipedeSpawnRolls was corrected from null to its default, 1. 
[04Oct2026 19:05:17.565] [main/WARN] [net.minecraftforge.common.ForgeConfigSpec/CORE]: Incorrect key spawning.warpedToadSpawnWeight was corrected from null to its default, 30. 
[04Oct2026 19:05:17.565] [main/WARN] [net.minecraftforge.common.ForgeConfigSpec/CORE]: Incorrect key spawning.warpedToadSpawnRolls was corrected from null to its default, 0. 
[04Oct2026 19:05:17.565] [main/WARN] [net.minecraftforge.common.ForgeConfigSpec/CORE]: Incorrect key spawning.mooseSpawnWeight was corrected from null to its default, 9. 
[04Oct2026 19:05:17.565] [main/WARN] [net.minecraftforge.common.ForgeConfigSpec/CORE]: Incorrect key spawning.mooseSpawnRolls was corrected from null to its default, 0. 
[04Oct2026 19:05:17.565] [main/WARN] [net.minecraftforge.common.ForgeConfigSpec/CORE]: Incorrect key spawning.mimicubeSpawnWeight was corrected from null to its default, 40. 
[04Oct2026 19:05:17.565] [main/WARN] [net.minecraftforge.common.ForgeConfigSpec/CORE]: Incorrect key spawning.mimicubeSpawnRolls was corrected from null to its default, 0. 
[04Oct2026 19:05:17.565] [main/WARN] [net.minecraftforge.common.ForgeConfigSpec/CORE]: Incorrect key spawning.raccoonSpawnWeight was corrected from null to its default, 10. 
[04Oct2026 19:05:17.565] [main/WARN] [net.minecraftforge.common.ForgeConfigSpec/CORE]: Incorrect key spawning.raccoonSpawnRolls was corrected from null to its default, 0. 
[04Oct2026 19:05:17.565] [main/WARN] [net.minecraftforge.common.ForgeConfigSpec/CORE]: Incorrect key spawning.blobfishSpawnWeight was corrected from null to its default, 30. 
[04Oct2026 19:05:17.565] [main/WARN] [net.minecraftforge.common.ForgeConfigSpec/CORE]: Incorrect key spawning.blobfishSpawnRolls was corrected from null to its default, 0. 
[04Oct2026 19:05:17.565] [main/WARN] [net.minecraftforge.common.ForgeConfigSpec/CORE]: Incorrect key spawning.sealSpawnWeight was corrected from null to its default, 20. 
[04Oct2026 19:05:17.566] [main/WARN] [net.minecraftforge.common.ForgeConfigSpec/CORE]: Incorrect key spawning.sealSpawnRolls was corrected from null to its default, 0. 
[04Oct2026 19:05:17.566] [main/WARN] [net.minecraftforge.common.ForgeConfigSpec/CORE]: Incorrect key spawning.cockroachSpawnWeight was corrected from null to its default, 4. 
[04Oct2026 19:05:17.566] [main/WARN] [net.minecraftforge.common.ForgeConfigSpec/CORE]: Incorrect key spawning.cockroachSpawnRolls was corrected from null to its default, 0. 
[04Oct2026 19:05:17.566] [main/WARN] [net.minecraftforge.common.ForgeConfigSpec/CORE]: Incorrect key spawning.shoebillSpawnWeight was corrected from null to its default, 10. 
[04Oct2026 19:05:17.566] [main/WARN] [net.minecraftforge.common.ForgeConfigSpec/CORE]: Incorrect key spawning.shoebillSpawnRolls was corrected from null to its default, 0. 
[04Oct2026 19:05:17.566] [main/WARN] [net.minecraftforge.common.ForgeConfigSpec/CORE]: Incorrect key spawning.elephantSpawnWeight was corrected from null to its default, 30. 
[04Oct2026 19:05:17.566] [main/WARN] [net.minecraftforge.common.ForgeConfigSpec/CORE]: Incorrect key spawning.elephantSpawnRolls was corrected from null to its default, 0. 
[04Oct2026 19:05:17.566] [main/WARN] [net.minecraftforge.common.ForgeConfigSpec/CORE]: Incorrect key spawning.soulVultureSpawnWeight was corrected from null to its default, 30. 
[04Oct2026 19:05:17.566] [main/WARN] [net.minecraftforge.common.ForgeConfigSpec/CORE]: Incorrect key spawning.soulVultureSpawnRolls was corrected from null to its default, 0. 
[04Oct2026 19:05:17.566] [main/WARN] [net.minecraftforge.common.ForgeConfigSpec/CORE]: Incorrect key spawning.snowLeopardSpawnWeight was corrected from null to its default, 18. 
[04Oct2026 19:05:17.566] [main/WARN] [net.minecraftforge.common.ForgeConfigSpec/CORE]: Incorrect key spawning.snowLeopardSpawnRolls was corrected from null to its default, 0. 
[04Oct2026 19:05:17.567] [main/WARN] [net.minecraftforge.common.ForgeConfigSpec/CORE]: Incorrect key spawning.spectreSpawnWeight was corrected from null to its default, 10. 
[04Oct2026 19:05:17.567] [main/WARN] [net.minecraftforge.common.ForgeConfigSpec/CORE]: Incorrect key spawning.spectreSpawnRolls was corrected from null to its default, 5. 
[04Oct2026 19:05:17.567] [main/WARN] [net.minecraftforge.common.ForgeConfigSpec/CORE]: Incorrect key spawning.crowSpawnWeight was corrected from null to its default, 10. 
[04Oct2026 19:05:17.567] [main/WARN] [net.minecraftforge.common.ForgeConfigSpec/CORE]: Incorrect key spawning.crowSpawnRolls was corrected from null to its default, 0. 
[04Oct2026 19:05:17.567] [main/WARN] [net.minecraftforge.common.ForgeConfigSpec/CORE]: Incorrect key spawning.alligatorSnappingTurtleSpawnWeight was corrected from null to its default, 20. 
[04Oct2026 19:05:17.567] [main/WARN] [net.minecraftforge.common.ForgeConfigSpec/CORE]: Incorrect key spawning.alligatorSnappingTurtleSpawnRolls was corrected from null to its default, 1. 
[04Oct2026 19:05:17.567] [main/WARN] [net.minecraftforge.common.ForgeConfigSpec/CORE]: Incorrect key spawning.mungusSpawnWeight was corrected from null to its default, 4. 
[04Oct2026 19:05:17.567] [main/WARN] [net.minecraftforge.common.ForgeConfigSpec/CORE]: Incorrect key spawning.mungusSpawnRolls was corrected from null to its default, 1. 
[04Oct2026 19:05:17.567] [main/WARN] [net.minecraftforge.common.ForgeConfigSpec/CORE]: Incorrect key spawning.mantisShrimpSpawnWeight was corrected from null to its default, 15. 
[04Oct2026 19:05:17.567] [main/WARN] [net.minecraftforge.common.ForgeConfigSpec/CORE]: Incorrect key spawning.mantisShrimpSpawnRolls was corrected from null to its default, 0. 
[04Oct2026 19:05:17.567] [main/WARN] [net.minecraftforge.common.ForgeConfigSpec/CORE]: Incorrect key spawning.gusterSpawnWeight was corrected from null to its default, 35. 
[04Oct2026 19:05:17.568] [main/WARN] [net.minecraftforge.common.ForgeConfigSpec/CORE]: Incorrect key spawning.gusterSpawnRolls was corrected from null to its default, 0. 
[04Oct2026 19:05:17.568] [main/WARN] [net.minecraftforge.common.ForgeConfigSpec/CORE]: Incorrect key spawning.warpedMoscoSpawnWeight was corrected from null to its default, 1. 
[04Oct2026 19:05:17.568] [main/WARN] [net.minecraftforge.common.ForgeConfigSpec/CORE]: Incorrect key spawning.warpedMoscoSpawnRolls was corrected from null to its default, 1000. 
[04Oct2026 19:05:17.568] [main/WARN] [net.minecraftforge.common.ForgeConfigSpec/CORE]: Incorrect key spawning.straddlerSpawnWeight was corrected from null to its default, 70. 
[04Oct2026 19:05:17.568] [main/WARN] [net.minecraftforge.common.ForgeConfigSpec/CORE]: Incorrect key spawning.straddlerSpawnRolls was corrected from null to its default, 0. 
[04Oct2026 19:05:17.568] [main/WARN] [net.minecraftforge.common.ForgeConfigSpec/CORE]: Incorrect key spawning.stradpoleSpawnWeight was corrected from null to its default, 10. 
[04Oct2026 19:05:17.568] [main/WARN] [net.minecraftforge.common.ForgeConfigSpec/CORE]: Incorrect key spawning.stradpoleSpawnRolls was corrected from null to its default, 3. 
[04Oct2026 19:05:17.568] [main/WARN] [net.minecraftforge.common.ForgeConfigSpec/CORE]: Incorrect key spawning.emuSpawnWeight was corrected from null to its default, 20. 
[04Oct2026 19:05:17.568] [main/WARN] [net.minecraftforge.common.ForgeConfigSpec/CORE]: Incorrect key spawning.emuSpawnRolls was corrected from null to its default, 0. 
[04Oct2026 19:05:17.568] [main/WARN] [net.minecraftforge.common.ForgeConfigSpec/CORE]: Incorrect key spawning.platypusSpawnWeight was corrected from null to its default, 20. 
[04Oct2026 19:05:17.568] [main/WARN] [net.minecraftforge.common.ForgeConfigSpec/CORE]: Incorrect key spawning.platypusSpawnRolls was corrected from null to its default, 0. 
[04Oct2026 19:05:17.569] [main/WARN] [net.minecraftforge.common.ForgeConfigSpec/CORE]: Incorrect key spawning.dropbearSpawnWeight was corrected from null to its default, 19. 
[04Oct2026 19:05:17.569] [main/WARN] [net.minecraftforge.common.ForgeConfigSpec/CORE]: Incorrect key spawning.dropbearSpawnRolls was corrected from null to its default, 1. 
[04Oct2026 19:05:17.569] [main/WARN] [net.minecraftforge.common.ForgeConfigSpec/CORE]: Incorrect key spawning.tasmanianDevilSpawnWeight was corrected from null to its default, 10. 
[04Oct2026 19:05:17.569] [main/WARN] [net.minecraftforge.common.ForgeConfigSpec/CORE]: Incorrect key spawning.tasmanianDevilSpawnRolls was corrected from null to its default, 0. 
[04Oct2026 19:05:17.569] [main/WARN] [net.minecraftforge.common.ForgeConfigSpec/CORE]: Incorrect key spawning.kangarooSpawnWeight was corrected from null to its default, 25. 
[04Oct2026 19:05:17.569] [main/WARN] [net.minecraftforge.common.ForgeConfigSpec/CORE]: Incorrect key spawning.kangarooSpawnRolls was corrected from null to its default, 0. 
[04Oct2026 19:05:17.569] [main/WARN] [net.minecraftforge.common.ForgeConfigSpec/CORE]: Incorrect key spawning.cachalotWhaleSpawnWeight was corrected from null to its default, 2. 
[04Oct2026 19:05:17.569] [main/WARN] [net.minecraftforge.common.ForgeConfigSpec/CORE]: Incorrect key spawning.cachalotWhaleSpawnRolls was corrected from null to its default, 0. 
[04Oct2026 19:05:17.569] [main/WARN] [net.minecraftforge.common.ForgeConfigSpec/CORE]: Incorrect key spawning.enderiophageSpawnWeight was corrected from null to its default, 4. 
[04Oct2026 19:05:17.569] [main/WARN] [net.minecraftforge.common.ForgeConfigSpec/CORE]: Incorrect key spawning.enderiophageSpawnRolls was corrected from null to its default, 2. 
[04Oct2026 19:05:17.569] [main/WARN] [net.minecraftforge.common.ForgeConfigSpec/CORE]: Incorrect key spawning.baldEagleSpawnWeight was corrected from null to its default, 15. 
[04Oct2026 19:05:17.570] [main/WARN] [net.minecraftforge.common.ForgeConfigSpec/CORE]: Incorrect key spawning.baldEagleSpawnRolls was corrected from null to its default, 0. 
[04Oct2026 19:05:17.570] [main/WARN] [net.minecraftforge.common.ForgeConfigSpec/CORE]: Incorrect key spawning.tigerSpawnWeight was corrected from null to its default, 30. 
[04Oct2026 19:05:17.570] [main/WARN] [net.minecraftforge.common.ForgeConfigSpec/CORE]: Incorrect key spawning.tigerSpawnRolls was corrected from null to its default, 0. 
[04Oct2026 19:05:17.570] [main/WARN] [net.minecraftforge.common.ForgeConfigSpec/CORE]: Incorrect key spawning.tarantulaHawkSpawnWeight was corrected from null to its default, 6. 
[04Oct2026 19:05:17.570] [main/WARN] [net.minecraftforge.common.ForgeConfigSpec/CORE]: Incorrect key spawning.tarantulaHawkSpawnRolls was corrected from null to its default, 1. 
[04Oct2026 19:05:17.570] [main/WARN] [net.minecraftforge.common.ForgeConfigSpec/CORE]: Incorrect key spawning.voidWormSpawnWeight was corrected from null to its default, 0. 
[04Oct2026 19:05:17.570] [main/WARN] [net.minecraftforge.common.ForgeConfigSpec/CORE]: Incorrect key spawning.voidWormSpawnRolls was corrected from null to its default, 0. 
[04Oct2026 19:05:17.570] [main/WARN] [net.minecraftforge.common.ForgeConfigSpec/CORE]: Incorrect key spawning.frilledSharkSpawnWeight was corrected from null to its default, 11. 
[04Oct2026 19:05:17.570] [main/WARN] [net.minecraftforge.common.ForgeConfigSpec/CORE]: Incorrect key spawning.frilledSharkSpawnRolls was corrected from null to its default, 0. 
[04Oct2026 19:05:17.570] [main/WARN] [net.minecraftforge.common.ForgeConfigSpec/CORE]: Incorrect key spawning.mimicOctopusSpawnWeight was corrected from null to its default, 9. 
[04Oct2026 19:05:17.570] [main/WARN] [net.minecraftforge.common.ForgeConfigSpec/CORE]: Incorrect key spawning.mimicOctopusSpawnRolls was corrected from null to its default, 0. 
[04Oct2026 19:05:17.571] [main/WARN] [net.minecraftforge.common.ForgeConfigSpec/CORE]: Incorrect key spawning.seagullSpawnWeight was corrected from null to its default, 21. 
[04Oct2026 19:05:17.571] [main/WARN] [net.minecraftforge.common.ForgeConfigSpec/CORE]: Incorrect key spawning.seagullSpawnRolls was corrected from null to its default, 0. 
[04Oct2026 19:05:17.571] [main/WARN] [net.minecraftforge.common.ForgeConfigSpec/CORE]: Incorrect key spawning.froststalkerSpawnWeight was corrected from null to its default, 20. 
[04Oct2026 19:05:17.571] [main/WARN] [net.minecraftforge.common.ForgeConfigSpec/CORE]: Incorrect key spawning.froststalkerSpawnRolls was corrected from null to its default, 0. 
[04Oct2026 19:05:17.571] [main/WARN] [net.minecraftforge.common.ForgeConfigSpec/CORE]: Incorrect key spawning.tusklinSpawnWeight was corrected from null to its default, 18. 
[04Oct2026 19:05:17.571] [main/WARN] [net.minecraftforge.common.ForgeConfigSpec/CORE]: Incorrect key spawning.tusklinSpawnRolls was corrected from null to its default, 0. 
[04Oct2026 19:05:17.571] [main/WARN] [net.minecraftforge.common.ForgeConfigSpec/CORE]: Incorrect key spawning.laviathanSpawnWeight was corrected from null to its default, 15. 
[04Oct2026 19:05:17.571] [main/WARN] [net.minecraftforge.common.ForgeConfigSpec/CORE]: Incorrect key spawning.laviathanSpawnRolls was corrected from null to its default, 1. 
[04Oct2026 19:05:17.571] [main/WARN] [net.minecraftforge.common.ForgeConfigSpec/CORE]: Incorrect key spawning.cosmawSpawnWeight was corrected from null to its default, 9. 
[04Oct2026 19:05:17.571] [main/WARN] [net.minecraftforge.common.ForgeConfigSpec/CORE]: Incorrect key spawning.cosmawSpawnRolls was corrected from null to its default, 0. 
[04Oct2026 19:05:17.572] [main/WARN] [net.minecraftforge.common.ForgeConfigSpec/CORE]: Incorrect key spawning.toucanSpawnWeight was corrected from null to its default, 23. 
[04Oct2026 19:05:17.572] [main/WARN] [net.minecraftforge.common.ForgeConfigSpec/CORE]: Incorrect key spawning.toucanSpawnRolls was corrected from null to its default, 0. 
[04Oct2026 19:05:17.572] [main/WARN] [net.minecraftforge.common.ForgeConfigSpec/CORE]: Incorrect key spawning.manedWolfSpawnWeight was corrected from null to its default, 8. 
[04Oct2026 19:05:17.572] [main/WARN] [net.minecraftforge.common.ForgeConfigSpec/CORE]: Incorrect key spawning.manedWolfSpawnRolls was corrected from null to its default, 0. 
[04Oct2026 19:05:17.572] [main/WARN] [net.minecraftforge.common.ForgeConfigSpec/CORE]: Incorrect key spawning.anacondaSpawnWeight was corrected from null to its default, 12. 
[04Oct2026 19:05:17.572] [main/WARN] [net.minecraftforge.common.ForgeConfigSpec/CORE]: Incorrect key spawning.anacondaSpawnRolls was corrected from null to its default, 0. 
[04Oct2026 19:05:17.572] [main/WARN] [net.minecraftforge.common.ForgeConfigSpec/CORE]: Incorrect key spawning.anteaterSpawnWeight was corrected from null to its default, 7. 
[04Oct2026 19:05:17.572] [main/WARN] [net.minecraftforge.common.ForgeConfigSpec/CORE]: Incorrect key spawning.anteaterSpawnRolls was corrected from null to its default, 0. 
[04Oct2026 19:05:17.572] [main/WARN] [net.minecraftforge.common.ForgeConfigSpec/CORE]: Incorrect key spawning.rockyRollerSpawnWeight was corrected from null to its default, 60. 
[04Oct2026 19:05:17.572] [main/WARN] [net.minecraftforge.common.ForgeConfigSpec/CORE]: Incorrect key spawning.rockyRollerSpawnRolls was corrected from null to its default, 0. 
[04Oct2026 19:05:17.572] [main/WARN] [net.minecraftforge.common.ForgeConfigSpec/CORE]: Incorrect key spawning.flutterSpawnWeight was corrected from null to its default, 13. 
[04Oct2026 19:05:17.573] [main/WARN] [net.minecraftforge.common.ForgeConfigSpec/CORE]: Incorrect key spawning.flutterSpawnRolls was corrected from null to its default, 0. 
[04Oct2026 19:05:17.573] [main/WARN] [net.minecraftforge.common.ForgeConfigSpec/CORE]: Incorrect key spawning.geladaMonkeySpawnWeight was corrected from null to its default, 5. 
[04Oct2026 19:05:17.573] [main/WARN] [net.minecraftforge.common.ForgeConfigSpec/CORE]: Incorrect key spawning.geladaMonkeySpawnRolls was corrected from null to its default, 0. 
[04Oct2026 19:05:17.573] [main/WARN] [net.minecraftforge.common.ForgeConfigSpec/CORE]: Incorrect key spawning.jerboaSpawnWeight was corrected from null to its default, 12. 
[04Oct2026 19:05:17.573] [main/WARN] [net.minecraftforge.common.ForgeConfigSpec/CORE]: Incorrect key spawning.jerboaSpawnRolls was corrected from null to its default, 2. 
[04Oct2026 19:05:17.573] [main/WARN] [net.minecraftforge.common.ForgeConfigSpec/CORE]: Incorrect key spawning.terrapinSpawnWeight was corrected from null to its default, 4. 
[04Oct2026 19:05:17.573] [main/WARN] [net.minecraftforge.common.ForgeConfigSpec/CORE]: Incorrect key spawning.terrapinSpawnRolls was corrected from null to its default, 0. 
[04Oct2026 19:05:17.573] [main/WARN] [net.minecraftforge.common.ForgeConfigSpec/CORE]: Incorrect key spawning.combJellySpawnWeight was corrected from null to its default, 5. 
[04Oct2026 19:05:17.573] [main/WARN] [net.minecraftforge.common.ForgeConfigSpec/CORE]: Incorrect key spawning.combJellySpawnRolls was corrected from null to its default, 1. 
[04Oct2026 19:05:17.573] [main/WARN] [net.minecraftforge.common.ForgeConfigSpec/CORE]: Incorrect key spawning.cosmicCodSpawnWeight was corrected from null to its default, 5. 
[04Oct2026 19:05:17.573] [main/WARN] [net.minecraftforge.common.ForgeConfigSpec/CORE]: Incorrect key spawning.cosmicCodSpawnRolls was corrected from null to its default, 0. 
[04Oct2026 19:05:17.574] [main/WARN] [net.minecraftforge.common.ForgeConfigSpec/CORE]: Incorrect key spawning.bunfungusSpawnWeight was corrected from null to its default, 3. 
[04Oct2026 19:05:17.574] [main/WARN] [net.minecraftforge.common.ForgeConfigSpec/CORE]: Incorrect key spawning.bunfungusSpawnRolls was corrected from null to its default, 0. 
[04Oct2026 19:05:17.574] [main/WARN] [net.minecraftforge.common.ForgeConfigSpec/CORE]: Incorrect key spawning.bisonSpawnWeight was corrected from null to its default, 9. 
[04Oct2026 19:05:17.574] [main/WARN] [net.minecraftforge.common.ForgeConfigSpec/CORE]: Incorrect key spawning.bisonSpawnRolls was corrected from null to its default, 0. 
[04Oct2026 19:05:17.574] [main/WARN] [net.minecraftforge.common.ForgeConfigSpec/CORE]: Incorrect key spawning.giantSquidSpawnWeight was corrected from null to its default, 3. 
[04Oct2026 19:05:17.574] [main/WARN] [net.minecraftforge.common.ForgeConfigSpec/CORE]: Incorrect key spawning.giantSquidSpawnRolls was corrected from null to its default, 0. 
[04Oct2026 19:05:17.574] [main/WARN] [net.minecraftforge.common.ForgeConfigSpec/CORE]: Incorrect key spawning.devilsHolePupfishSpawnWeight was corrected from null to its default, 23. 
[04Oct2026 19:05:17.574] [main/WARN] [net.minecraftforge.common.ForgeConfigSpec/CORE]: Incorrect key spawning.devilsHolePupfishSpawnRolls was corrected from null to its default, 0. 
[04Oct2026 19:05:17.574] [main/WARN] [net.minecraftforge.common.ForgeConfigSpec/CORE]: Incorrect key spawning.catfishSpawnWeight was corrected from null to its default, 4. 
[04Oct2026 19:05:17.574] [main/WARN] [net.minecraftforge.common.ForgeConfigSpec/CORE]: Incorrect key spawning.catfishSpawnRolls was corrected from null to its default, 2. 
[04Oct2026 19:05:17.574] [main/WARN] [net.minecraftforge.common.ForgeConfigSpec/CORE]: Incorrect key spawning.flyingFishSpawnWeight was corrected from null to its default, 8. 
[04Oct2026 19:05:17.575] [main/WARN] [net.minecraftforge.common.ForgeConfigSpec/CORE]: Incorrect key spawning.flyingFishSpawnRolls was corrected from null to its default, 0. 
[04Oct2026 19:05:17.575] [main/WARN] [net.minecraftforge.common.ForgeConfigSpec/CORE]: Incorrect key spawning.skelewagSpawnWeight was corrected from null to its default, 15. 
[04Oct2026 19:05:17.575] [main/WARN] [net.minecraftforge.common.ForgeConfigSpec/CORE]: Incorrect key spawning.skelewagSpawnRolls was corrected from null to its default, 0. 
[04Oct2026 19:05:17.575] [main/WARN] [net.minecraftforge.common.ForgeConfigSpec/CORE]: Incorrect key spawning.rainFrogSpawnWeight was corrected from null to its default, 10. 
[04Oct2026 19:05:17.575] [main/WARN] [net.minecraftforge.common.ForgeConfigSpec/CORE]: Incorrect key spawning.rainFrogSpawnRolls was corrected from null to its default, 0. 
[04Oct2026 19:05:17.575] [main/WARN] [net.minecraftforge.common.ForgeConfigSpec/CORE]: Incorrect key spawning.potooSpawnWeight was corrected from null to its default, 15. 
[04Oct2026 19:05:17.575] [main/WARN] [net.minecraftforge.common.ForgeConfigSpec/CORE]: Incorrect key spawning.potooSpawnRolls was corrected from null to its default, 0. 
[04Oct2026 19:05:17.575] [main/WARN] [net.minecraftforge.common.ForgeConfigSpec/CORE]: Incorrect key spawning.mudskipperSpawnWeight was corrected from null to its default, 28. 
[04Oct2026 19:05:17.575] [main/WARN] [net.minecraftforge.common.ForgeConfigSpec/CORE]: Incorrect key spawning.mudskipperSpawnRolls was corrected from null to its default, 0. 
[04Oct2026 19:05:17.575] [main/WARN] [net.minecraftforge.common.ForgeConfigSpec/CORE]: Incorrect key spawning.rhinocerosSpawnWeight was corrected from null to its default, 24. 
[04Oct2026 19:05:17.575] [main/WARN] [net.minecraftforge.common.ForgeConfigSpec/CORE]: Incorrect key spawning.rhinocerosSpawnRolls was corrected from null to its default, 0. 
[04Oct2026 19:05:17.576] [main/WARN] [net.minecraftforge.common.ForgeConfigSpec/CORE]: Incorrect key spawning.sugarGliderSpawnWeight was corrected from null to its default, 15. 
[04Oct2026 19:05:17.576] [main/WARN] [net.minecraftforge.common.ForgeConfigSpec/CORE]: Incorrect key spawning.sugarGliderSpawnRolls was corrected from null to its default, 0. 
[04Oct2026 19:05:17.576] [main/WARN] [net.minecraftforge.common.ForgeConfigSpec/CORE]: Incorrect key spawning.farseerSpawnWeight was corrected from null to its default, 30. 
[04Oct2026 19:05:17.576] [main/WARN] [net.minecraftforge.common.ForgeConfigSpec/CORE]: Incorrect key spawning.farseerSpawnRolls was corrected from null to its default, 0. 
[04Oct2026 19:05:17.576] [main/WARN] [net.minecraftforge.common.ForgeConfigSpec/CORE]: Incorrect key spawning.skreecherSpawnWeight was corrected from null to its default, 10. 
[04Oct2026 19:05:17.576] [main/WARN] [net.minecraftforge.common.ForgeConfigSpec/CORE]: Incorrect key spawning.skreecherSpawnRolls was corrected from null to its default, 1. 
[04Oct2026 19:05:17.576] [main/WARN] [net.minecraftforge.common.ForgeConfigSpec/CORE]: Incorrect key spawning.underminerSpawnWeight was corrected from null to its default, 50. 
[04Oct2026 19:05:17.576] [main/WARN] [net.minecraftforge.common.ForgeConfigSpec/CORE]: Incorrect key spawning.underminerSpawnRolls was corrected from null to its default, 1. 
[04Oct2026 19:05:17.576] [main/WARN] [net.minecraftforge.common.ForgeConfigSpec/CORE]: Incorrect key spawning.murmurSpawnWeight was corrected from null to its default, 5. 
[04Oct2026 19:05:17.576] [main/WARN] [net.minecraftforge.common.ForgeConfigSpec/CORE]: Incorrect key spawning.murmurSpawnRolls was corrected from null to its default, 1. 
[04Oct2026 19:05:17.576] [main/WARN] [net.minecraftforge.common.ForgeConfigSpec/CORE]: Incorrect key spawning.skunkSpawnWeight was corrected from null to its default, 7. 
[04Oct2026 19:05:17.576] [main/WARN] [net.minecraftforge.common.ForgeConfigSpec/CORE]: Incorrect key spawning.skunkSpawnRolls was corrected from null to its default, 0. 
[04Oct2026 19:05:17.576] [main/WARN] [net.minecraftforge.common.ForgeConfigSpec/CORE]: Incorrect key spawning.bananaSlugSpawnWeight was corrected from null to its default, 14. 
[04Oct2026 19:05:17.576] [main/WARN] [net.minecraftforge.common.ForgeConfigSpec/CORE]: Incorrect key spawning.bananaSlugSpawnRolls was corrected from null to its default, 0. 
[04Oct2026 19:05:17.576] [main/WARN] [net.minecraftforge.common.ForgeConfigSpec/CORE]: Incorrect key spawning.blueJaySpawnWeight was corrected from null to its default, 16. 
[04Oct2026 19:05:17.577] [main/WARN] [net.minecraftforge.common.ForgeConfigSpec/CORE]: Incorrect key spawning.blueJaySpawnRolls was corrected from null to its default, 0. 
[04Oct2026 19:05:17.577] [main/WARN] [net.minecraftforge.common.ForgeConfigSpec/CORE]: Incorrect key spawning.caimanSpawnWeight was corrected from null to its default, 29. 
[04Oct2026 19:05:17.577] [main/WARN] [net.minecraftforge.common.ForgeConfigSpec/CORE]: Incorrect key spawning.caimanSpawnRolls was corrected from null to its default, 0. 
[04Oct2026 19:05:17.577] [main/WARN] [net.minecraftforge.common.ForgeConfigSpec/CORE]: Incorrect key spawning.triopsSpawnWeight was corrected from null to its default, 8. 
[04Oct2026 19:05:17.577] [main/WARN] [net.minecraftforge.common.ForgeConfigSpec/CORE]: Incorrect key spawning.triopsSpawnRolls was corrected from null to its default, 0. 
[04Oct2026 19:05:17.578] [main/WARN] [net.minecraftforge.common.ForgeConfigSpec/CORE]: Incorrect key uniqueSpawning was corrected from null to its default, SimpleCommentedConfig:{}. 
[04Oct2026 19:05:17.578] [main/WARN] [net.minecraftforge.common.ForgeConfigSpec/CORE]: Incorrect key uniqueSpawning.caveCentipedeSpawnHeight was corrected from null to its default, 0. 
[04Oct2026 19:05:17.578] [main/WARN] [net.minecraftforge.common.ForgeConfigSpec/CORE]: Incorrect key uniqueSpawning.blobfishSpawnHeight was corrected from null to its default, 25. 
[04Oct2026 19:05:17.578] [main/WARN] [net.minecraftforge.common.ForgeConfigSpec/CORE]: Incorrect key uniqueSpawning.beachedCachalotWhales was corrected from null to its default, true. 
[04Oct2026 19:05:17.578] [main/WARN] [net.minecraftforge.common.ForgeConfigSpec/CORE]: Incorrect key uniqueSpawning.beachedCachalotWhaleSpawnChance was corrected from null to its default, 5. 
[04Oct2026 19:05:17.578] [main/WARN] [net.minecraftforge.common.ForgeConfigSpec/CORE]: Incorrect key uniqueSpawning.beachedCachalotWhaleSpawnDelay was corrected from null to its default, 24000. 
[04Oct2026 19:05:17.578] [main/WARN] [net.minecraftforge.common.ForgeConfigSpec/CORE]: Incorrect key uniqueSpawning.leafcutterAnthillSpawnChance was corrected from null to its default, 0.004999999888241291. 
[04Oct2026 19:05:17.579] [main/WARN] [net.minecraftforge.common.ForgeConfigSpec/CORE]: Incorrect key uniqueSpawning.geladaMonkeySpawnRolls was corrected from null to its default, 0. 
[04Oct2026 19:05:17.579] [main/WARN] [net.minecraftforge.common.ForgeConfigSpec/CORE]: Incorrect key uniqueSpawning.restrictPupfishSpawns was corrected from null to its default, true. 
[04Oct2026 19:05:17.579] [main/WARN] [net.minecraftforge.common.ForgeConfigSpec/CORE]: Incorrect key uniqueSpawning.pupfishChunkSpawnDistance was corrected from null to its default, 2000. 
[04Oct2026 19:05:17.579] [main/WARN] [net.minecraftforge.common.ForgeConfigSpec/CORE]: Incorrect key uniqueSpawning.restrictSkelewagSpawns was corrected from null to its default, true. 
[04Oct2026 19:05:17.579] [main/WARN] [net.minecraftforge.common.ForgeConfigSpec/CORE]: Incorrect key uniqueSpawning.restrictFarseerSpawns was corrected from null to its default, true. 
[04Oct2026 19:05:17.579] [main/WARN] [net.minecraftforge.common.ForgeConfigSpec/CORE]: Incorrect key uniqueSpawning.restrictUnderminerSpawns was corrected from null to its default, true. 
[04Oct2026 19:05:17.579] [main/WARN] [net.minecraftforge.common.ForgeConfigSpec/CORE]: Incorrect key uniqueSpawning.farseerBorderSpawnDistance was corrected from null to its default, 100. 
[04Oct2026 19:05:17.579] [main/WARN] [net.minecraftforge.common.ForgeConfigSpec/CORE]: Incorrect key uniqueSpawning.murmurSpawnHeight was corrected from null to its default, -30. 
[04Oct2026 19:05:17.581] [main/WARN] [net.minecraftforge.common.ForgeConfigSpec/CORE]: Incorrect key dangerZone was corrected from null to its default, SimpleCommentedConfig:{}. 
[04Oct2026 19:05:17.581] [main/WARN] [net.minecraftforge.common.ForgeConfigSpec/CORE]: Incorrect key dangerZone.superSecretSettings was corrected from null to its default, false. 
[04Oct2026 19:05:17.581] [main/WARN] [net.minecraftforge.common.ForgeConfigSpec/CORE]: Incorrect key dangerZone.pathfindingThreads was corrected from null to its default, 5. 
[04Oct2026 19:05:17.635] [main/WARN] [net.minecraftforge.common.ForgeConfigSpec/CORE]: Configuration file /Users/caden/A.Developer/JuniorMC/SERVER/config/oreexcavation-common.toml is not correct. Correcting
[04Oct2026 19:05:17.635] [main/WARN] [net.minecraftforge.common.ForgeConfigSpec/CORE]: Incorrect key common was corrected from null to its default, SimpleCommentedConfig:{}. 
[04Oct2026 19:05:17.635] [main/WARN] [net.minecraftforge.common.ForgeConfigSpec/CORE]: Incorrect key common.Limit was corrected from null to its default, 128. 
[04Oct2026 19:05:17.635] [main/WARN] [net.minecraftforge.common.ForgeConfigSpec/CORE]: Incorrect key common.Speed was corrected from null to its default, 64. 
[04Oct2026 19:05:17.635] [main/WARN] [net.minecraftforge.common.ForgeConfigSpec/CORE]: Incorrect key common.Range was corrected from null to its default, 16. 
[04Oct2026 19:05:17.635] [main/WARN] [net.minecraftforge.common.ForgeConfigSpec/CORE]: Incorrect key common.Ehxaustion was corrected from null to its default, 0.1. 
[04Oct2026 19:05:17.635] [main/WARN] [net.minecraftforge.common.ForgeConfigSpec/CORE]: Incorrect key common.Experience was corrected from null to its default, 0. 
[04Oct2026 19:05:17.635] [main/WARN] [net.minecraftforge.common.ForgeConfigSpec/CORE]: Incorrect key common.Open Hand was corrected from null to its default, true. 
[04Oct2026 19:05:17.635] [main/WARN] [net.minecraftforge.common.ForgeConfigSpec/CORE]: Incorrect key common.Invert Tool Blacklist was corrected from null to its default, false. 
[04Oct2026 19:05:17.636] [main/WARN] [net.minecraftforge.common.ForgeConfigSpec/CORE]: Incorrect key common.Invert Block Blacklist was corrected from null to its default, false. 
[04Oct2026 19:05:17.636] [main/WARN] [net.minecraftforge.common.ForgeConfigSpec/CORE]: Incorrect key common.Ignore Tool was corrected from null to its default, false. 
[04Oct2026 19:05:17.636] [main/WARN] [net.minecraftforge.common.ForgeConfigSpec/CORE]: Incorrect key common.Alt Tools was corrected from null to its default, false. 
[04Oct2026 19:05:17.636] [main/WARN] [net.minecraftforge.common.ForgeConfigSpec/CORE]: Incorrect key common.Only Standard Types was corrected from null to its default, false. 
[04Oct2026 19:05:17.636] [main/WARN] [net.minecraftforge.common.ForgeConfigSpec/CORE]: Incorrect key common.TPS Guard was corrected from null to its default, true. 
[04Oct2026 19:05:17.636] [main/WARN] [net.minecraftforge.common.ForgeConfigSpec/CORE]: Incorrect key common.Auto Pickup was corrected from null to its default, false. 
[04Oct2026 19:05:17.636] [main/WARN] [net.minecraftforge.common.ForgeConfigSpec/CORE]: Incorrect key common.Allow Shapes was corrected from null to its default, true. 
[04Oct2026 19:05:17.636] [main/WARN] [net.minecraftforge.common.ForgeConfigSpec/CORE]: Incorrect key common.Max Undos was corrected from null to its default, 3. 
[04Oct2026 19:05:17.636] [main/WARN] [net.minecraftforge.common.ForgeConfigSpec/CORE]: Incorrect key common.Undo Replaceables  was corrected from null to its default, true. 
[04Oct2026 19:05:17.636] [main/WARN] [net.minecraftforge.common.ForgeConfigSpec/CORE]: Incorrect key common.Game Stage was corrected from null to its default, . 
[04Oct2026 19:05:17.636] [main/WARN] [net.minecraftforge.common.ForgeConfigSpec/CORE]: Incorrect key common.Tool Blacklist was corrected from null to its default, []. 
[04Oct2026 19:05:17.636] [main/WARN] [net.minecraftforge.common.ForgeConfigSpec/CORE]: Incorrect key common.Block Blacklist was corrected from null to its default, []. 
[04Oct2026 19:05:17.656] [main/WARN] [net.minecraftforge.common.ForgeConfigSpec/CORE]: Configuration file /Users/caden/A.Developer/JuniorMC/SERVER/config/curios-common.toml is not correct. Correcting
[04Oct2026 19:05:17.656] [main/WARN] [net.minecraftforge.common.ForgeConfigSpec/CORE]: Incorrect key slots was corrected from null to its default, []. 
[04Oct2026 19:05:17.657] [main/WARN] [net.minecraftforge.common.ForgeConfigSpec/CORE]: Configuration file /Users/caden/A.Developer/JuniorMC/SERVER/config/ProjectE/common.toml is not correct. Correcting
[04Oct2026 19:05:17.657] [main/WARN] [net.minecraftforge.common.ForgeConfigSpec/CORE]: Incorrect key common was corrected from null to its default, SimpleCommentedConfig:{}. 
[04Oct2026 19:05:17.657] [main/WARN] [net.minecraftforge.common.ForgeConfigSpec/CORE]: Incorrect key common.debugLogging was corrected from null to its default, false. 
[04Oct2026 19:05:17.658] [main/WARN] [net.minecraftforge.common.ForgeConfigSpec/CORE]: Incorrect key common.craftableTome was corrected from null to its default, false. 
[04Oct2026 19:05:17.658] [main/WARN] [net.minecraftforge.common.ForgeConfigSpec/CORE]: Incorrect key common.fullKleinStars was corrected from null to its default, false. 
[04Oct2026 19:05:17.659] [main/WARN] [net.minecraftforge.common.ForgeConfigSpec/CORE]: Configuration file /Users/caden/A.Developer/JuniorMC/SERVER/config/aether-common.toml is not correct. Correcting
[04Oct2026 19:05:17.659] [main/WARN] [net.minecraftforge.common.ForgeConfigSpec/CORE]: Incorrect key Gameplay was corrected from null to its default, SimpleCommentedConfig:{}. 
[04Oct2026 19:05:17.659] [main/WARN] [net.minecraftforge.common.ForgeConfigSpec/CORE]: Incorrect key Gameplay.Use default Curios' menu was corrected from null to its default, false. 
[04Oct2026 19:05:17.660] [main/WARN] [net.minecraftforge.common.ForgeConfigSpec/CORE]: Incorrect key Gameplay.Gives player Aether Portal Frame item was corrected from null to its default, false. 
[04Oct2026 19:05:17.660] [main/WARN] [net.minecraftforge.common.ForgeConfigSpec/CORE]: Incorrect key Gameplay.Gives starting loot on entry was corrected from null to its default, true. 
[04Oct2026 19:05:17.660] [main/WARN] [net.minecraftforge.common.ForgeConfigSpec/CORE]: Incorrect key Gameplay.Reposition attack message above hotbar was corrected from null to its default, false. 
[04Oct2026 19:05:17.660] [main/WARN] [net.minecraftforge.common.ForgeConfigSpec/CORE]: Incorrect key Gameplay.Repeat Sun Spirit's battle dialogue was corrected from null to its default, true. 
[04Oct2026 19:05:17.660] [main/WARN] [net.minecraftforge.common.ForgeConfigSpec/CORE]: Incorrect key Gameplay.Show Patreon message was corrected from null to its default, true. 
[04Oct2026 19:05:17.660] [main/WARN] [net.minecraftforge.common.ForgeConfigSpec/CORE]: Incorrect key Data Pack was corrected from null to its default, SimpleCommentedConfig:{}. 
[04Oct2026 19:05:17.660] [main/WARN] [net.minecraftforge.common.ForgeConfigSpec/CORE]: Incorrect key Data Pack.Add Temporary Freezing automatically was corrected from null to its default, false. 
[04Oct2026 19:05:17.660] [main/WARN] [net.minecraftforge.common.ForgeConfigSpec/CORE]: Incorrect key Data Pack.Add Ruined Portals automatically was corrected from null to its default, false. 
[04Oct2026 19:05:17.661] [main/WARN] [net.minecraftforge.common.ForgeConfigSpec/CORE]: Incorrect key Modpack was corrected from null to its default, SimpleCommentedConfig:{}. 
[04Oct2026 19:05:17.661] [main/WARN] [net.minecraftforge.common.ForgeConfigSpec/CORE]: Incorrect key Modpack.Randomize boss names was corrected from null to its default, true. 
[04Oct2026 19:05:17.661] [main/WARN] [net.minecraftforge.common.ForgeConfigSpec/CORE]: Configuration file /Users/caden/A.Developer/JuniorMC/SERVER/config/cucumber-common.toml is not correct. Correcting
[04Oct2026 19:05:17.662] [main/WARN] [net.minecraftforge.common.ForgeConfigSpec/CORE]: Incorrect key General was corrected from null to its default, SimpleCommentedConfig:{}. 
[04Oct2026 19:05:17.662] [main/WARN] [net.minecraftforge.common.ForgeConfigSpec/CORE]: Incorrect key General.modTagPriorities was corrected from null to its default, [thermal, mekanism, tconstruct, immersiveengineering, appliedenergistics2]. 
[04Oct2026 19:05:17.662] [main/WARN] [net.minecraftforge.common.ForgeConfigSpec/CORE]: Incorrect key General.autoRefreshTagOptions was corrected from null to its default, true. 
[04Oct2026 19:05:17.663] [main/WARN] [net.minecraftforge.common.ForgeConfigSpec/CORE]: Configuration file /Users/caden/A.Developer/JuniorMC/SERVER/config/sophisticatedstorage-common.toml is not correct. Correcting
[04Oct2026 19:05:17.663] [main/WARN] [net.minecraftforge.common.ForgeConfigSpec/CORE]: Incorrect key common was corrected from null to its default, SimpleCommentedConfig:{}. 
[04Oct2026 19:05:17.663] [main/WARN] [net.minecraftforge.common.ForgeConfigSpec/CORE]: Incorrect key common.dropPacked was corrected from null to its default, false. 
[04Oct2026 19:05:17.664] [main/WARN] [net.minecraftforge.common.ForgeConfigSpec/CORE]: Configuration file /Users/caden/A.Developer/JuniorMC/SERVER/config/naturescompass-common.toml is not correct. Correcting
[04Oct2026 19:05:17.664] [main/WARN] [net.minecraftforge.common.ForgeConfigSpec/CORE]: Incorrect key General was corrected from null to its default, SimpleCommentedConfig:{}. 
[04Oct2026 19:05:17.664] [main/WARN] [net.minecraftforge.common.ForgeConfigSpec/CORE]: Incorrect key General.allowTeleport was corrected from null to its default, true. 
[04Oct2026 19:05:17.664] [main/WARN] [net.minecraftforge.common.ForgeConfigSpec/CORE]: Incorrect key General.maxNextSearches was corrected from null to its default, 25. 
[04Oct2026 19:05:17.665] [main/WARN] [net.minecraftforge.common.ForgeConfigSpec/CORE]: Incorrect key General.displayCoordinates was corrected from null to its default, true. 
[04Oct2026 19:05:17.665] [main/WARN] [net.minecraftforge.common.ForgeConfigSpec/CORE]: Incorrect key General.radiusModifier was corrected from null to its default, 2500. 
[04Oct2026 19:05:17.665] [main/WARN] [net.minecraftforge.common.ForgeConfigSpec/CORE]: Incorrect key General.sampleSpaceModifier was corrected from null to its default, 16. 
[04Oct2026 19:05:17.665] [main/WARN] [net.minecraftforge.common.ForgeConfigSpec/CORE]: Incorrect key General.biomeBlacklist was corrected from null to its default, []. 
[04Oct2026 19:05:17.665] [main/WARN] [net.minecraftforge.common.ForgeConfigSpec/CORE]: Incorrect key General.defaultXpLevels was corrected from null to its default, 0. 
[04Oct2026 19:05:17.665] [main/WARN] [net.minecraftforge.common.ForgeConfigSpec/CORE]: Incorrect key General.perBiomeXpLevels was corrected from null to its default, []. 
[04Oct2026 19:05:17.665] [main/WARN] [net.minecraftforge.common.ForgeConfigSpec/CORE]: Incorrect key General.maxSamples was corrected from null to its default, 50000. 
[04Oct2026 19:05:17.665] [main/WARN] [net.minecraftforge.common.ForgeConfigSpec/CORE]: Incorrect key General.compassDurability was corrected from null to its default, 0. 
[04Oct2026 19:05:17.666] [main/WARN] [net.minecraftforge.common.ForgeConfigSpec/CORE]: Configuration file /Users/caden/A.Developer/JuniorMC/SERVER/config/compactmachines-common.toml is not correct. Correcting
[04Oct2026 19:05:17.666] [main/WARN] [net.minecraftforge.common.ForgeConfigSpec/CORE]: Incorrect key recipes was corrected from null to its default, SimpleCommentedConfig:{}. 
[04Oct2026 19:05:17.666] [main/WARN] [net.minecraftforge.common.ForgeConfigSpec/CORE]: Incorrect key recipes.vanillaRecipes was corrected from null to its default, true. 
[04Oct2026 19:05:17.667] [main/WARN] [net.minecraftforge.common.ForgeConfigSpec/CORE]: Configuration file /Users/caden/A.Developer/JuniorMC/SERVER/config/deeperdarker-common.toml is not correct. Correcting
[04Oct2026 19:05:17.668] [main/WARN] [net.minecraftforge.common.ForgeConfigSpec/CORE]: Incorrect key fakeVaseChance was corrected from null to its default, 0.16. 
[04Oct2026 19:05:17.668] [main/WARN] [net.minecraftforge.common.ForgeConfigSpec/CORE]: Incorrect key stalkerSpawnChance was corrected from null to its default, 0.3125. 
[04Oct2026 19:05:17.669] [main/WARN] [net.minecraftforge.common.ForgeConfigSpec/CORE]: Incorrect key soulElytraCooldown was corrected from null to its default, 600. 
[04Oct2026 19:05:17.669] [main/WARN] [net.minecraftforge.common.ForgeConfigSpec/CORE]: Incorrect key wardenHeartPulses was corrected from null to its default, true. 
[04Oct2026 19:05:17.670] [main/WARN] [net.minecraftforge.common.ForgeConfigSpec/CORE]: Incorrect key snapperDropLimit was corrected from null to its default, 8. 
[04Oct2026 19:05:17.670] [main/WARN] [net.minecraftforge.common.ForgeConfigSpec/CORE]: Incorrect key othersidePortalWidth was corrected from null to its default, 6. 
[04Oct2026 19:05:17.670] [main/WARN] [net.minecraftforge.common.ForgeConfigSpec/CORE]: Incorrect key othersidePortalHeight was corrected from null to its default, 3. 
[04Oct2026 19:05:17.671] [main/WARN] [net.minecraftforge.common.ForgeConfigSpec/CORE]: Configuration file /Users/caden/A.Developer/JuniorMC/SERVER/config/bonsaitrees3-common.toml is not correct. Correcting
[04Oct2026 19:05:17.672] [main/WARN] [net.minecraftforge.common.ForgeConfigSpec/CORE]: Incorrect key enableFortuneUpgrade was corrected from null to its default, true. 
[04Oct2026 19:05:17.672] [main/WARN] [net.minecraftforge.common.ForgeConfigSpec/CORE]: Incorrect key enableEfficiencyUpgrade was corrected from null to its default, true. 
[04Oct2026 19:05:17.672] [main/WARN] [net.minecraftforge.common.ForgeConfigSpec/CORE]: Incorrect key enableHoppingUpgrade was corrected from null to its default, true. 
[04Oct2026 19:05:17.673] [main/WARN] [net.minecraftforge.common.ForgeConfigSpec/CORE]: Incorrect key enableAutoCuttingUpgrade was corrected from null to its default, true. 
[04Oct2026 19:05:17.673] [main/WARN] [net.minecraftforge.common.ForgeConfigSpec/CORE]: Incorrect key enableForgeEnergyUpgrade was corrected from null to its default, true. 
[04Oct2026 19:05:17.673] [main/WARN] [net.minecraftforge.common.ForgeConfigSpec/CORE]: Incorrect key enablePollinatingUpgrade was corrected from null to its default, true. 
[04Oct2026 19:05:17.673] [main/WARN] [net.minecraftforge.common.ForgeConfigSpec/CORE]: Incorrect key autoCuttingDamagesItems was corrected from null to its default, false. 
[04Oct2026 19:05:17.674] [main/WARN] [net.minecraftforge.common.ForgeConfigSpec/CORE]: Incorrect key autoCuttingDamageChance was corrected from null to its default, 0.07500000298023224. 
[04Oct2026 19:05:17.674] [main/WARN] [net.minecraftforge.common.ForgeConfigSpec/CORE]: Incorrect key showChanceInJEI was corrected from null to its default, true. 
[04Oct2026 19:05:17.675] [main/WARN] [net.minecraftforge.common.ForgeConfigSpec/CORE]: Incorrect key sumEnchantmentLevels was corrected from null to its default, true. 
[04Oct2026 19:05:17.675] [main/WARN] [net.minecraftforge.common.ForgeConfigSpec/CORE]: Incorrect key extraRollsPerFortuneLevel was corrected from null to its default, 1. 
[04Oct2026 19:05:17.675] [main/WARN] [net.minecraftforge.common.ForgeConfigSpec/CORE]: Incorrect key extraChancePerFortuneLevel was corrected from null to its default, 0.05. 
[04Oct2026 19:05:17.676] [main/WARN] [net.minecraftforge.common.ForgeConfigSpec/CORE]: Incorrect key allowBonemeal was corrected from null to its default, true. 
[04Oct2026 19:05:17.676] [main/WARN] [net.minecraftforge.common.ForgeConfigSpec/CORE]: Incorrect key bonemealSuccessChance was corrected from null to its default, 0.45. 
[04Oct2026 19:05:17.676] [main/WARN] [net.minecraftforge.common.ForgeConfigSpec/CORE]: Incorrect key hoppingCooldown was corrected from null to its default, 60. 
[04Oct2026 19:05:17.677] [main/WARN] [net.minecraftforge.common.ForgeConfigSpec/CORE]: Incorrect key cuttingCooldown was corrected from null to its default, 60. 
[04Oct2026 19:05:17.677] [main/WARN] [net.minecraftforge.common.ForgeConfigSpec/CORE]: Incorrect key minimumRequiredTicks was corrected from null to its default, 10. 
[04Oct2026 19:05:17.677] [main/WARN] [net.minecraftforge.common.ForgeConfigSpec/CORE]: Incorrect key requiredTicksModifier was corrected from null to its default, 1.0. 
[04Oct2026 19:05:17.678] [main/WARN] [net.minecraftforge.common.ForgeConfigSpec/CORE]: Incorrect key maximumExtractedEnergyPerTick was corrected from null to its default, 60. 
[04Oct2026 19:05:17.678] [main/WARN] [net.minecraftforge.common.ForgeConfigSpec/CORE]: Incorrect key extraGrowthRatioPerFE was corrected from null to its default, 0.005. 
[04Oct2026 19:05:17.680] [main/WARN] [net.minecraftforge.common.ForgeConfigSpec/CORE]: Configuration file /Users/caden/A.Developer/JuniorMC/SERVER/config/compasstomapxaeros-common.toml is not correct. Correcting
[04Oct2026 19:05:17.680] [main/WARN] [net.minecraftforge.common.ForgeConfigSpec/CORE]: Incorrect key feature was corrected from null to its default, SimpleCommentedConfig:{}. 
[04Oct2026 19:05:17.680] [main/WARN] [net.minecraftforge.common.ForgeConfigSpec/CORE]: Incorrect key feature.enabled was corrected from null to its default, true. 
[04Oct2026 19:05:17.680] [main/WARN] [net.minecraftforge.common.ForgeConfigSpec/CORE]: Incorrect key feature.enableStructure was corrected from null to its default, true. 
[04Oct2026 19:05:17.680] [main/WARN] [net.minecraftforge.common.ForgeConfigSpec/CORE]: Incorrect key feature.enableBiome was corrected from null to its default, true. 
[04Oct2026 19:05:17.680] [main/WARN] [net.minecraftforge.common.ForgeConfigSpec/CORE]: Incorrect key notification was corrected from null to its default, SimpleCommentedConfig:{}. 
[04Oct2026 19:05:17.680] [main/WARN] [net.minecraftforge.common.ForgeConfigSpec/CORE]: Incorrect key notification.notifyOnFound was corrected from null to its default, true. 
[04Oct2026 19:05:17.681] [main/WARN] [net.minecraftforge.common.ForgeConfigSpec/CORE]: Configuration file /Users/caden/A.Developer/JuniorMC/SERVER/config/explorerscompass-common.toml is not correct. Correcting
[04Oct2026 19:05:17.682] [main/WARN] [net.minecraftforge.common.ForgeConfigSpec/CORE]: Incorrect key General was corrected from null to its default, SimpleCommentedConfig:{}. 
[04Oct2026 19:05:17.682] [main/WARN] [net.minecraftforge.common.ForgeConfigSpec/CORE]: Incorrect key General.allowTeleport was corrected from null to its default, true. 
[04Oct2026 19:05:17.682] [main/WARN] [net.minecraftforge.common.ForgeConfigSpec/CORE]: Incorrect key General.maxNextSearches was corrected from null to its default, 100. 
[04Oct2026 19:05:17.682] [main/WARN] [net.minecraftforge.common.ForgeConfigSpec/CORE]: Incorrect key General.displayCoordinates was corrected from null to its default, true. 
[04Oct2026 19:05:17.682] [main/WARN] [net.minecraftforge.common.ForgeConfigSpec/CORE]: Incorrect key General.maxRadius was corrected from null to its default, 10000. 
[04Oct2026 19:05:17.682] [main/WARN] [net.minecraftforge.common.ForgeConfigSpec/CORE]: Incorrect key General.structureBlacklist was corrected from null to its default, []. 
[04Oct2026 19:05:17.682] [main/WARN] [net.minecraftforge.common.ForgeConfigSpec/CORE]: Incorrect key General.defaultXpLevels was corrected from null to its default, 0. 
[04Oct2026 19:05:17.682] [main/WARN] [net.minecraftforge.common.ForgeConfigSpec/CORE]: Incorrect key General.perStructureXpLevels was corrected from null to its default, []. 
[04Oct2026 19:05:17.682] [main/WARN] [net.minecraftforge.common.ForgeConfigSpec/CORE]: Incorrect key General.maxSamples was corrected from null to its default, 100000. 
[04Oct2026 19:05:17.682] [main/WARN] [net.minecraftforge.common.ForgeConfigSpec/CORE]: Incorrect key General.compassDurability was corrected from null to its default, 0. 
[04Oct2026 19:05:17.683] [main/WARN] [net.minecraftforge.common.ForgeConfigSpec/CORE]: Configuration file /Users/caden/A.Developer/JuniorMC/SERVER/config/ore-creeper-base.toml is not correct. Correcting
[04Oct2026 19:05:17.683] [main/WARN] [net.minecraftforge.common.ForgeConfigSpec/CORE]: Incorrect key General was corrected from null to its default, SimpleCommentedConfig:{}. 
[04Oct2026 19:05:17.683] [main/WARN] [net.minecraftforge.common.ForgeConfigSpec/CORE]: Incorrect key General.explosion radius was corrected from null to its default, 4.0. 
[04Oct2026 19:05:17.683] [main/WARN] [net.minecraftforge.common.ForgeConfigSpec/CORE]: Incorrect key Spawn Chances was corrected from null to its default, SimpleCommentedConfig:{}. 
[04Oct2026 19:05:17.683] [main/WARN] [net.minecraftforge.common.ForgeConfigSpec/CORE]: Incorrect key Spawn Chances.Coal Creeper was corrected from null to its default, SimpleCommentedConfig:{}. 
[04Oct2026 19:05:17.683] [main/WARN] [net.minecraftforge.common.ForgeConfigSpec/CORE]: Incorrect key Spawn Chances.Coal Creeper.explosion radius was corrected from null to its default, 3.75. 
[04Oct2026 19:05:17.683] [main/WARN] [net.minecraftforge.common.ForgeConfigSpec/CORE]: Incorrect key Spawn Chances.Coal Creeper.max spawn Y level was corrected from null to its default, 320. 
[04Oct2026 19:05:17.683] [main/WARN] [net.minecraftforge.common.ForgeConfigSpec/CORE]: Incorrect key Spawn Chances.Copper Creeper was corrected from null to its default, SimpleCommentedConfig:{}. 
[04Oct2026 19:05:17.683] [main/WARN] [net.minecraftforge.common.ForgeConfigSpec/CORE]: Incorrect key Spawn Chances.Copper Creeper.explosion radius was corrected from null to its default, 3.75. 
[04Oct2026 19:05:17.683] [main/WARN] [net.minecraftforge.common.ForgeConfigSpec/CORE]: Incorrect key Spawn Chances.Copper Creeper.max spawn Y level was corrected from null to its default, 320. 
[04Oct2026 19:05:17.683] [main/WARN] [net.minecraftforge.common.ForgeConfigSpec/CORE]: Incorrect key Spawn Chances.Diamond Creeper was corrected from null to its default, SimpleCommentedConfig:{}. 
[04Oct2026 19:05:17.683] [main/WARN] [net.minecraftforge.common.ForgeConfigSpec/CORE]: Incorrect key Spawn Chances.Diamond Creeper.explosion radius was corrected from null to its default, 3.75. 
[04Oct2026 19:05:17.684] [main/WARN] [net.minecraftforge.common.ForgeConfigSpec/CORE]: Incorrect key Spawn Chances.Diamond Creeper.max spawn Y level was corrected from null to its default, 320. 
[04Oct2026 19:05:17.684] [main/WARN] [net.minecraftforge.common.ForgeConfigSpec/CORE]: Incorrect key Spawn Chances.Emerald Creeper was corrected from null to its default, SimpleCommentedConfig:{}. 
[04Oct2026 19:05:17.684] [main/WARN] [net.minecraftforge.common.ForgeConfigSpec/CORE]: Incorrect key Spawn Chances.Emerald Creeper.explosion radius was corrected from null to its default, 3.75. 
[04Oct2026 19:05:17.684] [main/WARN] [net.minecraftforge.common.ForgeConfigSpec/CORE]: Incorrect key Spawn Chances.Emerald Creeper.max spawn Y level was corrected from null to its default, 320. 
[04Oct2026 19:05:17.684] [main/WARN] [net.minecraftforge.common.ForgeConfigSpec/CORE]: Incorrect key Spawn Chances.Gold Creeper was corrected from null to its default, SimpleCommentedConfig:{}. 
[04Oct2026 19:05:17.684] [main/WARN] [net.minecraftforge.common.ForgeConfigSpec/CORE]: Incorrect key Spawn Chances.Gold Creeper.explosion radius was corrected from null to its default, 3.75. 
[04Oct2026 19:05:17.684] [main/WARN] [net.minecraftforge.common.ForgeConfigSpec/CORE]: Incorrect key Spawn Chances.Gold Creeper.max spawn Y level was corrected from null to its default, 320. 
[04Oct2026 19:05:17.684] [main/WARN] [net.minecraftforge.common.ForgeConfigSpec/CORE]: Incorrect key Spawn Chances.Iron Creeper was corrected from null to its default, SimpleCommentedConfig:{}. 
[04Oct2026 19:05:17.684] [main/WARN] [net.minecraftforge.common.ForgeConfigSpec/CORE]: Incorrect key Spawn Chances.Iron Creeper.explosion radius was corrected from null to its default, 3.75. 
[04Oct2026 19:05:17.684] [main/WARN] [net.minecraftforge.common.ForgeConfigSpec/CORE]: Incorrect key Spawn Chances.Iron Creeper.max spawn Y level was corrected from null to its default, 320. 
[04Oct2026 19:05:17.684] [main/WARN] [net.minecraftforge.common.ForgeConfigSpec/CORE]: Incorrect key Spawn Chances.Lapis Lazuli Creeper was corrected from null to its default, SimpleCommentedConfig:{}. 
[04Oct2026 19:05:17.684] [main/WARN] [net.minecraftforge.common.ForgeConfigSpec/CORE]: Incorrect key Spawn Chances.Lapis Lazuli Creeper.explosion radius was corrected from null to its default, 3.75. 
[04Oct2026 19:05:17.684] [main/WARN] [net.minecraftforge.common.ForgeConfigSpec/CORE]: Incorrect key Spawn Chances.Lapis Lazuli Creeper.max spawn Y level was corrected from null to its default, 320. 
[04Oct2026 19:05:17.684] [main/WARN] [net.minecraftforge.common.ForgeConfigSpec/CORE]: Incorrect key Spawn Chances.Nether Gold Creeper was corrected from null to its default, SimpleCommentedConfig:{}. 
[04Oct2026 19:05:17.684] [main/WARN] [net.minecraftforge.common.ForgeConfigSpec/CORE]: Incorrect key Spawn Chances.Nether Gold Creeper.explosion radius was corrected from null to its default, 3.75. 
[04Oct2026 19:05:17.684] [main/WARN] [net.minecraftforge.common.ForgeConfigSpec/CORE]: Incorrect key Spawn Chances.Nether Gold Creeper.max spawn Y level was corrected from null to its default, 320. 
[04Oct2026 19:05:17.684] [main/WARN] [net.minecraftforge.common.ForgeConfigSpec/CORE]: Incorrect key Spawn Chances.Nether Quartz Creeper was corrected from null to its default, SimpleCommentedConfig:{}. 
[04Oct2026 19:05:17.684] [main/WARN] [net.minecraftforge.common.ForgeConfigSpec/CORE]: Incorrect key Spawn Chances.Nether Quartz Creeper.explosion radius was corrected from null to its default, 3.75. 
[04Oct2026 19:05:17.684] [main/WARN] [net.minecraftforge.common.ForgeConfigSpec/CORE]: Incorrect key Spawn Chances.Nether Quartz Creeper.max spawn Y level was corrected from null to its default, 320. 
[04Oct2026 19:05:17.684] [main/WARN] [net.minecraftforge.common.ForgeConfigSpec/CORE]: Incorrect key Spawn Chances.Redstone Creeper was corrected from null to its default, SimpleCommentedConfig:{}. 
[04Oct2026 19:05:17.684] [main/WARN] [net.minecraftforge.common.ForgeConfigSpec/CORE]: Incorrect key Spawn Chances.Redstone Creeper.explosion radius was corrected from null to its default, 3.75. 
[04Oct2026 19:05:17.684] [main/WARN] [net.minecraftforge.common.ForgeConfigSpec/CORE]: Incorrect key Spawn Chances.Redstone Creeper.max spawn Y level was corrected from null to its default, 320. 
[04Oct2026 19:05:17.685] [main/WARN] [net.minecraftforge.common.ForgeConfigSpec/CORE]: Configuration file /Users/caden/A.Developer/JuniorMC/SERVER/config/adlods-common.toml is not correct. Correcting
[04Oct2026 19:05:17.685] [main/WARN] [net.minecraftforge.common.ForgeConfigSpec/CORE]: Incorrect key Deposits was corrected from null to its default, SimpleCommentedConfig:{}. 
[04Oct2026 19:05:17.685] [main/WARN] [net.minecraftforge.common.ForgeConfigSpec/CORE]: Incorrect key Deposits.disabledDeposits was corrected from null to its default, NONE. 
[04Oct2026 19:05:17.685] [main/WARN] [net.minecraftforge.common.ForgeConfigSpec/CORE]: Incorrect key Deposits.globalSizeMultiplier was corrected from null to its default, 1.0. 
[04Oct2026 19:05:17.685] [main/WARN] [net.minecraftforge.common.ForgeConfigSpec/CORE]: Incorrect key Deposits.globalSpawnRateMultiplier was corrected from null to its default, 1.0. 
[04Oct2026 19:05:17.685] [main/WARN] [net.minecraftforge.common.ForgeConfigSpec/CORE]: Incorrect key Veins was corrected from null to its default, SimpleCommentedConfig:{}. 
[04Oct2026 19:05:17.686] [main/WARN] [net.minecraftforge.common.ForgeConfigSpec/CORE]: Incorrect key Veins.disableVanillaLargeVeins was corrected from null to its default, false. 
[04Oct2026 19:05:17.686] [main/WARN] [net.minecraftforge.common.ForgeConfigSpec/CORE]: Incorrect key Veins.disabledVeins was corrected from null to its default, NONE. 
[04Oct2026 19:05:17.686] [main/WARN] [net.minecraftforge.common.ForgeConfigSpec/CORE]: Incorrect key Veins.includeNonOreVeins was corrected from null to its default, false. 
[04Oct2026 19:05:17.686] [main/WARN] [net.minecraftforge.common.ForgeConfigSpec/CORE]: Incorrect key Indicators was corrected from null to its default, SimpleCommentedConfig:{}. 
[04Oct2026 19:05:17.686] [main/WARN] [net.minecraftforge.common.ForgeConfigSpec/CORE]: Incorrect key Indicators.enabled was corrected from null to its default, true. 
[04Oct2026 19:05:17.686] [main/WARN] [net.minecraftforge.common.ForgeConfigSpec/CORE]: Incorrect key Indicators.alwaysOnCeiling was corrected from null to its default, false. 
[04Oct2026 19:05:17.686] [main/WARN] [net.minecraftforge.common.ForgeConfigSpec/CORE]: Incorrect key Indicators.showOreComposition was corrected from null to its default, true. 
[04Oct2026 19:05:17.686] [main/WARN] [net.minecraftforge.common.ForgeConfigSpec/CORE]: Incorrect key Indicators.spawnFlowers was corrected from null to its default, ANY. 
[04Oct2026 19:05:17.686] [main/WARN] [net.minecraftforge.common.ForgeConfigSpec/CORE]: Incorrect key Indicators.spawnPebbles was corrected from null to its default, UNDER_WATER. 
[04Oct2026 19:05:17.686] [main/WARN] [net.minecraftforge.common.ForgeConfigSpec/CORE]: Incorrect key Indicators.spawnSurfaceSamples was corrected from null to its default, ANYWHERE. 
[04Oct2026 19:05:17.686] [main/WARN] [net.minecraftforge.common.ForgeConfigSpec/CORE]: Incorrect key Features was corrected from null to its default, SimpleCommentedConfig:{}. 
[04Oct2026 19:05:17.686] [main/WARN] [net.minecraftforge.common.ForgeConfigSpec/CORE]: Incorrect key Features.disabledFeatures was corrected from null to its default, []. 
[04Oct2026 19:05:17.686] [main/WARN] [net.minecraftforge.common.ForgeConfigSpec/CORE]: Incorrect key Stripper was corrected from null to its default, SimpleCommentedConfig:{}. 
[04Oct2026 19:05:17.687] [main/WARN] [net.minecraftforge.common.ForgeConfigSpec/CORE]: Incorrect key Stripper.dressUnloadedChunks was corrected from null to its default, true. 
[04Oct2026 19:05:17.687] [main/WARN] [net.minecraftforge.common.ForgeConfigSpec/CORE]: Incorrect key Vanilla was corrected from null to its default, SimpleCommentedConfig:{}. 
[04Oct2026 19:05:17.687] [main/WARN] [net.minecraftforge.common.ForgeConfigSpec/CORE]: Incorrect key Vanilla.fixOceanFloorHeightmap was corrected from null to its default, true. 
[04Oct2026 19:05:17.849] [main/WARN] [net.minecraftforge.common.ForgeConfigSpec/CORE]: Configuration file /Users/caden/A.Developer/JuniorMC/SERVER/config/buildinggadgets2-common.toml is not correct. Correcting
[04Oct2026 19:05:17.849] [main/WARN] [net.minecraftforge.common.ForgeConfigSpec/CORE]: Incorrect key general was corrected from null to its default, SimpleCommentedConfig:{}. 
[04Oct2026 19:05:17.849] [main/WARN] [net.minecraftforge.common.ForgeConfigSpec/CORE]: Incorrect key general.rayTraceRange was corrected from null to its default, 32. 
[04Oct2026 19:05:17.850] [main/WARN] [net.minecraftforge.common.ForgeConfigSpec/CORE]: Incorrect key power was corrected from null to its default, SimpleCommentedConfig:{}. 
[04Oct2026 19:05:17.850] [main/WARN] [net.minecraftforge.common.ForgeConfigSpec/CORE]: Incorrect key power.building_gadget was corrected from null to its default, SimpleCommentedConfig:{}. 
[04Oct2026 19:05:17.850] [main/WARN] [net.minecraftforge.common.ForgeConfigSpec/CORE]: Incorrect key power.building_gadget.maxPower was corrected from null to its default, 500000. 
[04Oct2026 19:05:17.850] [main/WARN] [net.minecraftforge.common.ForgeConfigSpec/CORE]: Incorrect key power.building_gadget.baseCost was corrected from null to its default, 50. 
[04Oct2026 19:05:17.850] [main/WARN] [net.minecraftforge.common.ForgeConfigSpec/CORE]: Incorrect key power.exchanging_gadget was corrected from null to its default, SimpleCommentedConfig:{}. 
[04Oct2026 19:05:17.850] [main/WARN] [net.minecraftforge.common.ForgeConfigSpec/CORE]: Incorrect key power.exchanging_gadget.maxPower was corrected from null to its default, 500000. 
[04Oct2026 19:05:17.850] [main/WARN] [net.minecraftforge.common.ForgeConfigSpec/CORE]: Incorrect key power.exchanging_gadget.baseCost was corrected from null to its default, 100. 
[04Oct2026 19:05:17.851] [main/WARN] [net.minecraftforge.common.ForgeConfigSpec/CORE]: Incorrect key power.cutpaste_gadget was corrected from null to its default, SimpleCommentedConfig:{}. 
[04Oct2026 19:05:17.851] [main/WARN] [net.minecraftforge.common.ForgeConfigSpec/CORE]: Incorrect key power.cutpaste_gadget.maxPower was corrected from null to its default, 5000000. 
[04Oct2026 19:05:17.851] [main/WARN] [net.minecraftforge.common.ForgeConfigSpec/CORE]: Incorrect key power.cutpaste_gadget.baseCost was corrected from null to its default, 200. 
[04Oct2026 19:05:17.851] [main/WARN] [net.minecraftforge.common.ForgeConfigSpec/CORE]: Incorrect key power.cutpaste_gadget.baseCostNew was corrected from null to its default, 50. 
[04Oct2026 19:05:17.851] [main/WARN] [net.minecraftforge.common.ForgeConfigSpec/CORE]: Incorrect key power.copypaste_gadget was corrected from null to its default, SimpleCommentedConfig:{}. 
[04Oct2026 19:05:17.851] [main/WARN] [net.minecraftforge.common.ForgeConfigSpec/CORE]: Incorrect key power.copypaste_gadget.maxPower was corrected from null to its default, 1000000. 
[04Oct2026 19:05:17.851] [main/WARN] [net.minecraftforge.common.ForgeConfigSpec/CORE]: Incorrect key power.copypaste_gadget.baseCost was corrected from null to its default, 50. 
[04Oct2026 19:05:17.851] [main/WARN] [net.minecraftforge.common.ForgeConfigSpec/CORE]: Incorrect key power.destruction_gadget was corrected from null to its default, SimpleCommentedConfig:{}. 
[04Oct2026 19:05:17.851] [main/WARN] [net.minecraftforge.common.ForgeConfigSpec/CORE]: Incorrect key power.destruction_gadget.maxPower was corrected from null to its default, 1000000. 
[04Oct2026 19:05:17.851] [main/WARN] [net.minecraftforge.common.ForgeConfigSpec/CORE]: Incorrect key power.destruction_gadget.baseCost was corrected from null to its default, 200. 
[04Oct2026 19:05:17.865] [modloading-worker-0/INFO] [moze_intel.projecte.PECore/]: Found and loaded EMC mapper: CraftingMapper, with priority 0
[04Oct2026 19:05:17.870] [modloading-worker-0/INFO] [moze_intel.projecte.PECore/]: Found and loaded EMC mapper: CustomConversionMapper, with priority 0
[04Oct2026 19:05:17.871] [modloading-worker-0/INFO] [moze_intel.projecte.PECore/]: Found and loaded EMC mapper: WeatheredCopperMapper, with priority 0
[04Oct2026 19:05:17.873] [modloading-worker-0/INFO] [moze_intel.projecte.PECore/]: Found and loaded EMC mapper: TippedArrowMapper, with priority 0
[04Oct2026 19:05:17.883] [modloading-worker-0/INFO] [moze_intel.projecte.PECore/]: Found and loaded EMC mapper: RawOresBlacklistMapper, with priority 0
[04Oct2026 19:05:17.883] [modloading-worker-0/INFO] [moze_intel.projecte.PECore/]: Found and loaded EMC mapper: OresBlacklistMapper, with priority 0
[04Oct2026 19:05:17.884] [modloading-worker-0/INFO] [moze_intel.projecte.PECore/]: Found and loaded EMC mapper: CustomEMCMapper, with priority 0
[04Oct2026 19:05:17.889] [modloading-worker-0/INFO] [moze_intel.projecte.PECore/]: Found and loaded EMC mapper: BrewingMapper, with priority 0
[04Oct2026 19:05:17.891] [modloading-worker-0/INFO] [moze_intel.projecte.PECore/]: Found and loaded EMC mapper: APICustomEMCMapper, with priority 0
[04Oct2026 19:05:17.896] [modloading-worker-0/INFO] [moze_intel.projecte.PECore/]: Found and loaded RecipeType Mapper: VanillaRecipeTypes, with priority 0
[04Oct2026 19:05:17.896] [modloading-worker-0/INFO] [moze_intel.projecte.PECore/]: Found and loaded RecipeType Mapper: Smithing, with priority 0
[04Oct2026 19:05:17.896] [modloading-worker-0/INFO] [moze_intel.projecte.PECore/]: Found and loaded RecipeType Mapper: FallbackRecipeType, with priority -2147483648
[04Oct2026 19:05:17.901] [modloading-worker-0/INFO] [moze_intel.projecte.PECore/]: Found and loaded NBT Processor: StoredEMCProcessor, with priority 0
[04Oct2026 19:05:17.901] [modloading-worker-0/INFO] [moze_intel.projecte.PECore/]: Found and loaded NBT Processor: EnchantmentProcessor, with priority 0
[04Oct2026 19:05:17.901] [modloading-worker-0/INFO] [moze_intel.projecte.PECore/]: Found and loaded NBT Processor: DecoratedPotProcessor, with priority 0
[04Oct2026 19:05:17.902] [modloading-worker-0/INFO] [moze_intel.projecte.PECore/]: Found and loaded NBT Processor: DamageProcessor, with priority 2147483647
[04Oct2026 19:05:17.902] [modloading-worker-0/INFO] [moze_intel.projecte.PECore/]: Found and loaded NBT Processor: ArmorTrimProcessor, with priority 0
[04Oct2026 19:05:17.905] [modloading-worker-0/INFO] [xaero.lib.XaeroLib/]: Loading XaeroLib common 1/2!
[04Oct2026 19:05:17.935] [Forge Version Check/INFO] [net.minecraftforge.fml.VersionChecker/]: [aether] Starting version check at https://github.com/The-Aether-Team/The-Aether/raw/1.20.1-develop/update.json
[04Oct2026 19:05:17.948] [modloading-worker-0/INFO] [Mystical Agriculture/]: Loaded 136 crops
[04Oct2026 19:05:17.948] [modloading-worker-0/INFO] [Mystical Agriculture/]: Loaded 6 crop tiers
[04Oct2026 19:05:17.948] [modloading-worker-0/INFO] [Mystical Agriculture/]: Loaded 2 crop types
[04Oct2026 19:05:17.948] [modloading-worker-0/INFO] [Mystical Agriculture/]: Loaded 55 augments
[04Oct2026 19:05:17.948] [modloading-worker-0/INFO] [Mystical Agriculture/]: Loaded 20 mob soul types
[04Oct2026 19:05:18.091] [Forge Version Check/INFO] [net.minecraftforge.fml.VersionChecker/]: [aether] Found status: UP_TO_DATE Current: 1.20.1-1.5.2-neoforge Target: null
[04Oct2026 19:05:18.091] [Forge Version Check/INFO] [net.minecraftforge.fml.VersionChecker/]: [projecte] Starting version check at https://raw.githubusercontent.com/sinkillerj/ProjectE/mc1.20.x/update.json
[04Oct2026 19:05:18.104] [Forge Version Check/INFO] [net.minecraftforge.fml.VersionChecker/]: [projecte] Found status: UP_TO_DATE Current: 1.0.1 Target: null
[04Oct2026 19:05:18.106] [Forge Version Check/INFO] [net.minecraftforge.fml.VersionChecker/]: [forgeendertech] Starting version check at https://forge.curseupdate.com/244844/forgeendertech
[04Oct2026 19:05:18.267] [Forge Version Check/INFO] [net.minecraftforge.fml.VersionChecker/]: [forgeendertech] Found status: UP_TO_DATE Current: 11.1.11.1 Target: null
[04Oct2026 19:05:18.267] [Forge Version Check/INFO] [net.minecraftforge.fml.VersionChecker/]: [controlling] Starting version check at https://updates.blamejared.com/get?n=controlling&gv=1.20.1
[04Oct2026 19:05:18.268] [modloading-worker-0/INFO] [ModernFix/]: Bypassed Mojang DFU
[04Oct2026 19:05:18.268] [modloading-worker-0/INFO] [com.sk89q.worldedit.extension.platform.PlatformManager/]: Got request to register class com.sk89q.worldedit.forge.ForgePlatform with WorldEdit [com.sk89q.worldedit.extension.platform.PlatformManager@11b5fef4]
[04Oct2026 19:05:18.271] [modloading-worker-0/INFO] [com.sk89q.worldedit.forge.ForgeWorldEdit/]: WorldEdit for Forge (version 7.2.15+6463-5ca4dff) is loaded
[04Oct2026 19:05:18.324] [modloading-worker-0/INFO] [xaero.map.server.WorldMapServer/]: Loading Xaero's World Map - Stage 1/2 (Server)
[04Oct2026 19:05:18.324] [modloading-worker-0/INFO] [xaero.minimap.XaeroMinimap/]: Loading Xaero's Minimap - Stage 1/2 (Server)
[04Oct2026 19:05:18.324] [modloading-worker-0/INFO] [xaero.lib.XaeroLib/]: Loading XaeroLib server 1/2!
[04Oct2026 19:05:18.325] [main/INFO] [xaero.map.server.WorldMapServer/]: Loading Xaero's World Map - Stage 2/2 (Server)
[04Oct2026 19:05:18.326] [main/INFO] [xaero.lib.XaeroLib/]: Loading XaeroLib common 2/2!
[04Oct2026 19:05:18.326] [main/INFO] [xaero.lib.XaeroLib/]: Loading XaeroLib server 2/2!
[04Oct2026 19:05:18.326] [main/INFO] [xaero.minimap.XaeroMinimap/]: Loading Xaero's Minimap - Stage 2/2 (Server)
[04Oct2026 19:05:18.423] [modloading-worker-0/INFO] [Jade/]: Start loading plugin at com.aetherteam.aether.integration.jade.AetherJadePlugin
[04Oct2026 19:05:18.429] [modloading-worker-0/INFO] [Jade/]: Start loading plugin at moze_intel.projecte.integration.jade.PEJadePlugin
[04Oct2026 19:05:18.429] [modloading-worker-0/INFO] [Jade/]: Start loading plugin at net.p3pp3rf1y.sophisticatedstorage.compat.jade.StorageJadePlugin
[04Oct2026 19:05:18.429] [modloading-worker-0/INFO] [Jade/]: Start loading plugin at dev.compactmods.machines.compat.jade.JadePlugin
[04Oct2026 19:05:18.430] [modloading-worker-0/INFO] [Jade/]: Start loading plugin at com.davenonymous.bonsaitrees3.compat.jade.BonsaiTreesWailaPlugin
[04Oct2026 19:05:18.431] [modloading-worker-0/INFO] [com.davenonymous.bonsaitrees3.compat.jade.BonsaiTreesWailaPlugin/]: Registering jade item storage:
[04Oct2026 19:05:18.431] [modloading-worker-0/INFO] [Jade/]: Start loading plugin at com.blakebr0.mysticalagriculture.compat.JadeCompat
[04Oct2026 19:05:18.432] [modloading-worker-0/INFO] [Jade/]: Start loading plugin at snownee.jade.addon.vanilla.VanillaPlugin
[04Oct2026 19:05:18.439] [modloading-worker-0/INFO] [Jade/]: Start loading plugin at snownee.jade.addon.universal.UniversalPlugin
[04Oct2026 19:05:18.441] [modloading-worker-0/INFO] [Jade/]: Start loading plugin at snownee.jade.addon.core.CorePlugin
[04Oct2026 19:05:18.443] [modloading-worker-0/INFO] [Jade/]: Start loading plugin at com.samir.jadesophbackpacks.JadeIntegration
[04Oct2026 19:05:18.443] [modloading-worker-0/INFO] [Jade/]: Start loading plugin at de.maxhenkel.easyvillagers.integration.waila.PluginEasyVillagers
[04Oct2026 19:05:18.676] [main/INFO] [com.mojang.authlib.yggdrasil.YggdrasilAuthenticationService/]: Environment: authHost='https://authserver.mojang.com', accountsHost='https://api.mojang.com', sessionHost='https://sessionserver.mojang.com', servicesHost='https://api.minecraftservices.com', name='PROD'
[04Oct2026 19:05:18.677] [Thread-0/INFO] [ModernFix/]: Please use /mfsrc to reload any changed mod config files
[04Oct2026 19:05:18.838] [Forge Version Check/INFO] [net.minecraftforge.fml.VersionChecker/]: [controlling] Found status: BETA Current: 12.0.2 Target: 12.0.2
[04Oct2026 19:05:18.839] [Forge Version Check/INFO] [net.minecraftforge.fml.VersionChecker/]: [bookshelf] Starting version check at https://updates.blamejared.com/get?n=bookshelf&gv=1.20.1
[04Oct2026 19:05:18.877] [main/WARN] [net.minecraft.server.packs.VanillaPackResourcesBuilder/]: Assets URL 'union:/Users/caden/A.Developer/JuniorMC/SERVER/libraries/net/minecraft/server/1.20.1-20230612.114412/server-1.20.1-20230612.114412-srg.jar%23271!/assets/.mcassetsroot' uses unexpected schema
[04Oct2026 19:05:18.878] [main/WARN] [net.minecraft.server.packs.VanillaPackResourcesBuilder/]: Assets URL 'union:/Users/caden/A.Developer/JuniorMC/SERVER/libraries/net/minecraft/server/1.20.1-20230612.114412/server-1.20.1-20230612.114412-srg.jar%23271!/data/.mcassetsroot' uses unexpected schema
[04Oct2026 19:05:18.946] [main/INFO] [net.minecraft.server.MinecraftServer/]: Found new data pack builtin/aether_accessories, loading it automatically
[04Oct2026 19:05:19.009] [Forge Version Check/INFO] [net.minecraftforge.fml.VersionChecker/]: [bookshelf] Found status: BETA Current: 20.2.15 Target: 20.2.15
[04Oct2026 19:05:19.009] [Forge Version Check/INFO] [net.minecraftforge.fml.VersionChecker/]: [advancementplaques] Starting version check at https://mc-update-check.anthonyhilyard.com/499826
[04Oct2026 19:05:19.917] [main/INFO] [com.sk89q.worldedit.extension.platform.PlatformCommandManager/]: Registering commands with com.sk89q.worldedit.forge.ForgePlatform
[04Oct2026 19:05:19.971] [main/INFO] [sfiomn.legendarytabs.LegendaryTabs/]: Registering TabDataLoader as server datapack reload listener
[04Oct2026 19:05:19.972] [main/INFO] [sfiomn.legendarytabs.LegendaryTabs/]: TabDataLoader constructor called
[04Oct2026 19:05:19.973] [main/INFO] [com.github.alexthe666.alexsmobs.AlexsMobs/]: Adding datapack listener capsid_recipes
[04Oct2026 19:05:20.124] [Worker-Main-5/WARN] [AlmostUnified/]: Creating config: unify
[04Oct2026 19:05:20.129] [Worker-Main-5/WARN] [AlmostUnified/]: Creating config: duplicates
[04Oct2026 19:05:20.133] [Worker-Main-5/WARN] [AlmostUnified/]: Creating config: debug
[04Oct2026 19:05:20.136] [Worker-Main-5/WARN] [AlmostUnified/]: The following tags are invalid and will be ignored: [forge:plates/bitumen, forge:gems/aluminum, forge:plates/brass, forge:wires/apatite, forge:rods/enderium, forge:gears/coal, forge:storage_blocks/raw_invar, forge:dusts/ruby, forge:storage_blocks/raw_lapis, forge:ingots/cinnabar, forge:gems/apatite, forge:nuggets/apatite, forge:nuggets/platinum, forge:gems/enderium, forge:storage_blocks/constantan, forge:gears/charcoal, forge:raw_materials/tin, forge:ingots/chrome, forge:rods/peridot, forge:dusts/fluorite, forge:storage_blocks/mithril, forge:gems/elementium, forge:rods/potassium_nitrate, forge:gems/sapphire, forge:ores/bitumen, forge:rods/sapphire, forge:gems/ruby, forge:rods/fluorite, forge:plates/obsidian, forge:dusts/sapphire, forge:gears/chrome, forge:raw_materials/graphite, forge:ores/elementium, forge:dusts/enderium, forge:gems/aeternium, forge:dusts/elementium, forge:wires/lead, forge:storage_blocks/raw_uranium, forge:raw_materials/platinum, forge:dusts/aeternium, forge:gems/steel, forge:raw_materials/lumium, forge:wires/coal_coke, forge:wires/electrum, forge:rods/iridium, forge:gems/amber, forge:rods/obsidian, forge:nuggets/lapis, forge:wires/charcoal, forge:ingots/peridot, forge:ores/graphite, forge:gears/ruby, forge:rods/aluminum, forge:gems/obsidian, forge:nuggets/zinc, forge:gears/coal_coke, forge:raw_materials/emerald, forge:storage_blocks/raw_cobalt, forge:storage_blocks/bronze, forge:nuggets/sapphire, forge:storage_blocks/aeternium, forge:gems/lumium, forge:plates/fluorite, forge:plates/chrome, forge:rods/uranium, forge:plates/elementium, forge:ingots/aluminum, forge:ores/aeternium, forge:dusts/nickel, forge:gems/cinnabar, forge:storage_blocks/charcoal, forge:plates/sapphire, forge:nuggets/invar, forge:ingots/constantan, forge:ingots/tungsten, forge:dusts/cinnabar, forge:gears/sulfur, forge:ingots/enderium, forge:plates/lead, forge:storage_blocks/raw_nickel, forge:ores/mithril, forge:wires/signalum, forge:storage_blocks/raw_peridot, forge:raw_materials/diamond, forge:plates/aluminum, forge:rods/copper, forge:gems/fluorite, forge:ingots/diamond, forge:storage_blocks/electrum, forge:plates/lumium, forge:plates/signalum, forge:raw_materials/peridot, forge:plates/bronze, forge:plates/coal_coke, forge:dusts/graphite, forge:gems/chrome, forge:ingots/mithril, forge:storage_blocks/raw_coal_coke, forge:wires/lumium, forge:storage_blocks/raw_osmium, forge:raw_materials/netherite, forge:storage_blocks/signalum, forge:gems/platinum, forge:plates/cinnabar, forge:plates/enderium, forge:storage_blocks/zinc, forge:raw_materials/enderium, forge:dusts/aluminum, forge:gears/iridium, forge:rods/emerald, forge:dusts/netherite, forge:storage_blocks/raw_silver, forge:ores/ruby, forge:storage_blocks/raw_apatite, forge:storage_blocks/raw_emerald, forge:gears/tungsten, forge:raw_materials/uranium, forge:raw_materials/aluminum, forge:nuggets/fluorite, forge:ores/apatite, forge:nuggets/obsidian, forge:plates/platinum, forge:dusts/iron, forge:dusts/osmium, forge:plates/sulfur, forge:gears/obsidian, forge:raw_materials/sulfur, forge:gems/copper, forge:storage_blocks/lumium, forge:dusts/cobalt, forge:wires/bitumen, forge:nuggets/brass, forge:nuggets/tin, forge:ores/bronze, forge:rods/mithril, forge:storage_blocks/iridium, forge:storage_blocks/raw_platinum, forge:storage_blocks/peridot, forge:ingots/tin, forge:wires/invar, forge:nuggets/bitumen, forge:rods/netherite, forge:gears/peridot, forge:ingots/charcoal, forge:wires/uranium, forge:nuggets/uranium, forge:storage_blocks/osmium, forge:storage_blocks/raw_sulfur, forge:gems/nickel, forge:rods/tungsten, forge:dusts/constantan, forge:storage_blocks/raw_zinc, forge:dusts/tungsten, forge:storage_blocks/amber, forge:ores/constantan, forge:plates/apatite, forge:nuggets/nickel, forge:ingots/bitumen, forge:ingots/elementium, forge:raw_materials/lead, forge:rods/graphite, forge:wires/chrome, forge:gems/graphite, forge:ores/zinc, forge:storage_blocks/raw_graphite, forge:storage_blocks/raw_tin, forge:raw_materials/sapphire, forge:rods/ruby, forge:nuggets/aeternium, forge:rods/brass, forge:ores/electrum, forge:rods/coal_coke, forge:storage_blocks/coal_coke, forge:nuggets/sulfur, forge:gears/aluminum, forge:wires/gold, forge:ingots/coal, forge:wires/lapis, forge:nuggets/cinnabar, forge:storage_blocks/chrome, forge:raw_materials/mithril, forge:storage_blocks/silver, forge:storage_blocks/tin, forge:gears/enderium, forge:plates/zinc, forge:gems/bitumen, forge:storage_blocks/raw_iridium, forge:raw_materials/bitumen, forge:plates/netherite, forge:raw_materials/chrome, forge:rods/cinnabar, forge:wires/peridot, forge:rods/amber, forge:nuggets/ruby, forge:wires/tin, forge:gears/sapphire, forge:rods/coal, forge:storage_blocks/bitumen, forge:dusts/obsidian, forge:plates/aeternium, forge:dusts/diamond, forge:gears/bronze, forge:storage_blocks/ruby, forge:nuggets/peridot, forge:wires/amber, forge:storage_blocks/raw_aeternium, forge:ores/cinnabar, forge:ores/platinum, forge:plates/tin, forge:dusts/charcoal, forge:nuggets/osmium, forge:rods/cobalt, forge:ingots/iridium, forge:ingots/cobalt, forge:ingots/emerald, forge:gears/tin, forge:raw_materials/fluorite, forge:dusts/zinc, forge:storage_blocks/uranium, forge:plates/gold, forge:wires/sulfur, forge:storage_blocks/raw_electrum, forge:nuggets/elementium, forge:dusts/copper, forge:wires/iron, forge:ingots/sapphire, forge:ingots/fluorite, forge:wires/mithril, forge:nuggets/constantan, forge:gems/lead, forge:raw_materials/charcoal, forge:dusts/steel, forge:raw_materials/obsidian, forge:ingots/zinc, forge:gears/steel, forge:ingots/bronze, forge:nuggets/coal, forge:gems/tungsten, forge:raw_materials/iridium, forge:raw_materials/steel, forge:rods/bronze, forge:gears/potassium_nitrate, forge:nuggets/chrome, forge:storage_blocks/raw_brass, forge:rods/platinum, forge:storage_blocks/raw_mithril, forge:dusts/coal, forge:ingots/aeternium, forge:plates/diamond, forge:storage_blocks/sulfur, forge:gears/constantan, forge:gears/fluorite, forge:nuggets/tungsten, forge:nuggets/graphite, forge:gems/iridium, forge:rods/bitumen, forge:storage_blocks/raw_signalum, forge:ingots/obsidian, forge:rods/signalum, forge:nuggets/lumium, forge:gears/elementium, forge:gears/lead, forge:gears/uranium, forge:ingots/nickel, forge:wires/zinc, forge:storage_blocks/raw_bitumen, forge:plates/ruby, forge:nuggets/charcoal, forge:raw_materials/signalum, forge:rods/aeternium, forge:storage_blocks/sapphire, forge:nuggets/silver, forge:storage_blocks/raw_potassium_nitrate, forge:plates/osmium, forge:storage_blocks/fluorite, forge:ores/steel, forge:rods/zinc, forge:ores/tungsten, forge:nuggets/coal_coke, forge:rods/invar, forge:rods/lapis, forge:raw_materials/cobalt, forge:storage_blocks/raw_cinnabar, forge:ingots/apatite, forge:ores/silver, forge:rods/electrum, forge:plates/cobalt, forge:nuggets/potassium_nitrate, forge:dusts/brass, forge:ores/signalum, forge:gears/platinum, forge:wires/netherite, forge:wires/brass, forge:nuggets/amber, forge:gems/electrum, forge:nuggets/lead, forge:dusts/sulfur, forge:ores/uranium, forge:raw_materials/osmium, forge:ores/amber, forge:raw_materials/coal_coke, forge:plates/uranium, forge:raw_materials/apatite, forge:gears/bitumen, forge:storage_blocks/raw_netherite, forge:storage_blocks/aluminum, forge:raw_materials/tungsten, forge:rods/elementium, forge:gears/invar, forge:gears/cobalt, forge:plates/electrum, forge:nuggets/cobalt, forge:gears/mithril, forge:gears/aeternium, forge:raw_materials/brass, forge:storage_blocks/enderium, forge:storage_blocks/raw_obsidian, forge:plates/constantan, forge:wires/fluorite, forge:raw_materials/silver, forge:wires/sapphire, forge:nuggets/diamond, forge:storage_blocks/raw_aluminum, forge:ores/iridium, forge:wires/coal, forge:gems/mithril, forge:wires/iridium, forge:storage_blocks/obsidian, forge:ingots/invar, forge:raw_materials/nickel, forge:nuggets/iridium, forge:plates/nickel, forge:wires/graphite, forge:nuggets/mithril, forge:gems/cobalt, forge:ingots/lapis, forge:gears/netherite, forge:ores/obsidian, forge:storage_blocks/raw_coal, forge:dusts/coal_coke, forge:ingots/ruby, forge:storage_blocks/apatite, forge:dusts/invar, forge:ingots/coal_coke, forge:gems/osmium, forge:gems/charcoal, forge:storage_blocks/potassium_nitrate, forge:wires/bronze, forge:storage_blocks/nickel, forge:storage_blocks/raw_steel, forge:dusts/silver, forge:dusts/apatite, forge:plates/iridium, forge:wires/platinum, forge:storage_blocks/raw_tungsten, forge:wires/silver, forge:ingots/graphite, forge:gears/copper, forge:gems/peridot, forge:dusts/chrome, forge:storage_blocks/raw_amber, forge:dusts/bronze, forge:ores/cobalt, forge:storage_blocks/platinum, forge:nuggets/signalum, forge:gems/gold, forge:ores/tin, forge:wires/aluminum, forge:wires/cinnabar, forge:gears/graphite, forge:rods/gold, forge:ingots/brass, forge:plates/coal, forge:storage_blocks/raw_ruby, forge:storage_blocks/raw_chrome, forge:storage_blocks/invar, forge:plates/emerald, forge:wires/ruby, forge:plates/silver, forge:dusts/lumium, forge:dusts/emerald, forge:wires/osmium, forge:raw_materials/cinnabar, forge:plates/potassium_nitrate, forge:storage_blocks/raw_lumium, forge:ores/sulfur, forge:storage_blocks/brass, forge:dusts/gold, forge:rods/apatite, forge:storage_blocks/lead, forge:gems/bronze, forge:gems/uranium, forge:gems/silver, forge:wires/enderium, forge:gems/signalum, forge:gears/gold, forge:nuggets/electrum, forge:raw_materials/electrum, forge:rods/chrome, forge:ingots/lead, forge:rods/nickel, forge:storage_blocks/raw_charcoal, forge:raw_materials/potassium_nitrate, forge:storage_blocks/tungsten, forge:rods/constantan, forge:ores/enderium, forge:wires/nickel, forge:wires/potassium_nitrate, forge:storage_blocks/cobalt, forge:gears/brass, forge:ores/sapphire, forge:storage_blocks/raw_bronze, forge:nuggets/bronze, forge:gems/constantan, forge:gems/brass, forge:ores/aluminum, forge:gems/iron, forge:nuggets/emerald, forge:ingots/uranium, forge:plates/amber, forge:gems/netherite, forge:rods/tin, forge:wires/emerald, forge:storage_blocks/elementium, forge:storage_blocks/raw_diamond, forge:gems/zinc, forge:ores/invar, forge:ingots/platinum, forge:rods/lumium, forge:storage_blocks/raw_lead, forge:ores/coal_coke, forge:gems/sulfur, forge:wires/cobalt, forge:ores/chrome, forge:dusts/peridot, forge:dusts/iridium, forge:wires/aeternium, forge:storage_blocks/cinnabar, forge:gears/iron, forge:ores/fluorite, forge:plates/graphite, forge:raw_materials/invar, forge:raw_materials/zinc, forge:ores/lead, forge:dusts/signalum, forge:plates/peridot, forge:nuggets/enderium, forge:wires/elementium, forge:ingots/signalum, forge:rods/osmium, forge:ingots/amber, forge:gears/cinnabar, forge:raw_materials/bronze, forge:plates/charcoal, forge:dusts/platinum, forge:gears/emerald, forge:wires/tungsten, forge:ores/charcoal, forge:dusts/uranium, forge:rods/sulfur, forge:plates/tungsten, forge:rods/diamond, forge:wires/constantan, forge:gears/diamond, forge:ingots/osmium, forge:raw_materials/aeternium, forge:gears/zinc, forge:dusts/lead, forge:storage_blocks/raw_sapphire, forge:storage_blocks/raw_enderium, forge:gears/silver, forge:gems/invar, forge:ingots/sulfur, forge:ores/peridot, forge:ores/brass, forge:storage_blocks/raw_fluorite, forge:gears/apatite, forge:gears/lapis, forge:wires/obsidian, forge:dusts/lapis, forge:ores/potassium_nitrate, forge:rods/charcoal, forge:gems/tin, forge:ingots/lumium, forge:plates/invar, forge:raw_materials/ruby, forge:nuggets/aluminum, forge:wires/copper, forge:ingots/electrum, forge:dusts/tin, forge:gems/potassium_nitrate, forge:ores/lumium, forge:wires/steel, forge:gems/coal_coke, forge:ores/netherite, forge:gears/osmium, forge:rods/silver, forge:dusts/electrum, forge:raw_materials/elementium, forge:dusts/bitumen, forge:plates/copper, forge:gears/electrum, forge:ingots/silver, forge:storage_blocks/raw_elementium, forge:gears/signalum, forge:raw_materials/amber, forge:gears/nickel, forge:rods/lead, forge:storage_blocks/graphite, forge:storage_blocks/raw_constantan, forge:ores/osmium, forge:ingots/potassium_nitrate, forge:raw_materials/lapis, forge:raw_materials/constantan, forge:plates/mithril, forge:dusts/amber, forge:gears/lumium, forge:raw_materials/coal, forge:wires/diamond, forge:gems/coal, forge:dusts/potassium_nitrate, forge:ores/nickel, forge:gears/amber, forge:plates/lapis, forge:dusts/mithril]
[04Oct2026 19:05:20.407] [Worker-Main-8/ERROR] [net.minecraftforge.common.ForgeHooks/]: Couldn't parse element loot_tables:naturalist:entities/tortoise
com.google.gson.JsonSyntaxException: Expected name to be an item, was unknown string 'minecraft:turtle_scute'
	at net.minecraft.util.GsonHelper.m_13866_(GsonHelper.java:145) ~[server-1.20.1-20230612.114412-srg.jar%23271!/:?]
	at java.util.Optional.orElseThrow(Optional.java:403) ~[?:?]
	at net.minecraft.util.GsonHelper.m_13874_(GsonHelper.java:145) ~[server-1.20.1-20230612.114412-srg.jar%23271!/:?]
	at net.minecraft.util.GsonHelper.m_13909_(GsonHelper.java:153) ~[server-1.20.1-20230612.114412-srg.jar%23271!/:?]
	at net.minecraft.world.level.storage.loot.entries.LootItem$Serializer.m_7267_(LootItem.java:55) ~[server-1.20.1-20230612.114412-srg.jar%23271!/:?]
	at net.minecraft.world.level.storage.loot.entries.LootItem$Serializer.m_7267_(LootItem.java:40) ~[server-1.20.1-20230612.114412-srg.jar%23271!/:?]
	at net.minecraft.world.level.storage.loot.entries.LootPoolSingletonContainer$Serializer.m_5921_(LootPoolSingletonContainer.java:151) ~[server-1.20.1-20230612.114412-srg.jar%23271!/:?]
	at net.minecraft.world.level.storage.loot.entries.LootPoolSingletonContainer$Serializer.m_5921_(LootPoolSingletonContainer.java:129) ~[server-1.20.1-20230612.114412-srg.jar%23271!/:?]
	at net.minecraft.world.level.storage.loot.entries.LootPoolEntryContainer$Serializer.m_7561_(LootPoolEntryContainer.java:86) ~[server-1.20.1-20230612.114412-srg.jar%23271!/:?]
	at net.minecraft.world.level.storage.loot.entries.LootPoolEntryContainer$Serializer.m_7561_(LootPoolEntryContainer.java:74) ~[server-1.20.1-20230612.114412-srg.jar%23271!/:?]
	at net.minecraft.world.level.storage.loot.GsonAdapterFactory$JsonAdapter.deserialize(GsonAdapterFactory.java:102) ~[server-1.20.1-20230612.114412-srg.jar%23271!/:?]
	at com.google.gson.internal.bind.TreeTypeAdapter.read(TreeTypeAdapter.java:76) ~[gson-2.10.jar%2372!/:?]
	at com.google.gson.internal.bind.TypeAdapterRuntimeTypeWrapper.read(TypeAdapterRuntimeTypeWrapper.java:40) ~[gson-2.10.jar%2372!/:?]
	at com.google.gson.internal.bind.ArrayTypeAdapter.read(ArrayTypeAdapter.java:72) ~[gson-2.10.jar%2372!/:?]
	at com.google.gson.Gson.fromJson(Gson.java:1214) ~[gson-2.10.jar%2372!/:?]
	at com.google.gson.Gson.fromJson(Gson.java:1319) ~[gson-2.10.jar%2372!/:?]
	at com.google.gson.Gson.fromJson(Gson.java:1290) ~[gson-2.10.jar%2372!/:?]
	at com.google.gson.internal.bind.TreeTypeAdapter$GsonContextImpl.deserialize(TreeTypeAdapter.java:179) ~[gson-2.10.jar%2372!/:?]
	at net.minecraft.util.GsonHelper.m_13808_(GsonHelper.java:463) ~[server-1.20.1-20230612.114412-srg.jar%23271!/:?]
	at net.minecraft.util.GsonHelper.m_13836_(GsonHelper.java:471) ~[server-1.20.1-20230612.114412-srg.jar%23271!/:?]
	at net.minecraft.world.level.storage.loot.LootPool$Serializer.deserialize(LootPool.java:192) ~[server-1.20.1-20230612.114412-srg.jar%23271!/:?]
	at net.minecraft.world.level.storage.loot.LootPool$Serializer.deserialize(LootPool.java:189) ~[server-1.20.1-20230612.114412-srg.jar%23271!/:?]
	at com.google.gson.internal.bind.TreeTypeAdapter.read(TreeTypeAdapter.java:76) ~[gson-2.10.jar%2372!/:?]
	at com.google.gson.internal.bind.TypeAdapterRuntimeTypeWrapper.read(TypeAdapterRuntimeTypeWrapper.java:40) ~[gson-2.10.jar%2372!/:?]
	at com.google.gson.internal.bind.ArrayTypeAdapter.read(ArrayTypeAdapter.java:72) ~[gson-2.10.jar%2372!/:?]
	at com.google.gson.Gson.fromJson(Gson.java:1214) ~[gson-2.10.jar%2372!/:?]
	at com.google.gson.Gson.fromJson(Gson.java:1319) ~[gson-2.10.jar%2372!/:?]
	at com.google.gson.Gson.fromJson(Gson.java:1290) ~[gson-2.10.jar%2372!/:?]
	at com.google.gson.internal.bind.TreeTypeAdapter$GsonContextImpl.deserialize(TreeTypeAdapter.java:179) ~[gson-2.10.jar%2372!/:?]
	at net.minecraft.util.GsonHelper.m_13808_(GsonHelper.java:463) ~[server-1.20.1-20230612.114412-srg.jar%23271!/:?]
	at net.minecraft.util.GsonHelper.m_13845_(GsonHelper.java:481) ~[server-1.20.1-20230612.114412-srg.jar%23271!/:?]
	at net.minecraft.world.level.storage.loot.LootTable$Serializer.deserialize(LootTable.java:294) ~[server-1.20.1-20230612.114412-srg.jar%23271!/:?]
	at net.minecraft.world.level.storage.loot.LootTable$Serializer.deserialize(LootTable.java:291) ~[server-1.20.1-20230612.114412-srg.jar%23271!/:?]
	at com.google.gson.internal.bind.TreeTypeAdapter.read(TreeTypeAdapter.java:76) ~[gson-2.10.jar%2372!/:?]
	at com.google.gson.Gson.fromJson(Gson.java:1214) ~[gson-2.10.jar%2372!/:?]
	at com.google.gson.Gson.fromJson(Gson.java:1319) ~[gson-2.10.jar%2372!/:?]
	at com.google.gson.Gson.fromJson(Gson.java:1261) ~[gson-2.10.jar%2372!/:?]
	at net.minecraftforge.common.ForgeHooks.loadLootTable(ForgeHooks.java:872) ~[forge-1.20.1-47.4.10-universal.jar%23276!/:?]
	at net.minecraftforge.common.ForgeHooks.lambda$getLootTableDeserializer$3(ForgeHooks.java:849) ~[forge-1.20.1-47.4.10-universal.jar%23276!/:?]
	at net.minecraft.world.level.storage.loot.LootDataType.deserialize(LootDataType.java:45) ~[server-1.20.1-20230612.114412-srg.jar%23271!/:?]
	at net.minecraft.world.level.storage.loot.LootDataManager.lambda$scheduleElementParse$4(LootDataManager.java:56) ~[server-1.20.1-20230612.114412-srg.jar%23271!/:?]
	at java.util.HashMap.forEach(HashMap.java:1421) ~[?:?]
	at net.minecraft.world.level.storage.loot.LootDataManager.m_278660_(LootDataManager.java:55) ~[server-1.20.1-20230612.114412-srg.jar%23271!/:?]
	at java.util.concurrent.CompletableFuture$AsyncRun.run(CompletableFuture.java:1804) ~[?:?]
	at java.util.concurrent.CompletableFuture$AsyncRun.exec(CompletableFuture.java:1796) ~[?:?]
	at java.util.concurrent.ForkJoinTask.doExec(ForkJoinTask.java:373) ~[?:?]
	at java.util.concurrent.ForkJoinPool$WorkQueue.topLevelExec(ForkJoinPool.java:1182) ~[?:?]
	at java.util.concurrent.ForkJoinPool.scan(ForkJoinPool.java:1655) ~[?:?]
	at java.util.concurrent.ForkJoinPool.runWorker(ForkJoinPool.java:1622) ~[?:?]
	at java.util.concurrent.ForkJoinWorkerThread.run(ForkJoinWorkerThread.java:165) ~[?:?]
[04Oct2026 19:05:20.478] [main/WARN] [AlmostUnified/]: Recipe count: 7468
[04Oct2026 19:05:20.647] [main/WARN] [AlmostUnified/]: Recipe count afterwards: 7402 (done in 168.5 ms)
[04Oct2026 19:05:20.648] [main/INFO] [Cucumber Library/]: Registered 0 recipes in 0 ms
[04Oct2026 19:05:20.747] [main/INFO] [net.minecraft.world.item.crafting.RecipeManager/]: Skipping loading recipe mob_grinding_utils:beheading/drowned as it's serializer returned null
[04Oct2026 19:05:20.749] [main/INFO] [net.minecraft.world.item.crafting.RecipeManager/]: Skipping loading recipe mob_grinding_utils:beheading/piglin as it's serializer returned null
[04Oct2026 19:05:20.768] [main/INFO] [net.minecraft.world.item.crafting.RecipeManager/]: Skipping loading recipe mob_grinding_utils:beheading/zombified_piglin_brute as it's serializer returned null
[04Oct2026 19:05:20.776] [main/ERROR] [net.minecraft.world.item.crafting.RecipeManager/]: Parsing error loading recipe buildinggadgets2:my_book_recipe_shapeless: com.google.gson.JsonSyntaxException: Invalid or unsupported recipe type 'patchouli:shapeless_book_recipe'
[04Oct2026 19:05:20.825] [main/INFO] [net.minecraft.world.item.crafting.RecipeManager/]: Skipping loading recipe projecte:tome as it's serializer returned null
[04Oct2026 19:05:20.834] [main/INFO] [net.minecraft.world.item.crafting.RecipeManager/]: Skipping loading recipe mob_grinding_utils:beheading/cave_spider as it's serializer returned null
[04Oct2026 19:05:20.842] [main/INFO] [net.minecraft.world.item.crafting.RecipeManager/]: Skipping loading recipe mob_grinding_utils:beheading/spider as it's serializer returned null
[04Oct2026 19:05:20.880] [main/ERROR] [net.minecraft.world.item.crafting.RecipeManager/]: Parsing error loading recipe bonsaitrees3:book_of_trees: com.google.gson.JsonSyntaxException: Invalid or unsupported recipe type 'patchouli:shapeless_book_recipe'
[04Oct2026 19:05:20.895] [main/INFO] [net.minecraft.world.item.crafting.RecipeManager/]: Skipping loading recipe mob_grinding_utils:beheading/blaze as it's serializer returned null
[04Oct2026 19:05:20.895] [main/INFO] [net.minecraft.world.item.crafting.RecipeManager/]: Skipping loading recipe mob_grinding_utils:beheading/piglin_brute as it's serializer returned null
[04Oct2026 19:05:20.904] [main/INFO] [net.minecraft.world.item.crafting.RecipeManager/]: Skipping loading recipe projecte:tome_alt as it's serializer returned null
[04Oct2026 19:05:20.922] [main/INFO] [net.minecraft.world.item.crafting.RecipeManager/]: Skipping loading recipe mob_grinding_utils:beheading/enderman as it's serializer returned null
[04Oct2026 19:05:20.945] [main/INFO] [net.minecraft.world.item.crafting.RecipeManager/]: Skipping loading recipe mob_grinding_utils:beheading/husk as it's serializer returned null
[04Oct2026 19:05:20.986] [main/INFO] [net.minecraft.world.item.crafting.RecipeManager/]: Loaded 50 recipes
[04Oct2026 19:05:21.087] [main/INFO] [net.minecraft.advancements.AdvancementList/]: Loaded 3633 advancements
[04Oct2026 19:05:21.093] [main/INFO] [placebo/]: Registered 0 additional recipes.
[04Oct2026 19:05:21.097] [main/INFO] [top.theillusivec4.curios.Curios/]: Loaded 19 curio slots
[04Oct2026 19:05:21.099] [main/INFO] [top.theillusivec4.curios.Curios/]: Loaded 13 curio entities
[04Oct2026 19:05:21.100] [main/INFO] [sfiomn.legendarytabs.LegendaryTabs/]: TabDataLoader.apply() called with 18 preparations
[04Oct2026 19:05:21.103] [main/INFO] [sfiomn.legendarytabs.LegendaryTabs/]: Loaded tab data: epic_fight
[04Oct2026 19:05:21.103] [main/INFO] [sfiomn.legendarytabs.LegendaryTabs/]: Loaded tab data: jobsplus
[04Oct2026 19:05:21.104] [main/INFO] [sfiomn.legendarytabs.LegendaryTabs/]: Loaded tab data: travelers_backpack
[04Oct2026 19:05:21.104] [main/INFO] [sfiomn.legendarytabs.LegendaryTabs/]: Loaded tab data: body_damage
[04Oct2026 19:05:21.104] [main/INFO] [sfiomn.legendarytabs.LegendaryTabs/]: Loaded tab data: ftb_quests
[04Oct2026 19:05:21.104] [main/INFO] [sfiomn.legendarytabs.LegendaryTabs/]: Loaded tab data: backpacked
[04Oct2026 19:05:21.105] [main/INFO] [sfiomn.legendarytabs.LegendaryTabs/]: Loaded tab data: passive_skill_tree
[04Oct2026 19:05:21.105] [main/INFO] [sfiomn.legendarytabs.LegendaryTabs/]: Loaded tab data: diet
[04Oct2026 19:05:21.105] [main/INFO] [sfiomn.legendarytabs.LegendaryTabs/]: Loaded tab data: sophisticated_backpacks
[04Oct2026 19:05:21.105] [main/INFO] [sfiomn.legendarytabs.LegendaryTabs/]: Loaded tab data: pufferfish_skills
[04Oct2026 19:05:21.105] [main/INFO] [sfiomn.legendarytabs.LegendaryTabs/]: Loaded tab data: ftb_teams
[04Oct2026 19:05:21.105] [main/INFO] [sfiomn.legendarytabs.LegendaryTabs/]: Loaded tab data: journey_map
[04Oct2026 19:05:21.105] [main/INFO] [sfiomn.legendarytabs.LegendaryTabs/]: Loaded tab data: reskillable_reimagined
[04Oct2026 19:05:21.105] [main/INFO] [sfiomn.legendarytabs.LegendaryTabs/]: Loaded tab data: reskillable
[04Oct2026 19:05:21.105] [main/INFO] [sfiomn.legendarytabs.LegendaryTabs/]: Loaded tab data: xaeros_map
[04Oct2026 19:05:21.105] [main/INFO] [sfiomn.legendarytabs.LegendaryTabs/]: Loaded tab data: map_atlases
[04Oct2026 19:05:21.106] [main/INFO] [sfiomn.legendarytabs.LegendaryTabs/]: Loaded tab data: advancements
[04Oct2026 19:05:21.106] [main/INFO] [sfiomn.legendarytabs.LegendaryTabs/]: Loaded tab data: epic_fight_skill_tree
[04Oct2026 19:05:21.106] [main/INFO] [sfiomn.legendarytabs.LegendaryTabs/]: Loaded 18 tab configurations
[04Oct2026 19:05:21.121] [main/WARN] [net.minecraftforge.common.loot.LootModifierManager/]: Unable to decode loot conditions
com.google.gson.JsonSyntaxException: Unknown type 'minecraft:alternatives'
	at net.minecraft.world.level.storage.loot.GsonAdapterFactory$JsonAdapter.deserialize(GsonAdapterFactory.java:99) ~[server-1.20.1-20230612.114412-srg.jar%23271!/:?]
	at com.google.gson.internal.bind.TreeTypeAdapter.read(TreeTypeAdapter.java:76) ~[gson-2.10.jar%2372!/:?]
	at com.google.gson.internal.bind.TypeAdapterRuntimeTypeWrapper.read(TypeAdapterRuntimeTypeWrapper.java:40) ~[gson-2.10.jar%2372!/:?]
	at com.google.gson.internal.bind.ArrayTypeAdapter.read(ArrayTypeAdapter.java:72) ~[gson-2.10.jar%2372!/:?]
	at com.google.gson.Gson.fromJson(Gson.java:1214) ~[gson-2.10.jar%2372!/:?]
	at com.google.gson.Gson.fromJson(Gson.java:1319) ~[gson-2.10.jar%2372!/:?]
	at com.google.gson.Gson.fromJson(Gson.java:1261) ~[gson-2.10.jar%2372!/:?]
	at net.minecraftforge.common.loot.IGlobalLootModifier.lambda$static$1(IGlobalLootModifier.java:39) ~[forge-1.20.1-47.4.10-universal.jar%23276!/:?]
	at com.mojang.serialization.Decoder$1.lambda$decode$1(Decoder.java:49) ~[datafixerupper-6.0.8.jar%2377!/:?]
	at com.mojang.serialization.DataResult.lambda$flatMap$11(DataResult.java:139) ~[datafixerupper-6.0.8.jar%2377!/:?]
	at com.mojang.datafixers.util.Either$Left.map(Either.java:38) ~[datafixerupper-6.0.8.jar%2377!/:?]
	at com.mojang.serialization.DataResult.flatMap(DataResult.java:137) ~[datafixerupper-6.0.8.jar%2377!/:?]
	at com.mojang.serialization.Decoder$1.decode(Decoder.java:49) ~[datafixerupper-6.0.8.jar%2377!/:?]
	at com.mojang.serialization.Codec$2.decode(Codec.java:71) ~[datafixerupper-6.0.8.jar%2377!/:?]
	at com.mojang.serialization.Decoder.parse(Decoder.java:18) ~[datafixerupper-6.0.8.jar%2377!/:?]
	at com.mojang.serialization.codecs.FieldDecoder.decode(FieldDecoder.java:29) ~[datafixerupper-6.0.8.jar%2377!/:?]
	at com.mojang.serialization.MapCodec$1.decode(MapCodec.java:34) ~[datafixerupper-6.0.8.jar%2377!/:?]
	at com.mojang.serialization.codecs.RecordCodecBuilder$Instance$5.decode(RecordCodecBuilder.java:323) ~[datafixerupper-6.0.8.jar%2377!/:?]
	at com.mojang.serialization.codecs.RecordCodecBuilder$2.decode(RecordCodecBuilder.java:107) ~[datafixerupper-6.0.8.jar%2377!/:?]
	at com.mojang.serialization.codecs.KeyDispatchCodec.lambda$decode$3(KeyDispatchCodec.java:67) ~[datafixerupper-6.0.8.jar%2377!/:?]
	at com.mojang.serialization.DataResult.lambda$flatMap$11(DataResult.java:139) ~[datafixerupper-6.0.8.jar%2377!/:?]
	at com.mojang.datafixers.util.Either$Left.map(Either.java:38) ~[datafixerupper-6.0.8.jar%2377!/:?]
	at com.mojang.serialization.DataResult.flatMap(DataResult.java:137) ~[datafixerupper-6.0.8.jar%2377!/:?]
	at com.mojang.serialization.codecs.KeyDispatchCodec.lambda$decode$4(KeyDispatchCodec.java:58) ~[datafixerupper-6.0.8.jar%2377!/:?]
	at com.mojang.serialization.DataResult.lambda$flatMap$11(DataResult.java:139) ~[datafixerupper-6.0.8.jar%2377!/:?]
	at com.mojang.datafixers.util.Either$Left.map(Either.java:38) ~[datafixerupper-6.0.8.jar%2377!/:?]
	at com.mojang.serialization.DataResult.flatMap(DataResult.java:137) ~[datafixerupper-6.0.8.jar%2377!/:?]
	at com.mojang.serialization.codecs.KeyDispatchCodec.decode(KeyDispatchCodec.java:56) ~[datafixerupper-6.0.8.jar%2377!/:?]
	at com.mojang.serialization.MapDecoder.lambda$compressedDecode$1(MapDecoder.java:52) ~[datafixerupper-6.0.8.jar%2377!/:?]
	at com.mojang.serialization.DataResult.lambda$flatMap$11(DataResult.java:139) ~[datafixerupper-6.0.8.jar%2377!/:?]
	at com.mojang.datafixers.util.Either$Left.map(Either.java:38) ~[datafixerupper-6.0.8.jar%2377!/:?]
	at com.mojang.serialization.DataResult.flatMap(DataResult.java:137) ~[datafixerupper-6.0.8.jar%2377!/:?]
	at com.mojang.serialization.MapDecoder.compressedDecode(MapDecoder.java:52) ~[datafixerupper-6.0.8.jar%2377!/:?]
	at com.mojang.serialization.MapCodec$MapCodecCodec.decode(MapCodec.java:91) ~[datafixerupper-6.0.8.jar%2377!/:?]
	at com.mojang.serialization.Decoder.parse(Decoder.java:18) ~[datafixerupper-6.0.8.jar%2377!/:?]
	at net.minecraftforge.common.loot.LootModifierManager.apply(LootModifierManager.java:79) ~[forge-1.20.1-47.4.10-universal.jar%23276!/:?]
	at net.minecraftforge.common.loot.LootModifierManager.m_5787_(LootModifierManager.java:38) ~[forge-1.20.1-47.4.10-universal.jar%23276!/:?]
	at net.minecraft.server.packs.resources.SimplePreparableReloadListener.m_10789_(SimplePreparableReloadListener.java:13) ~[server-1.20.1-20230612.114412-srg.jar%23271!/:?]
	at java.util.concurrent.CompletableFuture$UniAccept.tryFire(CompletableFuture.java:718) ~[?:?]
	at java.util.concurrent.CompletableFuture$Completion.run(CompletableFuture.java:482) ~[?:?]
	at net.minecraft.server.packs.resources.SimpleReloadInstance.m_143940_(SimpleReloadInstance.java:69) ~[server-1.20.1-20230612.114412-srg.jar%23271!/:?]
	at net.minecraft.Util.m_214652_(Util.java:783) ~[server-1.20.1-20230612.114412-srg.jar%23271!/:?]
	at net.minecraft.Util.m_214679_(Util.java:772) ~[server-1.20.1-20230612.114412-srg.jar%23271!/:?]
	at net.minecraft.server.Main.main(Main.java:166) ~[server-1.20.1-20230612.114412-srg.jar%23271!/:?]
	at jdk.internal.reflect.NativeMethodAccessorImpl.invoke0(Native Method) ~[?:?]
	at jdk.internal.reflect.NativeMethodAccessorImpl.invoke(NativeMethodAccessorImpl.java:77) ~[?:?]
	at jdk.internal.reflect.DelegatingMethodAccessorImpl.invoke(DelegatingMethodAccessorImpl.java:43) ~[?:?]
	at java.lang.reflect.Method.invoke(Method.java:569) ~[?:?]
	at net.minecraftforge.fml.loading.targets.CommonLaunchHandler.runTarget(CommonLaunchHandler.java:111) ~[fmlloader-1.20.1-47.4.10.jar%2369!/:?]
	at net.minecraftforge.fml.loading.targets.CommonLaunchHandler.serverService(CommonLaunchHandler.java:103) ~[fmlloader-1.20.1-47.4.10.jar%2369!/:?]
	at net.minecraftforge.fml.loading.targets.CommonServerLaunchHandler.lambda$makeService$0(CommonServerLaunchHandler.java:27) ~[fmlloader-1.20.1-47.4.10.jar%2369!/:?]
	at cpw.mods.modlauncher.LaunchServiceHandlerDecorator.launch(LaunchServiceHandlerDecorator.java:30) ~[modlauncher-10.0.9.jar%2355!/:?]
	at cpw.mods.modlauncher.LaunchServiceHandler.launch(LaunchServiceHandler.java:53) ~[modlauncher-10.0.9.jar%2355!/:?]
	at cpw.mods.modlauncher.LaunchServiceHandler.launch(LaunchServiceHandler.java:71) ~[modlauncher-10.0.9.jar%2355!/:?]
	at cpw.mods.modlauncher.Launcher.run(Launcher.java:108) ~[modlauncher-10.0.9.jar%2355!/:?]
	at cpw.mods.modlauncher.Launcher.main(Launcher.java:78) ~[modlauncher-10.0.9.jar%2355!/:?]
	at cpw.mods.modlauncher.BootstrapLaunchConsumer.accept(BootstrapLaunchConsumer.java:26) ~[modlauncher-10.0.9.jar%2355!/:?]
	at cpw.mods.modlauncher.BootstrapLaunchConsumer.accept(BootstrapLaunchConsumer.java:23) ~[modlauncher-10.0.9.jar%2355!/:?]
	at cpw.mods.bootstraplauncher.BootstrapLauncher.main(BootstrapLauncher.java:141) ~[bootstraplauncher-1.1.2.jar:?]
[04Oct2026 19:05:21.124] [main/WARN] [net.minecraftforge.common.loot.LootModifierManager/]: Could not decode GlobalLootModifier with json id nethersdelight:chopping_leather - error: Unknown type 'minecraft:alternatives'
[04Oct2026 19:05:21.124] [main/WARN] [net.minecraftforge.common.loot.LootModifierManager/]: Unable to decode loot conditions
com.google.gson.JsonSyntaxException: Unknown type 'minecraft:alternative'
	at net.minecraft.world.level.storage.loot.GsonAdapterFactory$JsonAdapter.deserialize(GsonAdapterFactory.java:99) ~[server-1.20.1-20230612.114412-srg.jar%23271!/:?]
	at com.google.gson.internal.bind.TreeTypeAdapter.read(TreeTypeAdapter.java:76) ~[gson-2.10.jar%2372!/:?]
	at com.google.gson.internal.bind.TypeAdapterRuntimeTypeWrapper.read(TypeAdapterRuntimeTypeWrapper.java:40) ~[gson-2.10.jar%2372!/:?]
	at com.google.gson.internal.bind.ArrayTypeAdapter.read(ArrayTypeAdapter.java:72) ~[gson-2.10.jar%2372!/:?]
	at com.google.gson.Gson.fromJson(Gson.java:1214) ~[gson-2.10.jar%2372!/:?]
	at com.google.gson.Gson.fromJson(Gson.java:1319) ~[gson-2.10.jar%2372!/:?]
	at com.google.gson.Gson.fromJson(Gson.java:1261) ~[gson-2.10.jar%2372!/:?]
	at net.minecraftforge.common.loot.IGlobalLootModifier.lambda$static$1(IGlobalLootModifier.java:39) ~[forge-1.20.1-47.4.10-universal.jar%23276!/:?]
	at com.mojang.serialization.Decoder$1.lambda$decode$1(Decoder.java:49) ~[datafixerupper-6.0.8.jar%2377!/:?]
	at com.mojang.serialization.DataResult.lambda$flatMap$11(DataResult.java:139) ~[datafixerupper-6.0.8.jar%2377!/:?]
	at com.mojang.datafixers.util.Either$Left.map(Either.java:38) ~[datafixerupper-6.0.8.jar%2377!/:?]
	at com.mojang.serialization.DataResult.flatMap(DataResult.java:137) ~[datafixerupper-6.0.8.jar%2377!/:?]
	at com.mojang.serialization.Decoder$1.decode(Decoder.java:49) ~[datafixerupper-6.0.8.jar%2377!/:?]
	at com.mojang.serialization.Codec$2.decode(Codec.java:71) ~[datafixerupper-6.0.8.jar%2377!/:?]
	at com.mojang.serialization.Decoder.parse(Decoder.java:18) ~[datafixerupper-6.0.8.jar%2377!/:?]
	at com.mojang.serialization.codecs.FieldDecoder.decode(FieldDecoder.java:29) ~[datafixerupper-6.0.8.jar%2377!/:?]
	at com.mojang.serialization.MapCodec$1.decode(MapCodec.java:34) ~[datafixerupper-6.0.8.jar%2377!/:?]
	at com.mojang.serialization.codecs.RecordCodecBuilder$Instance$5.decode(RecordCodecBuilder.java:323) ~[datafixerupper-6.0.8.jar%2377!/:?]
	at com.mojang.serialization.codecs.RecordCodecBuilder$2.decode(RecordCodecBuilder.java:107) ~[datafixerupper-6.0.8.jar%2377!/:?]
	at com.mojang.serialization.codecs.KeyDispatchCodec.lambda$decode$3(KeyDispatchCodec.java:67) ~[datafixerupper-6.0.8.jar%2377!/:?]
	at com.mojang.serialization.DataResult.lambda$flatMap$11(DataResult.java:139) ~[datafixerupper-6.0.8.jar%2377!/:?]
	at com.mojang.datafixers.util.Either$Left.map(Either.java:38) ~[datafixerupper-6.0.8.jar%2377!/:?]
	at com.mojang.serialization.DataResult.flatMap(DataResult.java:137) ~[datafixerupper-6.0.8.jar%2377!/:?]
	at com.mojang.serialization.codecs.KeyDispatchCodec.lambda$decode$4(KeyDispatchCodec.java:58) ~[datafixerupper-6.0.8.jar%2377!/:?]
	at com.mojang.serialization.DataResult.lambda$flatMap$11(DataResult.java:139) ~[datafixerupper-6.0.8.jar%2377!/:?]
	at com.mojang.datafixers.util.Either$Left.map(Either.java:38) ~[datafixerupper-6.0.8.jar%2377!/:?]
	at com.mojang.serialization.DataResult.flatMap(DataResult.java:137) ~[datafixerupper-6.0.8.jar%2377!/:?]
	at com.mojang.serialization.codecs.KeyDispatchCodec.decode(KeyDispatchCodec.java:56) ~[datafixerupper-6.0.8.jar%2377!/:?]
	at com.mojang.serialization.MapDecoder.lambda$compressedDecode$1(MapDecoder.java:52) ~[datafixerupper-6.0.8.jar%2377!/:?]
	at com.mojang.serialization.DataResult.lambda$flatMap$11(DataResult.java:139) ~[datafixerupper-6.0.8.jar%2377!/:?]
	at com.mojang.datafixers.util.Either$Left.map(Either.java:38) ~[datafixerupper-6.0.8.jar%2377!/:?]
	at com.mojang.serialization.DataResult.flatMap(DataResult.java:137) ~[datafixerupper-6.0.8.jar%2377!/:?]
	at com.mojang.serialization.MapDecoder.compressedDecode(MapDecoder.java:52) ~[datafixerupper-6.0.8.jar%2377!/:?]
	at com.mojang.serialization.MapCodec$MapCodecCodec.decode(MapCodec.java:91) ~[datafixerupper-6.0.8.jar%2377!/:?]
	at com.mojang.serialization.Decoder.parse(Decoder.java:18) ~[datafixerupper-6.0.8.jar%2377!/:?]
	at net.minecraftforge.common.loot.LootModifierManager.apply(LootModifierManager.java:79) ~[forge-1.20.1-47.4.10-universal.jar%23276!/:?]
	at net.minecraftforge.common.loot.LootModifierManager.m_5787_(LootModifierManager.java:38) ~[forge-1.20.1-47.4.10-universal.jar%23276!/:?]
	at net.minecraft.server.packs.resources.SimplePreparableReloadListener.m_10789_(SimplePreparableReloadListener.java:13) ~[server-1.20.1-20230612.114412-srg.jar%23271!/:?]
	at java.util.concurrent.CompletableFuture$UniAccept.tryFire(CompletableFuture.java:718) ~[?:?]
	at java.util.concurrent.CompletableFuture$Completion.run(CompletableFuture.java:482) ~[?:?]
	at net.minecraft.server.packs.resources.SimpleReloadInstance.m_143940_(SimpleReloadInstance.java:69) ~[server-1.20.1-20230612.114412-srg.jar%23271!/:?]
	at net.minecraft.Util.m_214652_(Util.java:783) ~[server-1.20.1-20230612.114412-srg.jar%23271!/:?]
	at net.minecraft.Util.m_214679_(Util.java:772) ~[server-1.20.1-20230612.114412-srg.jar%23271!/:?]
	at net.minecraft.server.Main.main(Main.java:166) ~[server-1.20.1-20230612.114412-srg.jar%23271!/:?]
	at jdk.internal.reflect.NativeMethodAccessorImpl.invoke0(Native Method) ~[?:?]
	at jdk.internal.reflect.NativeMethodAccessorImpl.invoke(NativeMethodAccessorImpl.java:77) ~[?:?]
	at jdk.internal.reflect.DelegatingMethodAccessorImpl.invoke(DelegatingMethodAccessorImpl.java:43) ~[?:?]
	at java.lang.reflect.Method.invoke(Method.java:569) ~[?:?]
	at net.minecraftforge.fml.loading.targets.CommonLaunchHandler.runTarget(CommonLaunchHandler.java:111) ~[fmlloader-1.20.1-47.4.10.jar%2369!/:?]
	at net.minecraftforge.fml.loading.targets.CommonLaunchHandler.serverService(CommonLaunchHandler.java:103) ~[fmlloader-1.20.1-47.4.10.jar%2369!/:?]
	at net.minecraftforge.fml.loading.targets.CommonServerLaunchHandler.lambda$makeService$0(CommonServerLaunchHandler.java:27) ~[fmlloader-1.20.1-47.4.10.jar%2369!/:?]
	at cpw.mods.modlauncher.LaunchServiceHandlerDecorator.launch(LaunchServiceHandlerDecorator.java:30) ~[modlauncher-10.0.9.jar%2355!/:?]
	at cpw.mods.modlauncher.LaunchServiceHandler.launch(LaunchServiceHandler.java:53) ~[modlauncher-10.0.9.jar%2355!/:?]
	at cpw.mods.modlauncher.LaunchServiceHandler.launch(LaunchServiceHandler.java:71) ~[modlauncher-10.0.9.jar%2355!/:?]
	at cpw.mods.modlauncher.Launcher.run(Launcher.java:108) ~[modlauncher-10.0.9.jar%2355!/:?]
	at cpw.mods.modlauncher.Launcher.main(Launcher.java:78) ~[modlauncher-10.0.9.jar%2355!/:?]
	at cpw.mods.modlauncher.BootstrapLaunchConsumer.accept(BootstrapLaunchConsumer.java:26) ~[modlauncher-10.0.9.jar%2355!/:?]
	at cpw.mods.modlauncher.BootstrapLaunchConsumer.accept(BootstrapLaunchConsumer.java:23) ~[modlauncher-10.0.9.jar%2355!/:?]
	at cpw.mods.bootstraplauncher.BootstrapLauncher.main(BootstrapLauncher.java:141) ~[bootstraplauncher-1.1.2.jar:?]
[04Oct2026 19:05:21.126] [main/WARN] [net.minecraftforge.common.loot.LootModifierManager/]: Could not decode GlobalLootModifier with json id nethersdelight:chopping_string - error: Unknown type 'minecraft:alternative'
[04Oct2026 19:05:21.132] [main/INFO] [placebo/]: Registered 0 gear_sets.
[04Oct2026 19:05:21.288] [main/INFO] [moze_intel.projecte.PECore/]: Considering file projecte:pe_custom_conversions/defaults.json, ID projecte:defaults
[04Oct2026 19:05:21.294] [main/INFO] [moze_intel.projecte.PECore/]: Considering file projecte:pe_custom_conversions/metals.json, ID projecte:metals
[04Oct2026 19:05:21.380] [main/WARN] [moze_intel.projecte.PECore/]: EMC Exploit: ingredients (0 + 8*NSSFAKE:craftingMapper/32 + 1*Item: minecraft:brown_dye => 1*Item: music_dicks:peanutbutter) cost 264 but output value is 2048
[04Oct2026 19:05:21.384] [main/WARN] [moze_intel.projecte.PECore/]: EMC Exploit: ingredients (0 + 8*NSSFAKE:craftingMapper/32 + 1*Item: minecraft:blue_dye => 1*Item: music_dicks:deviltrigger) cost 272 but output value is 2048
[04Oct2026 19:05:21.386] [main/WARN] [moze_intel.projecte.PECore/]: EMC Exploit: ingredients (0 + 8*NSSFAKE:craftingMapper/32 + 1*Item: minecraft:yellow_dye => 1*Item: music_dicks:iwanttostayatyourhouse) cost 272 but output value is 2048
[04Oct2026 19:05:21.389] [main/WARN] [moze_intel.projecte.PECore/]: EMC Exploit: ingredients (0 + 9*Item: minecraft:disc_fragment_5 => 1*Item: minecraft:music_disc_5) cost 2043 but output value is 2048
[04Oct2026 19:05:21.392] [main/WARN] [moze_intel.projecte.PECore/]: EMC Exploit: "0 + 9*Item: minecraft:gold_nugget => 1*Item: minecraft:gold_ingot" ingredient cost: 2043 value of result: 2048 setValueFromConversion: 0 + 8*Item Tag: forge:ingots/iron => 1*Item: minecraft:gold_ingot
[04Oct2026 19:05:21.393] [main/WARN] [moze_intel.projecte.PECore/]: EMC Exploit: "0 + 9*Item: cyclic:copper_nugget => 1*Item: minecraft:copper_ingot" ingredient cost: 126 value of result: 128 setValueFromConversion: 0 + 1*Item Tag: forge:ingots/iron => 2*Item: minecraft:copper_ingot
[04Oct2026 19:05:21.394] [main/WARN] [moze_intel.projecte.PECore/]: EMC Exploit: ingredients (0 + 8*NSSFAKE:craftingMapper/32 + 1*Item: minecraft:orange_dye => 1*Item: music_dicks:ibull_music_disc) cost 272 but output value is 2048
[04Oct2026 19:05:21.397] [main/WARN] [moze_intel.projecte.PECore/]: EMC Exploit: ingredients (0 + 9*Item: minecraft:iron_nugget => 1*Item: minecraft:iron_ingot) cost 252 but output value is 256
[04Oct2026 19:05:21.399] [main/WARN] [moze_intel.projecte.PECore/]: EMC Exploit: ingredients (0 + 1*Item: minecraft:cobblestone + 1*Item: minecraft:diorite => 2*Item: minecraft:andesite) cost 17 but output value is 16
[04Oct2026 19:05:21.407] [main/INFO] [moze_intel.projecte.PECore/]: Registered 2366 EMC values. (took 227 ms)
[04Oct2026 19:05:21.453] [main/INFO] [Cucumber Library/]: Loaded cucumber-tags.json in 0 ms
[04Oct2026 19:05:21.454] [main/INFO] [Mystical Agriculture/]: Recipe ingredient caching done in 0 ms
[04Oct2026 19:05:21.454] [main/WARN] [ModernFix/]: Initial datapack load took 2.541 s
[04Oct2026 19:05:22.611] [Server thread/INFO] [net.minecraft.server.dedicated.DedicatedServer/]: Starting minecraft server version 1.20.1
[04Oct2026 19:05:22.611] [Server thread/INFO] [net.minecraft.server.dedicated.DedicatedServer/]: Loading properties
[04Oct2026 19:05:22.612] [Server thread/INFO] [net.minecraft.server.dedicated.DedicatedServer/]: Default game type: SURVIVAL
[04Oct2026 19:05:22.612] [Server thread/INFO] [net.minecraft.server.MinecraftServer/]: Generating keypair
[04Oct2026 19:05:22.661] [Server thread/INFO] [net.minecraft.server.dedicated.DedicatedServer/]: Starting Minecraft server on *:25565
[04Oct2026 19:05:22.719] [Server thread/INFO] [net.minecraft.server.network.ServerConnectionListener/]: Using default channel type
[04Oct2026 19:05:22.832] [Server thread/WARN] [net.minecraftforge.common.ForgeConfigSpec/CORE]: Configuration file ./world/serverconfig/sophisticatedbackpacks-server.toml is not correct. Correcting
[04Oct2026 19:05:22.833] [Server thread/WARN] [net.minecraftforge.common.ForgeConfigSpec/CORE]: Incorrect key server was corrected from null to its default, SimpleCommentedConfig:{}. 
[04Oct2026 19:05:22.833] [Server thread/WARN] [net.minecraftforge.common.ForgeConfigSpec/CORE]: Incorrect key server.disallowedItems was corrected from null to its default, []. 
[04Oct2026 19:05:22.833] [Server thread/WARN] [net.minecraftforge.common.ForgeConfigSpec/CORE]: Incorrect key server.containerItemsDisallowed was corrected from null to its default, false. 
[04Oct2026 19:05:22.833] [Server thread/WARN] [net.minecraftforge.common.ForgeConfigSpec/CORE]: Incorrect key server.noInteractionBlocks was corrected from null to its default, []. 
[04Oct2026 19:05:22.833] [Server thread/WARN] [net.minecraftforge.common.ForgeConfigSpec/CORE]: Incorrect key server.noConnectionBlocks was corrected from null to its default, []. 
[04Oct2026 19:05:22.834] [Server thread/WARN] [net.minecraftforge.common.ForgeConfigSpec/CORE]: Incorrect key server.allBlockConnectionsDisallowed was corrected from null to its default, false. 
[04Oct2026 19:05:22.834] [Server thread/WARN] [net.minecraftforge.common.ForgeConfigSpec/CORE]: Incorrect key server.leatherBackpack was corrected from null to its default, SimpleCommentedConfig:{}. 
[04Oct2026 19:05:22.834] [Server thread/WARN] [net.minecraftforge.common.ForgeConfigSpec/CORE]: Incorrect key server.leatherBackpack.inventorySlotCount was corrected from null to its default, 27. 
[04Oct2026 19:05:22.834] [Server thread/WARN] [net.minecraftforge.common.ForgeConfigSpec/CORE]: Incorrect key server.leatherBackpack.upgradeSlotCount was corrected from null to its default, 1. 
[04Oct2026 19:05:22.834] [Server thread/WARN] [net.minecraftforge.common.ForgeConfigSpec/CORE]: Incorrect key server.copperBackpack was corrected from null to its default, SimpleCommentedConfig:{}. 
[04Oct2026 19:05:22.835] [Server thread/WARN] [net.minecraftforge.common.ForgeConfigSpec/CORE]: Incorrect key server.copperBackpack.inventorySlotCount was corrected from null to its default, 45. 
[04Oct2026 19:05:22.835] [Server thread/WARN] [net.minecraftforge.common.ForgeConfigSpec/CORE]: Incorrect key server.copperBackpack.upgradeSlotCount was corrected from null to its default, 1. 
[04Oct2026 19:05:22.835] [Server thread/WARN] [net.minecraftforge.common.ForgeConfigSpec/CORE]: Incorrect key server.ironBackpack was corrected from null to its default, SimpleCommentedConfig:{}. 
[04Oct2026 19:05:22.835] [Server thread/WARN] [net.minecraftforge.common.ForgeConfigSpec/CORE]: Incorrect key server.ironBackpack.inventorySlotCount was corrected from null to its default, 54. 
[04Oct2026 19:05:22.835] [Server thread/WARN] [net.minecraftforge.common.ForgeConfigSpec/CORE]: Incorrect key server.ironBackpack.upgradeSlotCount was corrected from null to its default, 2. 
[04Oct2026 19:05:22.835] [Server thread/WARN] [net.minecraftforge.common.ForgeConfigSpec/CORE]: Incorrect key server.goldBackpack was corrected from null to its default, SimpleCommentedConfig:{}. 
[04Oct2026 19:05:22.835] [Server thread/WARN] [net.minecraftforge.common.ForgeConfigSpec/CORE]: Incorrect key server.goldBackpack.inventorySlotCount was corrected from null to its default, 81. 
[04Oct2026 19:05:22.835] [Server thread/WARN] [net.minecraftforge.common.ForgeConfigSpec/CORE]: Incorrect key server.goldBackpack.upgradeSlotCount was corrected from null to its default, 3. 
[04Oct2026 19:05:22.835] [Server thread/WARN] [net.minecraftforge.common.ForgeConfigSpec/CORE]: Incorrect key server.diamondBackpack was corrected from null to its default, SimpleCommentedConfig:{}. 
[04Oct2026 19:05:22.836] [Server thread/WARN] [net.minecraftforge.common.ForgeConfigSpec/CORE]: Incorrect key server.diamondBackpack.inventorySlotCount was corrected from null to its default, 108. 
[04Oct2026 19:05:22.836] [Server thread/WARN] [net.minecraftforge.common.ForgeConfigSpec/CORE]: Incorrect key server.diamondBackpack.upgradeSlotCount was corrected from null to its default, 5. 
[04Oct2026 19:05:22.836] [Server thread/WARN] [net.minecraftforge.common.ForgeConfigSpec/CORE]: Incorrect key server.netheriteBackpack was corrected from null to its default, SimpleCommentedConfig:{}. 
[04Oct2026 19:05:22.836] [Server thread/WARN] [net.minecraftforge.common.ForgeConfigSpec/CORE]: Incorrect key server.netheriteBackpack.inventorySlotCount was corrected from null to its default, 120. 
[04Oct2026 19:05:22.836] [Server thread/WARN] [net.minecraftforge.common.ForgeConfigSpec/CORE]: Incorrect key server.netheriteBackpack.upgradeSlotCount was corrected from null to its default, 7. 
[04Oct2026 19:05:22.836] [Server thread/WARN] [net.minecraftforge.common.ForgeConfigSpec/CORE]: Incorrect key server.compactingUpgrade was corrected from null to its default, SimpleCommentedConfig:{}. 
[04Oct2026 19:05:22.836] [Server thread/WARN] [net.minecraftforge.common.ForgeConfigSpec/CORE]: Incorrect key server.compactingUpgrade.filterSlots was corrected from null to its default, 9. 
[04Oct2026 19:05:22.837] [Server thread/WARN] [net.minecraftforge.common.ForgeConfigSpec/CORE]: Incorrect key server.compactingUpgrade.slotsInRow was corrected from null to its default, 3. 
[04Oct2026 19:05:22.837] [Server thread/WARN] [net.minecraftforge.common.ForgeConfigSpec/CORE]: Incorrect key server.compactingUpgrade.additionalCompactingShapes was corrected from null to its default, [111/101/111]. 
[04Oct2026 19:05:22.837] [Server thread/WARN] [net.minecraftforge.common.ForgeConfigSpec/CORE]: Incorrect key server.compactingUpgrade.additionalCompactingShapeOverrides was corrected from null to its default, []. 
[04Oct2026 19:05:22.837] [Server thread/WARN] [net.minecraftforge.common.ForgeConfigSpec/CORE]: Incorrect key server.advancedCompactingUpgrade was corrected from null to its default, SimpleCommentedConfig:{}. 
[04Oct2026 19:05:22.837] [Server thread/WARN] [net.minecraftforge.common.ForgeConfigSpec/CORE]: Incorrect key server.advancedCompactingUpgrade.filterSlots was corrected from null to its default, 16. 
[04Oct2026 19:05:22.838] [Server thread/WARN] [net.minecraftforge.common.ForgeConfigSpec/CORE]: Incorrect key server.advancedCompactingUpgrade.slotsInRow was corrected from null to its default, 4. 
[04Oct2026 19:05:22.838] [Server thread/WARN] [net.minecraftforge.common.ForgeConfigSpec/CORE]: Incorrect key server.depositUpgrade was corrected from null to its default, SimpleCommentedConfig:{}. 
[04Oct2026 19:05:22.838] [Server thread/WARN] [net.minecraftforge.common.ForgeConfigSpec/CORE]: Incorrect key server.depositUpgrade.filterSlots was corrected from null to its default, 9. 
[04Oct2026 19:05:22.838] [Server thread/WARN] [net.minecraftforge.common.ForgeConfigSpec/CORE]: Incorrect key server.depositUpgrade.slotsInRow was corrected from null to its default, 3. 
[04Oct2026 19:05:22.838] [Server thread/WARN] [net.minecraftforge.common.ForgeConfigSpec/CORE]: Incorrect key server.advancedDepositUpgrade was corrected from null to its default, SimpleCommentedConfig:{}. 
[04Oct2026 19:05:22.838] [Server thread/WARN] [net.minecraftforge.common.ForgeConfigSpec/CORE]: Incorrect key server.advancedDepositUpgrade.filterSlots was corrected from null to its default, 16. 
[04Oct2026 19:05:22.839] [Server thread/WARN] [net.minecraftforge.common.ForgeConfigSpec/CORE]: Incorrect key server.advancedDepositUpgrade.slotsInRow was corrected from null to its default, 4. 
[04Oct2026 19:05:22.839] [Server thread/WARN] [net.minecraftforge.common.ForgeConfigSpec/CORE]: Incorrect key server.feedingUpgrade was corrected from null to its default, SimpleCommentedConfig:{}. 
[04Oct2026 19:05:22.839] [Server thread/WARN] [net.minecraftforge.common.ForgeConfigSpec/CORE]: Incorrect key server.feedingUpgrade.filterSlots was corrected from null to its default, 9. 
[04Oct2026 19:05:22.839] [Server thread/WARN] [net.minecraftforge.common.ForgeConfigSpec/CORE]: Incorrect key server.feedingUpgrade.slotsInRow was corrected from null to its default, 3. 
[04Oct2026 19:05:22.839] [Server thread/WARN] [net.minecraftforge.common.ForgeConfigSpec/CORE]: Incorrect key server.advancedFeedingUpgrade was corrected from null to its default, SimpleCommentedConfig:{}. 
[04Oct2026 19:05:22.839] [Server thread/WARN] [net.minecraftforge.common.ForgeConfigSpec/CORE]: Incorrect key server.advancedFeedingUpgrade.filterSlots was corrected from null to its default, 16. 
[04Oct2026 19:05:22.839] [Server thread/WARN] [net.minecraftforge.common.ForgeConfigSpec/CORE]: Incorrect key server.advancedFeedingUpgrade.slotsInRow was corrected from null to its default, 4. 
[04Oct2026 19:05:22.840] [Server thread/WARN] [net.minecraftforge.common.ForgeConfigSpec/CORE]: Incorrect key server.filterUpgrade was corrected from null to its default, SimpleCommentedConfig:{}. 
[04Oct2026 19:05:22.840] [Server thread/WARN] [net.minecraftforge.common.ForgeConfigSpec/CORE]: Incorrect key server.filterUpgrade.filterSlots was corrected from null to its default, 9. 
[04Oct2026 19:05:22.840] [Server thread/WARN] [net.minecraftforge.common.ForgeConfigSpec/CORE]: Incorrect key server.filterUpgrade.slotsInRow was corrected from null to its default, 3. 
[04Oct2026 19:05:22.840] [Server thread/WARN] [net.minecraftforge.common.ForgeConfigSpec/CORE]: Incorrect key server.advancedFilterUpgrade was corrected from null to its default, SimpleCommentedConfig:{}. 
[04Oct2026 19:05:22.840] [Server thread/WARN] [net.minecraftforge.common.ForgeConfigSpec/CORE]: Incorrect key server.advancedFilterUpgrade.filterSlots was corrected from null to its default, 16. 
[04Oct2026 19:05:22.840] [Server thread/WARN] [net.minecraftforge.common.ForgeConfigSpec/CORE]: Incorrect key server.advancedFilterUpgrade.slotsInRow was corrected from null to its default, 4. 
[04Oct2026 19:05:22.841] [Server thread/WARN] [net.minecraftforge.common.ForgeConfigSpec/CORE]: Incorrect key server.magnetUpgrade was corrected from null to its default, SimpleCommentedConfig:{}. 
[04Oct2026 19:05:22.841] [Server thread/WARN] [net.minecraftforge.common.ForgeConfigSpec/CORE]: Incorrect key server.magnetUpgrade.filterSlots was corrected from null to its default, 9. 
[04Oct2026 19:05:22.841] [Server thread/WARN] [net.minecraftforge.common.ForgeConfigSpec/CORE]: Incorrect key server.magnetUpgrade.slotsInRow was corrected from null to its default, 3. 
[04Oct2026 19:05:22.841] [Server thread/WARN] [net.minecraftforge.common.ForgeConfigSpec/CORE]: Incorrect key server.magnetUpgrade.magnetRange was corrected from null to its default, 3. 
[04Oct2026 19:05:22.842] [Server thread/WARN] [net.minecraftforge.common.ForgeConfigSpec/CORE]: Incorrect key server.advancedMagnetUpgrade was corrected from null to its default, SimpleCommentedConfig:{}. 
[04Oct2026 19:05:22.842] [Server thread/WARN] [net.minecraftforge.common.ForgeConfigSpec/CORE]: Incorrect key server.advancedMagnetUpgrade.filterSlots was corrected from null to its default, 16. 
[04Oct2026 19:05:22.842] [Server thread/WARN] [net.minecraftforge.common.ForgeConfigSpec/CORE]: Incorrect key server.advancedMagnetUpgrade.slotsInRow was corrected from null to its default, 4. 
[04Oct2026 19:05:22.842] [Server thread/WARN] [net.minecraftforge.common.ForgeConfigSpec/CORE]: Incorrect key server.advancedMagnetUpgrade.magnetRange was corrected from null to its default, 5. 
[04Oct2026 19:05:22.842] [Server thread/WARN] [net.minecraftforge.common.ForgeConfigSpec/CORE]: Incorrect key server.pickupUpgrade was corrected from null to its default, SimpleCommentedConfig:{}. 
[04Oct2026 19:05:22.842] [Server thread/WARN] [net.minecraftforge.common.ForgeConfigSpec/CORE]: Incorrect key server.pickupUpgrade.filterSlots was corrected from null to its default, 9. 
[04Oct2026 19:05:22.842] [Server thread/WARN] [net.minecraftforge.common.ForgeConfigSpec/CORE]: Incorrect key server.pickupUpgrade.slotsInRow was corrected from null to its default, 3. 
[04Oct2026 19:05:22.842] [Server thread/WARN] [net.minecraftforge.common.ForgeConfigSpec/CORE]: Incorrect key server.advancedPickupUpgrade was corrected from null to its default, SimpleCommentedConfig:{}. 
[04Oct2026 19:05:22.842] [Server thread/WARN] [net.minecraftforge.common.ForgeConfigSpec/CORE]: Incorrect key server.advancedPickupUpgrade.filterSlots was corrected from null to its default, 16. 
[04Oct2026 19:05:22.842] [Server thread/WARN] [net.minecraftforge.common.ForgeConfigSpec/CORE]: Incorrect key server.advancedPickupUpgrade.slotsInRow was corrected from null to its default, 4. 
[04Oct2026 19:05:22.843] [Server thread/WARN] [net.minecraftforge.common.ForgeConfigSpec/CORE]: Incorrect key server.refillUpgrade was corrected from null to its default, SimpleCommentedConfig:{}. 
[04Oct2026 19:05:22.843] [Server thread/WARN] [net.minecraftforge.common.ForgeConfigSpec/CORE]: Incorrect key server.refillUpgrade.filterSlots was corrected from null to its default, 6. 
[04Oct2026 19:05:22.843] [Server thread/WARN] [net.minecraftforge.common.ForgeConfigSpec/CORE]: Incorrect key server.refillUpgrade.slotsInRow was corrected from null to its default, 3. 
[04Oct2026 19:05:22.843] [Server thread/WARN] [net.minecraftforge.common.ForgeConfigSpec/CORE]: Incorrect key server.advancedRefillUpgrade was corrected from null to its default, SimpleCommentedConfig:{}. 
[04Oct2026 19:05:22.843] [Server thread/WARN] [net.minecraftforge.common.ForgeConfigSpec/CORE]: Incorrect key server.advancedRefillUpgrade.filterSlots was corrected from null to its default, 12. 
[04Oct2026 19:05:22.843] [Server thread/WARN] [net.minecraftforge.common.ForgeConfigSpec/CORE]: Incorrect key server.advancedRefillUpgrade.slotsInRow was corrected from null to its default, 4. 
[04Oct2026 19:05:22.843] [Server thread/WARN] [net.minecraftforge.common.ForgeConfigSpec/CORE]: Incorrect key server.restockUpgrade was corrected from null to its default, SimpleCommentedConfig:{}. 
[04Oct2026 19:05:22.843] [Server thread/WARN] [net.minecraftforge.common.ForgeConfigSpec/CORE]: Incorrect key server.restockUpgrade.filterSlots was corrected from null to its default, 9. 
[04Oct2026 19:05:22.843] [Server thread/WARN] [net.minecraftforge.common.ForgeConfigSpec/CORE]: Incorrect key server.restockUpgrade.slotsInRow was corrected from null to its default, 3. 
[04Oct2026 19:05:22.843] [Server thread/WARN] [net.minecraftforge.common.ForgeConfigSpec/CORE]: Incorrect key server.advancedRestockUpgrade was corrected from null to its default, SimpleCommentedConfig:{}. 
[04Oct2026 19:05:22.843] [Server thread/WARN] [net.minecraftforge.common.ForgeConfigSpec/CORE]: Incorrect key server.advancedRestockUpgrade.filterSlots was corrected from null to its default, 16. 
[04Oct2026 19:05:22.844] [Server thread/WARN] [net.minecraftforge.common.ForgeConfigSpec/CORE]: Incorrect key server.advancedRestockUpgrade.slotsInRow was corrected from null to its default, 4. 
[04Oct2026 19:05:22.844] [Server thread/WARN] [net.minecraftforge.common.ForgeConfigSpec/CORE]: Incorrect key server.voidUpgrade was corrected from null to its default, SimpleCommentedConfig:{}. 
[04Oct2026 19:05:22.844] [Server thread/WARN] [net.minecraftforge.common.ForgeConfigSpec/CORE]: Incorrect key server.voidUpgrade.filterSlots was corrected from null to its default, 9. 
[04Oct2026 19:05:22.844] [Server thread/WARN] [net.minecraftforge.common.ForgeConfigSpec/CORE]: Incorrect key server.voidUpgrade.slotsInRow was corrected from null to its default, 3. 
[04Oct2026 19:05:22.844] [Server thread/WARN] [net.minecraftforge.common.ForgeConfigSpec/CORE]: Incorrect key server.voidUpgrade.voidAlwaysEnabled was corrected from null to its default, true. 
[04Oct2026 19:05:22.844] [Server thread/WARN] [net.minecraftforge.common.ForgeConfigSpec/CORE]: Incorrect key server.advancedVoidUpgrade was corrected from null to its default, SimpleCommentedConfig:{}. 
[04Oct2026 19:05:22.844] [Server thread/WARN] [net.minecraftforge.common.ForgeConfigSpec/CORE]: Incorrect key server.advancedVoidUpgrade.filterSlots was corrected from null to its default, 16. 
[04Oct2026 19:05:22.844] [Server thread/WARN] [net.minecraftforge.common.ForgeConfigSpec/CORE]: Incorrect key server.advancedVoidUpgrade.slotsInRow was corrected from null to its default, 4. 
[04Oct2026 19:05:22.845] [Server thread/WARN] [net.minecraftforge.common.ForgeConfigSpec/CORE]: Incorrect key server.advancedVoidUpgrade.voidAlwaysEnabled was corrected from null to its default, true. 
[04Oct2026 19:05:22.845] [Server thread/WARN] [net.minecraftforge.common.ForgeConfigSpec/CORE]: Incorrect key server.stackUpgrade was corrected from null to its default, SimpleCommentedConfig:{}. 
[04Oct2026 19:05:22.845] [Server thread/WARN] [net.minecraftforge.common.ForgeConfigSpec/CORE]: Incorrect key server.stackUpgrade.nonStackableItems was corrected from null to its default, [minecraft:bundle, minecraft:shulker_box, minecraft:white_shulker_box, minecraft:orange_shulker_box, minecraft:magenta_shulker_box, minecraft:light_blue_shulker_box, minecraft:yellow_shulker_box, minecraft:lime_shulker_box, minecraft:pink_shulker_box, minecraft:gray_shulker_box, minecraft:light_gray_shulker_box, minecraft:cyan_shulker_box, minecraft:purple_shulker_box, minecraft:blue_shulker_box, minecraft:brown_shulker_box, minecraft:green_shulker_box, minecraft:red_shulker_box, minecraft:black_shulker_box]. 
[04Oct2026 19:05:22.845] [Server thread/WARN] [net.minecraftforge.common.ForgeConfigSpec/CORE]: Incorrect key server.smeltingUpgrade was corrected from null to its default, SimpleCommentedConfig:{}. 
[04Oct2026 19:05:22.845] [Server thread/WARN] [net.minecraftforge.common.ForgeConfigSpec/CORE]: Incorrect key server.smeltingUpgrade.smeltingSpeedMultiplier was corrected from null to its default, 1.0. 
[04Oct2026 19:05:22.845] [Server thread/WARN] [net.minecraftforge.common.ForgeConfigSpec/CORE]: Incorrect key server.smeltingUpgrade.fuelEfficiencyMultiplier was corrected from null to its default, 1.0. 
[04Oct2026 19:05:22.845] [Server thread/WARN] [net.minecraftforge.common.ForgeConfigSpec/CORE]: Incorrect key server.smokingUpgrade was corrected from null to its default, SimpleCommentedConfig:{}. 
[04Oct2026 19:05:22.846] [Server thread/WARN] [net.minecraftforge.common.ForgeConfigSpec/CORE]: Incorrect key server.smokingUpgrade.smeltingSpeedMultiplier was corrected from null to its default, 1.0. 
[04Oct2026 19:05:22.846] [Server thread/WARN] [net.minecraftforge.common.ForgeConfigSpec/CORE]: Incorrect key server.smokingUpgrade.fuelEfficiencyMultiplier was corrected from null to its default, 1.0. 
[04Oct2026 19:05:22.846] [Server thread/WARN] [net.minecraftforge.common.ForgeConfigSpec/CORE]: Incorrect key server.blastingUpgrade was corrected from null to its default, SimpleCommentedConfig:{}. 
[04Oct2026 19:05:22.846] [Server thread/WARN] [net.minecraftforge.common.ForgeConfigSpec/CORE]: Incorrect key server.blastingUpgrade.smeltingSpeedMultiplier was corrected from null to its default, 1.0. 
[04Oct2026 19:05:22.846] [Server thread/WARN] [net.minecraftforge.common.ForgeConfigSpec/CORE]: Incorrect key server.blastingUpgrade.fuelEfficiencyMultiplier was corrected from null to its default, 1.0. 
[04Oct2026 19:05:22.846] [Server thread/WARN] [net.minecraftforge.common.ForgeConfigSpec/CORE]: Incorrect key server.autoSmeltingUpgrade was corrected from null to its default, SimpleCommentedConfig:{}. 
[04Oct2026 19:05:22.846] [Server thread/WARN] [net.minecraftforge.common.ForgeConfigSpec/CORE]: Incorrect key server.autoSmeltingUpgrade.smeltingSpeedMultiplier was corrected from null to its default, 1.0. 
[04Oct2026 19:05:22.846] [Server thread/WARN] [net.minecraftforge.common.ForgeConfigSpec/CORE]: Incorrect key server.autoSmeltingUpgrade.fuelEfficiencyMultiplier was corrected from null to its default, 1.0. 
[04Oct2026 19:05:22.847] [Server thread/WARN] [net.minecraftforge.common.ForgeConfigSpec/CORE]: Incorrect key server.autoSmeltingUpgrade.inputFilterSlots was corrected from null to its default, 8. 
[04Oct2026 19:05:22.847] [Server thread/WARN] [net.minecraftforge.common.ForgeConfigSpec/CORE]: Incorrect key server.autoSmeltingUpgrade.inputFilterSlotsInRow was corrected from null to its default, 4. 
[04Oct2026 19:05:22.847] [Server thread/WARN] [net.minecraftforge.common.ForgeConfigSpec/CORE]: Incorrect key server.autoSmeltingUpgrade.fuelFilterSlots was corrected from null to its default, 4. 
[04Oct2026 19:05:22.847] [Server thread/WARN] [net.minecraftforge.common.ForgeConfigSpec/CORE]: Incorrect key server.autoSmeltingUpgrade.fuelFilterSlotsInRow was corrected from null to its default, 4. 
[04Oct2026 19:05:22.847] [Server thread/WARN] [net.minecraftforge.common.ForgeConfigSpec/CORE]: Incorrect key server.autoSmokingUpgrade was corrected from null to its default, SimpleCommentedConfig:{}. 
[04Oct2026 19:05:22.847] [Server thread/WARN] [net.minecraftforge.common.ForgeConfigSpec/CORE]: Incorrect key server.autoSmokingUpgrade.smeltingSpeedMultiplier was corrected from null to its default, 1.0. 
[04Oct2026 19:05:22.847] [Server thread/WARN] [net.minecraftforge.common.ForgeConfigSpec/CORE]: Incorrect key server.autoSmokingUpgrade.fuelEfficiencyMultiplier was corrected from null to its default, 1.0. 
[04Oct2026 19:05:22.847] [Server thread/WARN] [net.minecraftforge.common.ForgeConfigSpec/CORE]: Incorrect key server.autoSmokingUpgrade.inputFilterSlots was corrected from null to its default, 8. 
[04Oct2026 19:05:22.847] [Server thread/WARN] [net.minecraftforge.common.ForgeConfigSpec/CORE]: Incorrect key server.autoSmokingUpgrade.inputFilterSlotsInRow was corrected from null to its default, 4. 
[04Oct2026 19:05:22.847] [Server thread/WARN] [net.minecraftforge.common.ForgeConfigSpec/CORE]: Incorrect key server.autoSmokingUpgrade.fuelFilterSlots was corrected from null to its default, 4. 
[04Oct2026 19:05:22.848] [Server thread/WARN] [net.minecraftforge.common.ForgeConfigSpec/CORE]: Incorrect key server.autoSmokingUpgrade.fuelFilterSlotsInRow was corrected from null to its default, 4. 
[04Oct2026 19:05:22.848] [Server thread/WARN] [net.minecraftforge.common.ForgeConfigSpec/CORE]: Incorrect key server.autoBlastingUpgrade was corrected from null to its default, SimpleCommentedConfig:{}. 
[04Oct2026 19:05:22.848] [Server thread/WARN] [net.minecraftforge.common.ForgeConfigSpec/CORE]: Incorrect key server.autoBlastingUpgrade.smeltingSpeedMultiplier was corrected from null to its default, 1.0. 
[04Oct2026 19:05:22.848] [Server thread/WARN] [net.minecraftforge.common.ForgeConfigSpec/CORE]: Incorrect key server.autoBlastingUpgrade.fuelEfficiencyMultiplier was corrected from null to its default, 1.0. 
[04Oct2026 19:05:22.848] [Server thread/WARN] [net.minecraftforge.common.ForgeConfigSpec/CORE]: Incorrect key server.autoBlastingUpgrade.inputFilterSlots was corrected from null to its default, 8. 
[04Oct2026 19:05:22.849] [Server thread/WARN] [net.minecraftforge.common.ForgeConfigSpec/CORE]: Incorrect key server.autoBlastingUpgrade.inputFilterSlotsInRow was corrected from null to its default, 4. 
[04Oct2026 19:05:22.849] [Server thread/WARN] [net.minecraftforge.common.ForgeConfigSpec/CORE]: Incorrect key server.autoBlastingUpgrade.fuelFilterSlots was corrected from null to its default, 4. 
[04Oct2026 19:05:22.849] [Server thread/WARN] [net.minecraftforge.common.ForgeConfigSpec/CORE]: Incorrect key server.autoBlastingUpgrade.fuelFilterSlotsInRow was corrected from null to its default, 4. 
[04Oct2026 19:05:22.849] [Server thread/WARN] [net.minecraftforge.common.ForgeConfigSpec/CORE]: Incorrect key server.inceptionUpgrade was corrected from null to its default, SimpleCommentedConfig:{}. 
[04Oct2026 19:05:22.849] [Server thread/WARN] [net.minecraftforge.common.ForgeConfigSpec/CORE]: Incorrect key server.inceptionUpgrade.upgradesUseInventoriesOfBackpacksInBackpack was corrected from null to its default, true. 
[04Oct2026 19:05:22.849] [Server thread/WARN] [net.minecraftforge.common.ForgeConfigSpec/CORE]: Incorrect key server.inceptionUpgrade.upgradesInContainedBackpacksAreFunctional was corrected from null to its default, true. 
[04Oct2026 19:05:22.849] [Server thread/WARN] [net.minecraftforge.common.ForgeConfigSpec/CORE]: Incorrect key server.toolSwapperUpgrade was corrected from null to its default, SimpleCommentedConfig:{}. 
[04Oct2026 19:05:22.849] [Server thread/WARN] [net.minecraftforge.common.ForgeConfigSpec/CORE]: Incorrect key server.toolSwapperUpgrade.filterSlots was corrected from null to its default, 8. 
[04Oct2026 19:05:22.850] [Server thread/WARN] [net.minecraftforge.common.ForgeConfigSpec/CORE]: Incorrect key server.toolSwapperUpgrade.slotsInRow was corrected from null to its default, 4. 
[04Oct2026 19:05:22.850] [Server thread/WARN] [net.minecraftforge.common.ForgeConfigSpec/CORE]: Incorrect key server.tankUpgrade was corrected from null to its default, SimpleCommentedConfig:{}. 
[04Oct2026 19:05:22.850] [Server thread/WARN] [net.minecraftforge.common.ForgeConfigSpec/CORE]: Incorrect key server.tankUpgrade.capacityPerSlotRow was corrected from null to its default, 4000. 
[04Oct2026 19:05:22.850] [Server thread/WARN] [net.minecraftforge.common.ForgeConfigSpec/CORE]: Incorrect key server.tankUpgrade.stackMultiplierRatio was corrected from null to its default, 1.0. 
[04Oct2026 19:05:22.850] [Server thread/WARN] [net.minecraftforge.common.ForgeConfigSpec/CORE]: Incorrect key server.tankUpgrade.autoFillDrainContainerCooldown was corrected from null to its default, 20. 
[04Oct2026 19:05:22.850] [Server thread/WARN] [net.minecraftforge.common.ForgeConfigSpec/CORE]: Incorrect key server.tankUpgrade.maxInputOutput was corrected from null to its default, 20. 
[04Oct2026 19:05:22.851] [Server thread/WARN] [net.minecraftforge.common.ForgeConfigSpec/CORE]: Incorrect key server.batteryUpgrade was corrected from null to its default, SimpleCommentedConfig:{}. 
[04Oct2026 19:05:22.851] [Server thread/WARN] [net.minecraftforge.common.ForgeConfigSpec/CORE]: Incorrect key server.batteryUpgrade.energyPerSlotRow was corrected from null to its default, 10000. 
[04Oct2026 19:05:22.851] [Server thread/WARN] [net.minecraftforge.common.ForgeConfigSpec/CORE]: Incorrect key server.batteryUpgrade.stackMultiplierRatio was corrected from null to its default, 1.0. 
[04Oct2026 19:05:22.851] [Server thread/WARN] [net.minecraftforge.common.ForgeConfigSpec/CORE]: Incorrect key server.batteryUpgrade.maxInputOutput was corrected from null to its default, 20. 
[04Oct2026 19:05:22.851] [Server thread/WARN] [net.minecraftforge.common.ForgeConfigSpec/CORE]: Incorrect key server.pumpUpgrade was corrected from null to its default, SimpleCommentedConfig:{}. 
[04Oct2026 19:05:22.851] [Server thread/WARN] [net.minecraftforge.common.ForgeConfigSpec/CORE]: Incorrect key server.pumpUpgrade.filterSlots was corrected from null to its default, 4. 
[04Oct2026 19:05:22.851] [Server thread/WARN] [net.minecraftforge.common.ForgeConfigSpec/CORE]: Incorrect key server.pumpUpgrade.maxInputOutput was corrected from null to its default, 20. 
[04Oct2026 19:05:22.851] [Server thread/WARN] [net.minecraftforge.common.ForgeConfigSpec/CORE]: Incorrect key server.pumpUpgrade.stackMultiplierRatio was corrected from null to its default, 1.0. 
[04Oct2026 19:05:22.851] [Server thread/WARN] [net.minecraftforge.common.ForgeConfigSpec/CORE]: Incorrect key server.xpPumpUpgrade was corrected from null to its default, SimpleCommentedConfig:{}. 
[04Oct2026 19:05:22.851] [Server thread/WARN] [net.minecraftforge.common.ForgeConfigSpec/CORE]: Incorrect key server.xpPumpUpgrade.mendingOn was corrected from null to its default, true. 
[04Oct2026 19:05:22.852] [Server thread/WARN] [net.minecraftforge.common.ForgeConfigSpec/CORE]: Incorrect key server.xpPumpUpgrade.maxXpPointsPerMending was corrected from null to its default, 5. 
[04Oct2026 19:05:22.852] [Server thread/WARN] [net.minecraftforge.common.ForgeConfigSpec/CORE]: Incorrect key server.advancedJukeboxUpgrade was corrected from null to its default, SimpleCommentedConfig:{}. 
[04Oct2026 19:05:22.852] [Server thread/WARN] [net.minecraftforge.common.ForgeConfigSpec/CORE]: Incorrect key server.advancedJukeboxUpgrade.numberOfSlots was corrected from null to its default, 12. 
[04Oct2026 19:05:22.852] [Server thread/WARN] [net.minecraftforge.common.ForgeConfigSpec/CORE]: Incorrect key server.advancedJukeboxUpgrade.slotsInRow was corrected from null to its default, 4. 
[04Oct2026 19:05:22.852] [Server thread/WARN] [net.minecraftforge.common.ForgeConfigSpec/CORE]: Incorrect key server.alchemyUpgrade was corrected from null to its default, SimpleCommentedConfig:{}. 
[04Oct2026 19:05:22.852] [Server thread/WARN] [net.minecraftforge.common.ForgeConfigSpec/CORE]: Incorrect key server.alchemyUpgrade.filterSlots was corrected from null to its default, 4. 
[04Oct2026 19:05:22.852] [Server thread/WARN] [net.minecraftforge.common.ForgeConfigSpec/CORE]: Incorrect key server.advancedAlchemyUpgrade was corrected from null to its default, SimpleCommentedConfig:{}. 
[04Oct2026 19:05:22.852] [Server thread/WARN] [net.minecraftforge.common.ForgeConfigSpec/CORE]: Incorrect key server.advancedAlchemyUpgrade.filterSlots was corrected from null to its default, 8. 
[04Oct2026 19:05:22.852] [Server thread/WARN] [net.minecraftforge.common.ForgeConfigSpec/CORE]: Incorrect key server.mobCatcherUpgrade was corrected from null to its default, SimpleCommentedConfig:{}. 
[04Oct2026 19:05:22.852] [Server thread/WARN] [net.minecraftforge.common.ForgeConfigSpec/CORE]: Incorrect key server.mobCatcherUpgrade.basicMaxSlotCost was corrected from null to its default, 18. 
[04Oct2026 19:05:22.853] [Server thread/WARN] [net.minecraftforge.common.ForgeConfigSpec/CORE]: Incorrect key server.mobCatcherUpgrade.advancedMaxSlotCost was corrected from null to its default, 72. 
[04Oct2026 19:05:22.853] [Server thread/WARN] [net.minecraftforge.common.ForgeConfigSpec/CORE]: Incorrect key server.mobCatcherUpgrade.animalMultiplier was corrected from null to its default, 1.0. 
[04Oct2026 19:05:22.853] [Server thread/WARN] [net.minecraftforge.common.ForgeConfigSpec/CORE]: Incorrect key server.mobCatcherUpgrade.hostileMultiplier was corrected from null to its default, 2.0. 
[04Oct2026 19:05:22.853] [Server thread/WARN] [net.minecraftforge.common.ForgeConfigSpec/CORE]: Incorrect key server.mobCatcherUpgrade.disallowInventoryEntities was corrected from null to its default, false. 
[04Oct2026 19:05:22.853] [Server thread/WARN] [net.minecraftforge.common.ForgeConfigSpec/CORE]: Incorrect key server.mobCatcherUpgrade.entityBlockList was corrected from null to its default, [minecraft:wither]. 
[04Oct2026 19:05:22.853] [Server thread/WARN] [net.minecraftforge.common.ForgeConfigSpec/CORE]: Incorrect key server.mobCatcherUpgrade.hostileOverrides was corrected from null to its default, [minecraft:enderman]. 
[04Oct2026 19:05:22.853] [Server thread/WARN] [net.minecraftforge.common.ForgeConfigSpec/CORE]: Incorrect key server.mobCatcherUpgrade.passiveOverrides was corrected from null to its default, [minecraft:villager]. 
[04Oct2026 19:05:22.854] [Server thread/WARN] [net.minecraftforge.common.ForgeConfigSpec/CORE]: Incorrect key server.entityBackpackAdditions was corrected from null to its default, SimpleCommentedConfig:{}. 
[04Oct2026 19:05:22.854] [Server thread/WARN] [net.minecraftforge.common.ForgeConfigSpec/CORE]: Incorrect key server.entityBackpackAdditions.chance was corrected from null to its default, 0.01. 
[04Oct2026 19:05:22.854] [Server thread/WARN] [net.minecraftforge.common.ForgeConfigSpec/CORE]: Incorrect key server.entityBackpackAdditions.addLoot was corrected from null to its default, true. 
[04Oct2026 19:05:22.854] [Server thread/WARN] [net.minecraftforge.common.ForgeConfigSpec/CORE]: Incorrect key server.entityBackpackAdditions.buffWithPotionEffects was corrected from null to its default, true. 
[04Oct2026 19:05:22.854] [Server thread/WARN] [net.minecraftforge.common.ForgeConfigSpec/CORE]: Incorrect key server.entityBackpackAdditions.buffHealth was corrected from null to its default, true. 
[04Oct2026 19:05:22.854] [Server thread/WARN] [net.minecraftforge.common.ForgeConfigSpec/CORE]: Incorrect key server.entityBackpackAdditions.equipWithArmor was corrected from null to its default, true. 
[04Oct2026 19:05:22.855] [Server thread/WARN] [net.minecraftforge.common.ForgeConfigSpec/CORE]: Incorrect key server.entityBackpackAdditions.entityLootTableList was corrected from null to its default, [minecraft:creeper|minecraft:chests/desert_pyramid, minecraft:drowned|minecraft:chests/shipwreck_treasure, minecraft:enderman|minecraft:chests/end_city_treasure, minecraft:evoker|minecraft:chests/woodland_mansion, minecraft:husk|minecraft:chests/desert_pyramid, minecraft:piglin|minecraft:chests/bastion_bridge, minecraft:piglin_brute|minecraft:chests/bastion_treasure, minecraft:pillager|minecraft:chests/pillager_outpost, minecraft:skeleton|minecraft:chests/simple_dungeon, minecraft:stray|minecraft:chests/igloo_chest, minecraft:vex|minecraft:chests/woodland_mansion, minecraft:vindicator|minecraft:chests/woodland_mansion, minecraft:witch|minecraft:chests/buried_treasure, minecraft:wither_skeleton|minecraft:chests/nether_bridge, minecraft:zombie|minecraft:chests/simple_dungeon, minecraft:zombie_villager|minecraft:chests/village/village_armorer, minecraft:zombified_piglin|minecraft:chests/bastion_other]. 
[04Oct2026 19:05:22.855] [Server thread/WARN] [net.minecraftforge.common.ForgeConfigSpec/CORE]: Incorrect key server.entityBackpackAdditions.discBlockList was corrected from null to its default, [botania:record_gaia_1, botania:record_gaia_2]. 
[04Oct2026 19:05:22.855] [Server thread/WARN] [net.minecraftforge.common.ForgeConfigSpec/CORE]: Incorrect key server.entityBackpackAdditions.playJukebox was corrected from null to its default, true. 
[04Oct2026 19:05:22.856] [Server thread/WARN] [net.minecraftforge.common.ForgeConfigSpec/CORE]: Incorrect key server.entityBackpackAdditions.dropToFakePlayers was corrected from null to its default, false. 
[04Oct2026 19:05:22.856] [Server thread/WARN] [net.minecraftforge.common.ForgeConfigSpec/CORE]: Incorrect key server.entityBackpackAdditions.backpackDropChance was corrected from null to its default, 0.5. 
[04Oct2026 19:05:22.856] [Server thread/WARN] [net.minecraftforge.common.ForgeConfigSpec/CORE]: Incorrect key server.entityBackpackAdditions.lootingChanceIncreasePerLevel was corrected from null to its default, 0.15. 
[04Oct2026 19:05:22.856] [Server thread/WARN] [net.minecraftforge.common.ForgeConfigSpec/CORE]: Incorrect key server.entityBackpackAdditions.leatherWeight was corrected from null to its default, 625. 
[04Oct2026 19:05:22.856] [Server thread/WARN] [net.minecraftforge.common.ForgeConfigSpec/CORE]: Incorrect key server.entityBackpackAdditions.copperWeight was corrected from null to its default, 250. 
[04Oct2026 19:05:22.856] [Server thread/WARN] [net.minecraftforge.common.ForgeConfigSpec/CORE]: Incorrect key server.entityBackpackAdditions.ironWeight was corrected from null to its default, 125. 
[04Oct2026 19:05:22.856] [Server thread/WARN] [net.minecraftforge.common.ForgeConfigSpec/CORE]: Incorrect key server.entityBackpackAdditions.goldWeight was corrected from null to its default, 25. 
[04Oct2026 19:05:22.856] [Server thread/WARN] [net.minecraftforge.common.ForgeConfigSpec/CORE]: Incorrect key server.entityBackpackAdditions.diamondWeight was corrected from null to its default, 5. 
[04Oct2026 19:05:22.856] [Server thread/WARN] [net.minecraftforge.common.ForgeConfigSpec/CORE]: Incorrect key server.entityBackpackAdditions.netheriteWeight was corrected from null to its default, 1. 
[04Oct2026 19:05:22.856] [Server thread/WARN] [net.minecraftforge.common.ForgeConfigSpec/CORE]: Incorrect key server.entityBackpackAdditions.minBackpackTierMidDifficulty was corrected from null to its default, 1. 
[04Oct2026 19:05:22.857] [Server thread/WARN] [net.minecraftforge.common.ForgeConfigSpec/CORE]: Incorrect key server.entityBackpackAdditions.minBackpackTierHighDifficulty was corrected from null to its default, 2. 
[04Oct2026 19:05:22.857] [Server thread/WARN] [net.minecraftforge.common.ForgeConfigSpec/CORE]: Incorrect key server.entityBackpackAdditions.localDifficultyEffectsBackpackSpawns was corrected from null to its default, true. 
[04Oct2026 19:05:22.857] [Server thread/WARN] [net.minecraftforge.common.ForgeConfigSpec/CORE]: Incorrect key server.nerfs was corrected from null to its default, SimpleCommentedConfig:{}. 
[04Oct2026 19:05:22.857] [Server thread/WARN] [net.minecraftforge.common.ForgeConfigSpec/CORE]: Incorrect key server.nerfs.tooManyBackpacksSlowness was corrected from null to its default, false. 
[04Oct2026 19:05:22.857] [Server thread/WARN] [net.minecraftforge.common.ForgeConfigSpec/CORE]: Incorrect key server.nerfs.maxNumberOfBackpacks was corrected from null to its default, 3. 
[04Oct2026 19:05:22.857] [Server thread/WARN] [net.minecraftforge.common.ForgeConfigSpec/CORE]: Incorrect key server.nerfs.slownessLevelsPerAdditionalBackpack was corrected from null to its default, 1.0. 
[04Oct2026 19:05:22.857] [Server thread/WARN] [net.minecraftforge.common.ForgeConfigSpec/CORE]: Incorrect key server.nerfs.onlyWornBackpackTriggersUpgrades was corrected from null to its default, false. 
[04Oct2026 19:05:22.857] [Server thread/WARN] [net.minecraftforge.common.ForgeConfigSpec/CORE]: Incorrect key server.nerfs.nerfEffect was corrected from null to its default, minecraft:slowness. 
[04Oct2026 19:05:22.857] [Server thread/WARN] [net.minecraftforge.common.ForgeConfigSpec/CORE]: Incorrect key server.maxUpgradesPerStorage was corrected from null to its default, [stack_upgrades|3, furnace_upgrades|1, jukebox_upgrades|1]. 
[04Oct2026 19:05:22.858] [Server thread/WARN] [net.minecraftforge.common.ForgeConfigSpec/CORE]: Incorrect key server.itemFluidHandlerEnabled was corrected from null to its default, true. 
[04Oct2026 19:05:22.858] [Server thread/WARN] [net.minecraftforge.common.ForgeConfigSpec/CORE]: Incorrect key server.allowOpeningOtherPlayerBackpacks was corrected from null to its default, true. 
[04Oct2026 19:05:22.858] [Server thread/WARN] [net.minecraftforge.common.ForgeConfigSpec/CORE]: Incorrect key server.itemDisplayDisabled was corrected from null to its default, false. 
[04Oct2026 19:05:22.858] [Server thread/WARN] [net.minecraftforge.common.ForgeConfigSpec/CORE]: Incorrect key server.tickDedupeLogicDisabled was corrected from null to its default, false. 
[04Oct2026 19:05:22.858] [Server thread/WARN] [net.minecraftforge.common.ForgeConfigSpec/CORE]: Incorrect key server.canBePlacedInContainerItems was corrected from null to its default, false. 
[04Oct2026 19:05:22.861] [Server thread/WARN] [net.minecraftforge.common.ForgeConfigSpec/CORE]: Configuration file ./world/serverconfig/mob_grinding_utils-server.toml is not correct. Correcting
[04Oct2026 19:05:22.861] [Server thread/WARN] [net.minecraftforge.common.ForgeConfigSpec/CORE]: Incorrect key masherMaxUpgrade was corrected from null to its default, 10. 
[04Oct2026 19:05:22.861] [Server thread/WARN] [net.minecraftforge.common.ForgeConfigSpec/CORE]: Incorrect key fanStrongerBlades was corrected from null to its default, false. 
[04Oct2026 19:05:22.862] [Server thread/WARN] [net.minecraftforge.common.ForgeConfigSpec/CORE]: Configuration file ./world/serverconfig/curios-server.toml is not correct. Correcting
[04Oct2026 19:05:22.863] [Server thread/WARN] [net.minecraftforge.common.ForgeConfigSpec/CORE]: Incorrect key keepCurios was corrected from null to its default, DEFAULT. 
[04Oct2026 19:05:22.863] [Server thread/WARN] [net.minecraftforge.common.ForgeConfigSpec/CORE]: Incorrect key menu was corrected from null to its default, SimpleCommentedConfig:{}. 
[04Oct2026 19:05:22.863] [Server thread/WARN] [net.minecraftforge.common.ForgeConfigSpec/CORE]: Incorrect key menu.enableLegacyMenu was corrected from null to its default, false. 
[04Oct2026 19:05:22.863] [Server thread/WARN] [net.minecraftforge.common.ForgeConfigSpec/CORE]: Incorrect key menu.experimental was corrected from null to its default, SimpleCommentedConfig:{}. 
[04Oct2026 19:05:22.863] [Server thread/WARN] [net.minecraftforge.common.ForgeConfigSpec/CORE]: Incorrect key menu.experimental.minimumColumns was corrected from null to its default, 1. 
[04Oct2026 19:05:22.864] [Server thread/WARN] [net.minecraftforge.common.ForgeConfigSpec/CORE]: Incorrect key menu.experimental.maxSlotsPerPage was corrected from null to its default, 48. 
[04Oct2026 19:05:22.864] [Server thread/WARN] [net.minecraftforge.common.ForgeConfigSpec/CORE]: Configuration file ./world/serverconfig/elevatorid-server.toml is not correct. Correcting
[04Oct2026 19:05:22.864] [Server thread/WARN] [net.minecraftforge.common.ForgeConfigSpec/CORE]: Incorrect key General was corrected from null to its default, SimpleCommentedConfig:{}. 
[04Oct2026 19:05:22.865] [Server thread/WARN] [net.minecraftforge.common.ForgeConfigSpec/CORE]: Incorrect key General.sameColor was corrected from null to its default, false. 
[04Oct2026 19:05:22.865] [Server thread/WARN] [net.minecraftforge.common.ForgeConfigSpec/CORE]: Incorrect key General.range was corrected from null to its default, 384. 
[04Oct2026 19:05:22.865] [Server thread/WARN] [net.minecraftforge.common.ForgeConfigSpec/CORE]: Incorrect key General.precisionTarget was corrected from null to its default, true. 
[04Oct2026 19:05:22.865] [Server thread/WARN] [net.minecraftforge.common.ForgeConfigSpec/CORE]: Incorrect key General.mobSpawn was corrected from null to its default, false. 
[04Oct2026 19:05:22.865] [Server thread/WARN] [net.minecraftforge.common.ForgeConfigSpec/CORE]: Incorrect key General.resetPitchNormal was corrected from null to its default, false. 
[04Oct2026 19:05:22.865] [Server thread/WARN] [net.minecraftforge.common.ForgeConfigSpec/CORE]: Incorrect key General.resetPitchDirectional was corrected from null to its default, true. 
[04Oct2026 19:05:22.865] [Server thread/WARN] [net.minecraftforge.common.ForgeConfigSpec/CORE]: Incorrect key General.useXP was corrected from null to its default, false. 
[04Oct2026 19:05:22.865] [Server thread/WARN] [net.minecraftforge.common.ForgeConfigSpec/CORE]: Incorrect key General.XPPointsAmount was corrected from null to its default, 1. 
[04Oct2026 19:05:22.867] [Server thread/WARN] [net.minecraftforge.common.ForgeConfigSpec/CORE]: Configuration file /Users/caden/A.Developer/JuniorMC/SERVER/config/ProjectE/server.toml is not correct. Correcting
[04Oct2026 19:05:22.867] [Server thread/WARN] [net.minecraftforge.common.ForgeConfigSpec/CORE]: Incorrect key server was corrected from null to its default, SimpleCommentedConfig:{}. 
[04Oct2026 19:05:22.867] [Server thread/WARN] [net.minecraftforge.common.ForgeConfigSpec/CORE]: Incorrect key server.difficulty was corrected from null to its default, SimpleCommentedConfig:{}. 
[04Oct2026 19:05:22.867] [Server thread/WARN] [net.minecraftforge.common.ForgeConfigSpec/CORE]: Incorrect key server.difficulty.offensiveAbilities was corrected from null to its default, false. 
[04Oct2026 19:05:22.867] [Server thread/WARN] [net.minecraftforge.common.ForgeConfigSpec/CORE]: Incorrect key server.difficulty.katarDeathAura was corrected from null to its default, 1000.0. 
[04Oct2026 19:05:22.868] [Server thread/WARN] [net.minecraftforge.common.ForgeConfigSpec/CORE]: Incorrect key server.difficulty.covalenceLoss was corrected from null to its default, 1.0. 
[04Oct2026 19:05:22.868] [Server thread/WARN] [net.minecraftforge.common.ForgeConfigSpec/CORE]: Incorrect key server.difficulty.covalenceLossRounding was corrected from null to its default, true. 
[04Oct2026 19:05:22.868] [Server thread/WARN] [net.minecraftforge.common.ForgeConfigSpec/CORE]: Incorrect key server.items was corrected from null to its default, SimpleCommentedConfig:{}. 
[04Oct2026 19:05:22.868] [Server thread/WARN] [net.minecraftforge.common.ForgeConfigSpec/CORE]: Incorrect key server.items.pickaxeAoeVeinMining was corrected from null to its default, false. 
[04Oct2026 19:05:22.868] [Server thread/WARN] [net.minecraftforge.common.ForgeConfigSpec/CORE]: Incorrect key server.items.harvBandGrass was corrected from null to its default, false. 
[04Oct2026 19:05:22.868] [Server thread/WARN] [net.minecraftforge.common.ForgeConfigSpec/CORE]: Incorrect key server.items.disableAllRadiusMining was corrected from null to its default, false. 
[04Oct2026 19:05:22.868] [Server thread/WARN] [net.minecraftforge.common.ForgeConfigSpec/CORE]: Incorrect key server.items.enableTimeWatch was corrected from null to its default, true. 
[04Oct2026 19:05:22.868] [Server thread/WARN] [net.minecraftforge.common.ForgeConfigSpec/CORE]: Incorrect key server.items.opEvertide was corrected from null to its default, false. 
[04Oct2026 19:05:22.869] [Server thread/WARN] [net.minecraftforge.common.ForgeConfigSpec/CORE]: Incorrect key server.effects was corrected from null to its default, SimpleCommentedConfig:{}. 
[04Oct2026 19:05:22.869] [Server thread/WARN] [net.minecraftforge.common.ForgeConfigSpec/CORE]: Incorrect key server.effects.timePedBonus was corrected from null to its default, 18. 
[04Oct2026 19:05:22.869] [Server thread/WARN] [net.minecraftforge.common.ForgeConfigSpec/CORE]: Incorrect key server.effects.timePedMobSlowness was corrected from null to its default, 0.1. 
[04Oct2026 19:05:22.869] [Server thread/WARN] [net.minecraftforge.common.ForgeConfigSpec/CORE]: Incorrect key server.effects.interdictionMode was corrected from null to its default, true. 
[04Oct2026 19:05:22.869] [Server thread/WARN] [net.minecraftforge.common.ForgeConfigSpec/CORE]: Incorrect key server.misc was corrected from null to its default, SimpleCommentedConfig:{}. 
[04Oct2026 19:05:22.869] [Server thread/WARN] [net.minecraftforge.common.ForgeConfigSpec/CORE]: Incorrect key server.misc.unsafeKeyBinds was corrected from null to its default, false. 
[04Oct2026 19:05:22.869] [Server thread/WARN] [net.minecraftforge.common.ForgeConfigSpec/CORE]: Incorrect key server.misc.hwylaTOPDisplay was corrected from null to its default, true. 
[04Oct2026 19:05:22.870] [Server thread/WARN] [net.minecraftforge.common.ForgeConfigSpec/CORE]: Incorrect key server.cooldown was corrected from null to its default, SimpleCommentedConfig:{}. 
[04Oct2026 19:05:22.870] [Server thread/WARN] [net.minecraftforge.common.ForgeConfigSpec/CORE]: Incorrect key server.cooldown.cooldown was corrected from null to its default, SimpleCommentedConfig:{}. 
[04Oct2026 19:05:22.870] [Server thread/WARN] [net.minecraftforge.common.ForgeConfigSpec/CORE]: Incorrect key server.cooldown.cooldown.pedestal was corrected from null to its default, SimpleCommentedConfig:{}. 
[04Oct2026 19:05:22.870] [Server thread/WARN] [net.minecraftforge.common.ForgeConfigSpec/CORE]: Incorrect key server.cooldown.cooldown.pedestal.archangel was corrected from null to its default, 40. 
[04Oct2026 19:05:22.870] [Server thread/WARN] [net.minecraftforge.common.ForgeConfigSpec/CORE]: Incorrect key server.cooldown.cooldown.pedestal.body was corrected from null to its default, 10. 
[04Oct2026 19:05:22.870] [Server thread/WARN] [net.minecraftforge.common.ForgeConfigSpec/CORE]: Incorrect key server.cooldown.cooldown.pedestal.evertide was corrected from null to its default, 20. 
[04Oct2026 19:05:22.870] [Server thread/WARN] [net.minecraftforge.common.ForgeConfigSpec/CORE]: Incorrect key server.cooldown.cooldown.pedestal.harvest was corrected from null to its default, 10. 
[04Oct2026 19:05:22.870] [Server thread/WARN] [net.minecraftforge.common.ForgeConfigSpec/CORE]: Incorrect key server.cooldown.cooldown.pedestal.ignition was corrected from null to its default, 40. 
[04Oct2026 19:05:22.870] [Server thread/WARN] [net.minecraftforge.common.ForgeConfigSpec/CORE]: Incorrect key server.cooldown.cooldown.pedestal.life was corrected from null to its default, 5. 
[04Oct2026 19:05:22.870] [Server thread/WARN] [net.minecraftforge.common.ForgeConfigSpec/CORE]: Incorrect key server.cooldown.cooldown.pedestal.repair was corrected from null to its default, 20. 
[04Oct2026 19:05:22.870] [Server thread/WARN] [net.minecraftforge.common.ForgeConfigSpec/CORE]: Incorrect key server.cooldown.cooldown.pedestal.swrg was corrected from null to its default, 70. 
[04Oct2026 19:05:22.870] [Server thread/WARN] [net.minecraftforge.common.ForgeConfigSpec/CORE]: Incorrect key server.cooldown.cooldown.pedestal.soul was corrected from null to its default, 10. 
[04Oct2026 19:05:22.871] [Server thread/WARN] [net.minecraftforge.common.ForgeConfigSpec/CORE]: Incorrect key server.cooldown.cooldown.pedestal.volcanite was corrected from null to its default, 20. 
[04Oct2026 19:05:22.871] [Server thread/WARN] [net.minecraftforge.common.ForgeConfigSpec/CORE]: Incorrect key server.cooldown.cooldown.pedestal.zero was corrected from null to its default, 40. 
[04Oct2026 19:05:22.871] [Server thread/WARN] [net.minecraftforge.common.ForgeConfigSpec/CORE]: Incorrect key server.cooldown.cooldown.player was corrected from null to its default, SimpleCommentedConfig:{}. 
[04Oct2026 19:05:22.871] [Server thread/WARN] [net.minecraftforge.common.ForgeConfigSpec/CORE]: Incorrect key server.cooldown.cooldown.player.projectile was corrected from null to its default, 0. 
[04Oct2026 19:05:22.871] [Server thread/WARN] [net.minecraftforge.common.ForgeConfigSpec/CORE]: Incorrect key server.cooldown.cooldown.player.gemChest was corrected from null to its default, 0. 
[04Oct2026 19:05:22.871] [Server thread/WARN] [net.minecraftforge.common.ForgeConfigSpec/CORE]: Incorrect key server.cooldown.cooldown.player.repair was corrected from null to its default, 20. 
[04Oct2026 19:05:22.871] [Server thread/WARN] [net.minecraftforge.common.ForgeConfigSpec/CORE]: Incorrect key server.cooldown.cooldown.player.heal was corrected from null to its default, 20. 
[04Oct2026 19:05:22.871] [Server thread/WARN] [net.minecraftforge.common.ForgeConfigSpec/CORE]: Incorrect key server.cooldown.cooldown.player.feed was corrected from null to its default, 20. 
[04Oct2026 19:05:22.872] [Server thread/WARN] [net.minecraftforge.common.ForgeConfigSpec/CORE]: Configuration file ./world/serverconfig/aether-server.toml is not correct. Correcting
[04Oct2026 19:05:22.873] [Server thread/WARN] [net.minecraftforge.common.ForgeConfigSpec/CORE]: Incorrect key Gameplay was corrected from null to its default, SimpleCommentedConfig:{}. 
[04Oct2026 19:05:22.873] [Server thread/WARN] [net.minecraftforge.common.ForgeConfigSpec/CORE]: Incorrect key Gameplay.Beds explode was corrected from null to its default, false. 
[04Oct2026 19:05:22.873] [Server thread/WARN] [net.minecraftforge.common.ForgeConfigSpec/CORE]: Incorrect key Gameplay.Debuff non-Aether tools was corrected from null to its default, true. 
[04Oct2026 19:05:22.873] [Server thread/WARN] [net.minecraftforge.common.ForgeConfigSpec/CORE]: Incorrect key Gameplay.Ambrosium Shards are edible was corrected from null to its default, true. 
[04Oct2026 19:05:22.873] [Server thread/WARN] [net.minecraftforge.common.ForgeConfigSpec/CORE]: Incorrect key Gameplay.Berry Bush consistency was corrected from null to its default, false. 
[04Oct2026 19:05:22.874] [Server thread/WARN] [net.minecraftforge.common.ForgeConfigSpec/CORE]: Incorrect key Gameplay.Crystal Fruit Leaves consistency was corrected from null to its default, false. 
[04Oct2026 19:05:22.874] [Server thread/WARN] [net.minecraftforge.common.ForgeConfigSpec/CORE]: Incorrect key Gameplay.Gummy Swets restore health was corrected from null to its default, false. 
[04Oct2026 19:05:22.874] [Server thread/WARN] [net.minecraftforge.common.ForgeConfigSpec/CORE]: Incorrect key Gameplay.Maximum consumable Life Shards was corrected from null to its default, 10. 
[04Oct2026 19:05:22.874] [Server thread/WARN] [net.minecraftforge.common.ForgeConfigSpec/CORE]: Incorrect key Gameplay.Cooldown for the Hammer of Kingbdogz projectile was corrected from null to its default, 50. 
[04Oct2026 19:05:22.874] [Server thread/WARN] [net.minecraftforge.common.ForgeConfigSpec/CORE]: Incorrect key Gameplay.Cooldown for the Cloud Staff was corrected from null to its default, 40. 
[04Oct2026 19:05:22.874] [Server thread/WARN] [net.minecraftforge.common.ForgeConfigSpec/CORE]: Incorrect key Gameplay.Require gloves for set abilities was corrected from null to its default, true. 
[04Oct2026 19:05:22.874] [Server thread/WARN] [net.minecraftforge.common.ForgeConfigSpec/CORE]: Incorrect key Loot was corrected from null to its default, SimpleCommentedConfig:{}. 
[04Oct2026 19:05:22.875] [Server thread/WARN] [net.minecraftforge.common.ForgeConfigSpec/CORE]: Incorrect key Loot.Golden Feather in loot was corrected from null to its default, false. 
[04Oct2026 19:05:22.875] [Server thread/WARN] [net.minecraftforge.common.ForgeConfigSpec/CORE]: Incorrect key Loot.Valkyrie Cape in loot was corrected from null to its default, true. 
[04Oct2026 19:05:22.875] [Server thread/WARN] [net.minecraftforge.common.ForgeConfigSpec/CORE]: Incorrect key World Generation was corrected from null to its default, SimpleCommentedConfig:{}. 
[04Oct2026 19:05:22.875] [Server thread/WARN] [net.minecraftforge.common.ForgeConfigSpec/CORE]: Incorrect key World Generation.Generate Tall Grass in the Aether was corrected from null to its default, true. 
[04Oct2026 19:05:22.875] [Server thread/WARN] [net.minecraftforge.common.ForgeConfigSpec/CORE]: Incorrect key World Generation.Generate Holiday Trees always was corrected from null to its default, false. 
[04Oct2026 19:05:22.875] [Server thread/WARN] [net.minecraftforge.common.ForgeConfigSpec/CORE]: Incorrect key World Generation.Generate Holiday Trees seasonally was corrected from null to its default, true. 
[04Oct2026 19:05:22.875] [Server thread/WARN] [net.minecraftforge.common.ForgeConfigSpec/CORE]: Incorrect key Multiplayer was corrected from null to its default, SimpleCommentedConfig:{}. 
[04Oct2026 19:05:22.876] [Server thread/WARN] [net.minecraftforge.common.ForgeConfigSpec/CORE]: Incorrect key Multiplayer.Balance Invisibility Cloak for PVP was corrected from null to its default, false. 
[04Oct2026 19:05:22.876] [Server thread/WARN] [net.minecraftforge.common.ForgeConfigSpec/CORE]: Incorrect key Multiplayer.Invisibility Cloak visibility timer was corrected from null to its default, 50. 
[04Oct2026 19:05:22.876] [Server thread/WARN] [net.minecraftforge.common.ForgeConfigSpec/CORE]: Incorrect key Multiplayer.Only whitelisted users access Sun Altars was corrected from null to its default, false. 
[04Oct2026 19:05:22.876] [Server thread/WARN] [net.minecraftforge.common.ForgeConfigSpec/CORE]: Incorrect key Multiplayer.Configure Sun Altar dimensions was corrected from null to its default, [aether:the_aether]. 
[04Oct2026 19:05:22.876] [Server thread/WARN] [net.minecraftforge.common.ForgeConfigSpec/CORE]: Incorrect key Modpack was corrected from null to its default, SimpleCommentedConfig:{}. 
[04Oct2026 19:05:22.876] [Server thread/WARN] [net.minecraftforge.common.ForgeConfigSpec/CORE]: Incorrect key Modpack.Spawns the player in the Aether was corrected from null to its default, false. 
[04Oct2026 19:05:22.876] [Server thread/WARN] [net.minecraftforge.common.ForgeConfigSpec/CORE]: Incorrect key Modpack.Disables Aether Portal creation was corrected from null to its default, false. 
[04Oct2026 19:05:22.876] [Server thread/WARN] [net.minecraftforge.common.ForgeConfigSpec/CORE]: Incorrect key Modpack.Disables falling into the Overworld was corrected from null to its default, false. 
[04Oct2026 19:05:22.877] [Server thread/WARN] [net.minecraftforge.common.ForgeConfigSpec/CORE]: Incorrect key Modpack.Disables eternal day was corrected from null to its default, false. 
[04Oct2026 19:05:22.877] [Server thread/WARN] [net.minecraftforge.common.ForgeConfigSpec/CORE]: Incorrect key Modpack.Sets portal destination dimension was corrected from null to its default, aether:the_aether. 
[04Oct2026 19:05:22.877] [Server thread/WARN] [net.minecraftforge.common.ForgeConfigSpec/CORE]: Incorrect key Modpack.Sets portal return dimension was corrected from null to its default, minecraft:overworld. 
[04Oct2026 19:05:22.878] [Server thread/WARN] [net.minecraftforge.common.ForgeConfigSpec/CORE]: Configuration file ./world/serverconfig/sophisticatedstorage-server.toml is not correct. Correcting
[04Oct2026 19:05:22.878] [Server thread/WARN] [net.minecraftforge.common.ForgeConfigSpec/CORE]: Incorrect key server was corrected from null to its default, SimpleCommentedConfig:{}. 
[04Oct2026 19:05:22.879] [Server thread/WARN] [net.minecraftforge.common.ForgeConfigSpec/CORE]: Incorrect key server.WoodBarrel was corrected from null to its default, SimpleCommentedConfig:{}. 
[04Oct2026 19:05:22.879] [Server thread/WARN] [net.minecraftforge.common.ForgeConfigSpec/CORE]: Incorrect key server.WoodBarrel.inventorySlotCount was corrected from null to its default, 27. 
[04Oct2026 19:05:22.879] [Server thread/WARN] [net.minecraftforge.common.ForgeConfigSpec/CORE]: Incorrect key server.WoodBarrel.upgradeSlotCount was corrected from null to its default, 1. 
[04Oct2026 19:05:22.879] [Server thread/WARN] [net.minecraftforge.common.ForgeConfigSpec/CORE]: Incorrect key server.CopperBarrel was corrected from null to its default, SimpleCommentedConfig:{}. 
[04Oct2026 19:05:22.879] [Server thread/WARN] [net.minecraftforge.common.ForgeConfigSpec/CORE]: Incorrect key server.CopperBarrel.inventorySlotCount was corrected from null to its default, 45. 
[04Oct2026 19:05:22.879] [Server thread/WARN] [net.minecraftforge.common.ForgeConfigSpec/CORE]: Incorrect key server.CopperBarrel.upgradeSlotCount was corrected from null to its default, 1. 
[04Oct2026 19:05:22.880] [Server thread/WARN] [net.minecraftforge.common.ForgeConfigSpec/CORE]: Incorrect key server.IronBarrel was corrected from null to its default, SimpleCommentedConfig:{}. 
[04Oct2026 19:05:22.880] [Server thread/WARN] [net.minecraftforge.common.ForgeConfigSpec/CORE]: Incorrect key server.IronBarrel.inventorySlotCount was corrected from null to its default, 54. 
[04Oct2026 19:05:22.880] [Server thread/WARN] [net.minecraftforge.common.ForgeConfigSpec/CORE]: Incorrect key server.IronBarrel.upgradeSlotCount was corrected from null to its default, 2. 
[04Oct2026 19:05:22.880] [Server thread/WARN] [net.minecraftforge.common.ForgeConfigSpec/CORE]: Incorrect key server.GoldBarrel was corrected from null to its default, SimpleCommentedConfig:{}. 
[04Oct2026 19:05:22.880] [Server thread/WARN] [net.minecraftforge.common.ForgeConfigSpec/CORE]: Incorrect key server.GoldBarrel.inventorySlotCount was corrected from null to its default, 81. 
[04Oct2026 19:05:22.880] [Server thread/WARN] [net.minecraftforge.common.ForgeConfigSpec/CORE]: Incorrect key server.GoldBarrel.upgradeSlotCount was corrected from null to its default, 3. 
[04Oct2026 19:05:22.880] [Server thread/WARN] [net.minecraftforge.common.ForgeConfigSpec/CORE]: Incorrect key server.DiamondBarrel was corrected from null to its default, SimpleCommentedConfig:{}. 
[04Oct2026 19:05:22.880] [Server thread/WARN] [net.minecraftforge.common.ForgeConfigSpec/CORE]: Incorrect key server.DiamondBarrel.inventorySlotCount was corrected from null to its default, 108. 
[04Oct2026 19:05:22.880] [Server thread/WARN] [net.minecraftforge.common.ForgeConfigSpec/CORE]: Incorrect key server.DiamondBarrel.upgradeSlotCount was corrected from null to its default, 4. 
[04Oct2026 19:05:22.880] [Server thread/WARN] [net.minecraftforge.common.ForgeConfigSpec/CORE]: Incorrect key server.NetheriteBarrel was corrected from null to its default, SimpleCommentedConfig:{}. 
[04Oct2026 19:05:22.881] [Server thread/WARN] [net.minecraftforge.common.ForgeConfigSpec/CORE]: Incorrect key server.NetheriteBarrel.inventorySlotCount was corrected from null to its default, 132. 
[04Oct2026 19:05:22.881] [Server thread/WARN] [net.minecraftforge.common.ForgeConfigSpec/CORE]: Incorrect key server.NetheriteBarrel.upgradeSlotCount was corrected from null to its default, 5. 
[04Oct2026 19:05:22.881] [Server thread/WARN] [net.minecraftforge.common.ForgeConfigSpec/CORE]: Incorrect key server.LimitedBarrelI was corrected from null to its default, SimpleCommentedConfig:{}. 
[04Oct2026 19:05:22.881] [Server thread/WARN] [net.minecraftforge.common.ForgeConfigSpec/CORE]: Incorrect key server.LimitedBarrelI.baseSlotLimitMultiplier was corrected from null to its default, 32. 
[04Oct2026 19:05:22.881] [Server thread/WARN] [net.minecraftforge.common.ForgeConfigSpec/CORE]: Incorrect key server.LimitedBarrelI.upgradeSlotCount was corrected from null to its default, 1. 
[04Oct2026 19:05:22.881] [Server thread/WARN] [net.minecraftforge.common.ForgeConfigSpec/CORE]: Incorrect key server.LimitedCopperBarrelI was corrected from null to its default, SimpleCommentedConfig:{}. 
[04Oct2026 19:05:22.881] [Server thread/WARN] [net.minecraftforge.common.ForgeConfigSpec/CORE]: Incorrect key server.LimitedCopperBarrelI.baseSlotLimitMultiplier was corrected from null to its default, 53. 
[04Oct2026 19:05:22.881] [Server thread/WARN] [net.minecraftforge.common.ForgeConfigSpec/CORE]: Incorrect key server.LimitedCopperBarrelI.upgradeSlotCount was corrected from null to its default, 1. 
[04Oct2026 19:05:22.881] [Server thread/WARN] [net.minecraftforge.common.ForgeConfigSpec/CORE]: Incorrect key server.LimitedIronBarrelI was corrected from null to its default, SimpleCommentedConfig:{}. 
[04Oct2026 19:05:22.881] [Server thread/WARN] [net.minecraftforge.common.ForgeConfigSpec/CORE]: Incorrect key server.LimitedIronBarrelI.baseSlotLimitMultiplier was corrected from null to its default, 64. 
[04Oct2026 19:05:22.881] [Server thread/WARN] [net.minecraftforge.common.ForgeConfigSpec/CORE]: Incorrect key server.LimitedIronBarrelI.upgradeSlotCount was corrected from null to its default, 2. 
[04Oct2026 19:05:22.881] [Server thread/WARN] [net.minecraftforge.common.ForgeConfigSpec/CORE]: Incorrect key server.LimitedGoldBarrelI was corrected from null to its default, SimpleCommentedConfig:{}. 
[04Oct2026 19:05:22.882] [Server thread/WARN] [net.minecraftforge.common.ForgeConfigSpec/CORE]: Incorrect key server.LimitedGoldBarrelI.baseSlotLimitMultiplier was corrected from null to its default, 96. 
[04Oct2026 19:05:22.882] [Server thread/WARN] [net.minecraftforge.common.ForgeConfigSpec/CORE]: Incorrect key server.LimitedGoldBarrelI.upgradeSlotCount was corrected from null to its default, 3. 
[04Oct2026 19:05:22.882] [Server thread/WARN] [net.minecraftforge.common.ForgeConfigSpec/CORE]: Incorrect key server.LimitedDiamondBarrelI was corrected from null to its default, SimpleCommentedConfig:{}. 
[04Oct2026 19:05:22.882] [Server thread/WARN] [net.minecraftforge.common.ForgeConfigSpec/CORE]: Incorrect key server.LimitedDiamondBarrelI.baseSlotLimitMultiplier was corrected from null to its default, 128. 
[04Oct2026 19:05:22.882] [Server thread/WARN] [net.minecraftforge.common.ForgeConfigSpec/CORE]: Incorrect key server.LimitedDiamondBarrelI.upgradeSlotCount was corrected from null to its default, 4. 
[04Oct2026 19:05:22.882] [Server thread/WARN] [net.minecraftforge.common.ForgeConfigSpec/CORE]: Incorrect key server.LimitedNetheriteBarrelI was corrected from null to its default, SimpleCommentedConfig:{}. 
[04Oct2026 19:05:22.882] [Server thread/WARN] [net.minecraftforge.common.ForgeConfigSpec/CORE]: Incorrect key server.LimitedNetheriteBarrelI.baseSlotLimitMultiplier was corrected from null to its default, 160. 
[04Oct2026 19:05:22.882] [Server thread/WARN] [net.minecraftforge.common.ForgeConfigSpec/CORE]: Incorrect key server.LimitedNetheriteBarrelI.upgradeSlotCount was corrected from null to its default, 5. 
[04Oct2026 19:05:22.882] [Server thread/WARN] [net.minecraftforge.common.ForgeConfigSpec/CORE]: Incorrect key server.LimitedBarrelII was corrected from null to its default, SimpleCommentedConfig:{}. 
[04Oct2026 19:05:22.882] [Server thread/WARN] [net.minecraftforge.common.ForgeConfigSpec/CORE]: Incorrect key server.LimitedBarrelII.baseSlotLimitMultiplier was corrected from null to its default, 16. 
[04Oct2026 19:05:22.883] [Server thread/WARN] [net.minecraftforge.common.ForgeConfigSpec/CORE]: Incorrect key server.LimitedBarrelII.upgradeSlotCount was corrected from null to its default, 1. 
[04Oct2026 19:05:22.883] [Server thread/WARN] [net.minecraftforge.common.ForgeConfigSpec/CORE]: Incorrect key server.LimitedCopperBarrelII was corrected from null to its default, SimpleCommentedConfig:{}. 
[04Oct2026 19:05:22.883] [Server thread/WARN] [net.minecraftforge.common.ForgeConfigSpec/CORE]: Incorrect key server.LimitedCopperBarrelII.baseSlotLimitMultiplier was corrected from null to its default, 27. 
[04Oct2026 19:05:22.883] [Server thread/WARN] [net.minecraftforge.common.ForgeConfigSpec/CORE]: Incorrect key server.LimitedCopperBarrelII.upgradeSlotCount was corrected from null to its default, 1. 
[04Oct2026 19:05:22.883] [Server thread/WARN] [net.minecraftforge.common.ForgeConfigSpec/CORE]: Incorrect key server.LimitedIronBarrelII was corrected from null to its default, SimpleCommentedConfig:{}. 
[04Oct2026 19:05:22.883] [Server thread/WARN] [net.minecraftforge.common.ForgeConfigSpec/CORE]: Incorrect key server.LimitedIronBarrelII.baseSlotLimitMultiplier was corrected from null to its default, 32. 
[04Oct2026 19:05:22.883] [Server thread/WARN] [net.minecraftforge.common.ForgeConfigSpec/CORE]: Incorrect key server.LimitedIronBarrelII.upgradeSlotCount was corrected from null to its default, 2. 
[04Oct2026 19:05:22.883] [Server thread/WARN] [net.minecraftforge.common.ForgeConfigSpec/CORE]: Incorrect key server.LimitedGoldBarrelII was corrected from null to its default, SimpleCommentedConfig:{}. 
[04Oct2026 19:05:22.883] [Server thread/WARN] [net.minecraftforge.common.ForgeConfigSpec/CORE]: Incorrect key server.LimitedGoldBarrelII.baseSlotLimitMultiplier was corrected from null to its default, 48. 
[04Oct2026 19:05:22.883] [Server thread/WARN] [net.minecraftforge.common.ForgeConfigSpec/CORE]: Incorrect key server.LimitedGoldBarrelII.upgradeSlotCount was corrected from null to its default, 3. 
[04Oct2026 19:05:22.883] [Server thread/WARN] [net.minecraftforge.common.ForgeConfigSpec/CORE]: Incorrect key server.LimitedDiamondBarrelII was corrected from null to its default, SimpleCommentedConfig:{}. 
[04Oct2026 19:05:22.883] [Server thread/WARN] [net.minecraftforge.common.ForgeConfigSpec/CORE]: Incorrect key server.LimitedDiamondBarrelII.baseSlotLimitMultiplier was corrected from null to its default, 64. 
[04Oct2026 19:05:22.883] [Server thread/WARN] [net.minecraftforge.common.ForgeConfigSpec/CORE]: Incorrect key server.LimitedDiamondBarrelII.upgradeSlotCount was corrected from null to its default, 4. 
[04Oct2026 19:05:22.884] [Server thread/WARN] [net.minecraftforge.common.ForgeConfigSpec/CORE]: Incorrect key server.LimitedNetheriteBarrelII was corrected from null to its default, SimpleCommentedConfig:{}. 
[04Oct2026 19:05:22.884] [Server thread/WARN] [net.minecraftforge.common.ForgeConfigSpec/CORE]: Incorrect key server.LimitedNetheriteBarrelII.baseSlotLimitMultiplier was corrected from null to its default, 80. 
[04Oct2026 19:05:22.884] [Server thread/WARN] [net.minecraftforge.common.ForgeConfigSpec/CORE]: Incorrect key server.LimitedNetheriteBarrelII.upgradeSlotCount was corrected from null to its default, 5. 
[04Oct2026 19:05:22.884] [Server thread/WARN] [net.minecraftforge.common.ForgeConfigSpec/CORE]: Incorrect key server.LimitedBarrelIII was corrected from null to its default, SimpleCommentedConfig:{}. 
[04Oct2026 19:05:22.884] [Server thread/WARN] [net.minecraftforge.common.ForgeConfigSpec/CORE]: Incorrect key server.LimitedBarrelIII.baseSlotLimitMultiplier was corrected from null to its default, 10. 
[04Oct2026 19:05:22.884] [Server thread/WARN] [net.minecraftforge.common.ForgeConfigSpec/CORE]: Incorrect key server.LimitedBarrelIII.upgradeSlotCount was corrected from null to its default, 1. 
[04Oct2026 19:05:22.884] [Server thread/WARN] [net.minecraftforge.common.ForgeConfigSpec/CORE]: Incorrect key server.LimitedCopperBarrelIII was corrected from null to its default, SimpleCommentedConfig:{}. 
[04Oct2026 19:05:22.884] [Server thread/WARN] [net.minecraftforge.common.ForgeConfigSpec/CORE]: Incorrect key server.LimitedCopperBarrelIII.baseSlotLimitMultiplier was corrected from null to its default, 17. 
[04Oct2026 19:05:22.884] [Server thread/WARN] [net.minecraftforge.common.ForgeConfigSpec/CORE]: Incorrect key server.LimitedCopperBarrelIII.upgradeSlotCount was corrected from null to its default, 1. 
[04Oct2026 19:05:22.884] [Server thread/WARN] [net.minecraftforge.common.ForgeConfigSpec/CORE]: Incorrect key server.LimitedIronBarrelIII was corrected from null to its default, SimpleCommentedConfig:{}. 
[04Oct2026 19:05:22.884] [Server thread/WARN] [net.minecraftforge.common.ForgeConfigSpec/CORE]: Incorrect key server.LimitedIronBarrelIII.baseSlotLimitMultiplier was corrected from null to its default, 20. 
[04Oct2026 19:05:22.884] [Server thread/WARN] [net.minecraftforge.common.ForgeConfigSpec/CORE]: Incorrect key server.LimitedIronBarrelIII.upgradeSlotCount was corrected from null to its default, 2. 
[04Oct2026 19:05:22.884] [Server thread/WARN] [net.minecraftforge.common.ForgeConfigSpec/CORE]: Incorrect key server.LimitedGoldBarrelIII was corrected from null to its default, SimpleCommentedConfig:{}. 
[04Oct2026 19:05:22.884] [Server thread/WARN] [net.minecraftforge.common.ForgeConfigSpec/CORE]: Incorrect key server.LimitedGoldBarrelIII.baseSlotLimitMultiplier was corrected from null to its default, 30. 
[04Oct2026 19:05:22.885] [Server thread/WARN] [net.minecraftforge.common.ForgeConfigSpec/CORE]: Incorrect key server.LimitedGoldBarrelIII.upgradeSlotCount was corrected from null to its default, 3. 
[04Oct2026 19:05:22.885] [Server thread/WARN] [net.minecraftforge.common.ForgeConfigSpec/CORE]: Incorrect key server.LimitedDiamondBarrelIII was corrected from null to its default, SimpleCommentedConfig:{}. 
[04Oct2026 19:05:22.885] [Server thread/WARN] [net.minecraftforge.common.ForgeConfigSpec/CORE]: Incorrect key server.LimitedDiamondBarrelIII.baseSlotLimitMultiplier was corrected from null to its default, 40. 
[04Oct2026 19:05:22.885] [Server thread/WARN] [net.minecraftforge.common.ForgeConfigSpec/CORE]: Incorrect key server.LimitedDiamondBarrelIII.upgradeSlotCount was corrected from null to its default, 4. 
[04Oct2026 19:05:22.885] [Server thread/WARN] [net.minecraftforge.common.ForgeConfigSpec/CORE]: Incorrect key server.LimitedNetheriteBarrelIII was corrected from null to its default, SimpleCommentedConfig:{}. 
[04Oct2026 19:05:22.885] [Server thread/WARN] [net.minecraftforge.common.ForgeConfigSpec/CORE]: Incorrect key server.LimitedNetheriteBarrelIII.baseSlotLimitMultiplier was corrected from null to its default, 50. 
[04Oct2026 19:05:22.885] [Server thread/WARN] [net.minecraftforge.common.ForgeConfigSpec/CORE]: Incorrect key server.LimitedNetheriteBarrelIII.upgradeSlotCount was corrected from null to its default, 5. 
[04Oct2026 19:05:22.885] [Server thread/WARN] [net.minecraftforge.common.ForgeConfigSpec/CORE]: Incorrect key server.LimitedBarrelIV was corrected from null to its default, SimpleCommentedConfig:{}. 
[04Oct2026 19:05:22.885] [Server thread/WARN] [net.minecraftforge.common.ForgeConfigSpec/CORE]: Incorrect key server.LimitedBarrelIV.baseSlotLimitMultiplier was corrected from null to its default, 8. 
[04Oct2026 19:05:22.886] [Server thread/WARN] [net.minecraftforge.common.ForgeConfigSpec/CORE]: Incorrect key server.LimitedBarrelIV.upgradeSlotCount was corrected from null to its default, 1. 
[04Oct2026 19:05:22.886] [Server thread/WARN] [net.minecraftforge.common.ForgeConfigSpec/CORE]: Incorrect key server.LimitedCopperBarrelIV was corrected from null to its default, SimpleCommentedConfig:{}. 
[04Oct2026 19:05:22.886] [Server thread/WARN] [net.minecraftforge.common.ForgeConfigSpec/CORE]: Incorrect key server.LimitedCopperBarrelIV.baseSlotLimitMultiplier was corrected from null to its default, 13. 
[04Oct2026 19:05:22.886] [Server thread/WARN] [net.minecraftforge.common.ForgeConfigSpec/CORE]: Incorrect key server.LimitedCopperBarrelIV.upgradeSlotCount was corrected from null to its default, 1. 
[04Oct2026 19:05:22.886] [Server thread/WARN] [net.minecraftforge.common.ForgeConfigSpec/CORE]: Incorrect key server.LimitedIronBarrelIV was corrected from null to its default, SimpleCommentedConfig:{}. 
[04Oct2026 19:05:22.886] [Server thread/WARN] [net.minecraftforge.common.ForgeConfigSpec/CORE]: Incorrect key server.LimitedIronBarrelIV.baseSlotLimitMultiplier was corrected from null to its default, 16. 
[04Oct2026 19:05:22.886] [Server thread/WARN] [net.minecraftforge.common.ForgeConfigSpec/CORE]: Incorrect key server.LimitedIronBarrelIV.upgradeSlotCount was corrected from null to its default, 2. 
[04Oct2026 19:05:22.886] [Server thread/WARN] [net.minecraftforge.common.ForgeConfigSpec/CORE]: Incorrect key server.LimitedGoldBarrelIV was corrected from null to its default, SimpleCommentedConfig:{}. 
[04Oct2026 19:05:22.886] [Server thread/WARN] [net.minecraftforge.common.ForgeConfigSpec/CORE]: Incorrect key server.LimitedGoldBarrelIV.baseSlotLimitMultiplier was corrected from null to its default, 24. 
[04Oct2026 19:05:22.886] [Server thread/WARN] [net.minecraftforge.common.ForgeConfigSpec/CORE]: Incorrect key server.LimitedGoldBarrelIV.upgradeSlotCount was corrected from null to its default, 3. 
[04Oct2026 19:05:22.886] [Server thread/WARN] [net.minecraftforge.common.ForgeConfigSpec/CORE]: Incorrect key server.LimitedDiamondBarrelIV was corrected from null to its default, SimpleCommentedConfig:{}. 
[04Oct2026 19:05:22.886] [Server thread/WARN] [net.minecraftforge.common.ForgeConfigSpec/CORE]: Incorrect key server.LimitedDiamondBarrelIV.baseSlotLimitMultiplier was corrected from null to its default, 32. 
[04Oct2026 19:05:22.886] [Server thread/WARN] [net.minecraftforge.common.ForgeConfigSpec/CORE]: Incorrect key server.LimitedDiamondBarrelIV.upgradeSlotCount was corrected from null to its default, 4. 
[04Oct2026 19:05:22.886] [Server thread/WARN] [net.minecraftforge.common.ForgeConfigSpec/CORE]: Incorrect key server.LimitedNetheriteBarrelIV was corrected from null to its default, SimpleCommentedConfig:{}. 
[04Oct2026 19:05:22.886] [Server thread/WARN] [net.minecraftforge.common.ForgeConfigSpec/CORE]: Incorrect key server.LimitedNetheriteBarrelIV.baseSlotLimitMultiplier was corrected from null to its default, 40. 
[04Oct2026 19:05:22.886] [Server thread/WARN] [net.minecraftforge.common.ForgeConfigSpec/CORE]: Incorrect key server.LimitedNetheriteBarrelIV.upgradeSlotCount was corrected from null to its default, 5. 
[04Oct2026 19:05:22.886] [Server thread/WARN] [net.minecraftforge.common.ForgeConfigSpec/CORE]: Incorrect key server.WoodChest was corrected from null to its default, SimpleCommentedConfig:{}. 
[04Oct2026 19:05:22.886] [Server thread/WARN] [net.minecraftforge.common.ForgeConfigSpec/CORE]: Incorrect key server.WoodChest.inventorySlotCount was corrected from null to its default, 27. 
[04Oct2026 19:05:22.886] [Server thread/WARN] [net.minecraftforge.common.ForgeConfigSpec/CORE]: Incorrect key server.WoodChest.upgradeSlotCount was corrected from null to its default, 1. 
[04Oct2026 19:05:22.887] [Server thread/WARN] [net.minecraftforge.common.ForgeConfigSpec/CORE]: Incorrect key server.CopperChest was corrected from null to its default, SimpleCommentedConfig:{}. 
[04Oct2026 19:05:22.887] [Server thread/WARN] [net.minecraftforge.common.ForgeConfigSpec/CORE]: Incorrect key server.CopperChest.inventorySlotCount was corrected from null to its default, 45. 
[04Oct2026 19:05:22.887] [Server thread/WARN] [net.minecraftforge.common.ForgeConfigSpec/CORE]: Incorrect key server.CopperChest.upgradeSlotCount was corrected from null to its default, 1. 
[04Oct2026 19:05:22.887] [Server thread/WARN] [net.minecraftforge.common.ForgeConfigSpec/CORE]: Incorrect key server.IronChest was corrected from null to its default, SimpleCommentedConfig:{}. 
[04Oct2026 19:05:22.887] [Server thread/WARN] [net.minecraftforge.common.ForgeConfigSpec/CORE]: Incorrect key server.IronChest.inventorySlotCount was corrected from null to its default, 54. 
[04Oct2026 19:05:22.887] [Server thread/WARN] [net.minecraftforge.common.ForgeConfigSpec/CORE]: Incorrect key server.IronChest.upgradeSlotCount was corrected from null to its default, 2. 
[04Oct2026 19:05:22.887] [Server thread/WARN] [net.minecraftforge.common.ForgeConfigSpec/CORE]: Incorrect key server.GoldChest was corrected from null to its default, SimpleCommentedConfig:{}. 
[04Oct2026 19:05:22.887] [Server thread/WARN] [net.minecraftforge.common.ForgeConfigSpec/CORE]: Incorrect key server.GoldChest.inventorySlotCount was corrected from null to its default, 81. 
[04Oct2026 19:05:22.887] [Server thread/WARN] [net.minecraftforge.common.ForgeConfigSpec/CORE]: Incorrect key server.GoldChest.upgradeSlotCount was corrected from null to its default, 3. 
[04Oct2026 19:05:22.887] [Server thread/WARN] [net.minecraftforge.common.ForgeConfigSpec/CORE]: Incorrect key server.DiamondChest was corrected from null to its default, SimpleCommentedConfig:{}. 
[04Oct2026 19:05:22.887] [Server thread/WARN] [net.minecraftforge.common.ForgeConfigSpec/CORE]: Incorrect key server.DiamondChest.inventorySlotCount was corrected from null to its default, 108. 
[04Oct2026 19:05:22.887] [Server thread/WARN] [net.minecraftforge.common.ForgeConfigSpec/CORE]: Incorrect key server.DiamondChest.upgradeSlotCount was corrected from null to its default, 4. 
[04Oct2026 19:05:22.887] [Server thread/WARN] [net.minecraftforge.common.ForgeConfigSpec/CORE]: Incorrect key server.NetheriteChest was corrected from null to its default, SimpleCommentedConfig:{}. 
[04Oct2026 19:05:22.887] [Server thread/WARN] [net.minecraftforge.common.ForgeConfigSpec/CORE]: Incorrect key server.NetheriteChest.inventorySlotCount was corrected from null to its default, 132. 
[04Oct2026 19:05:22.887] [Server thread/WARN] [net.minecraftforge.common.ForgeConfigSpec/CORE]: Incorrect key server.NetheriteChest.upgradeSlotCount was corrected from null to its default, 5. 
[04Oct2026 19:05:22.887] [Server thread/WARN] [net.minecraftforge.common.ForgeConfigSpec/CORE]: Incorrect key server.ShulkerBox was corrected from null to its default, SimpleCommentedConfig:{}. 
[04Oct2026 19:05:22.887] [Server thread/WARN] [net.minecraftforge.common.ForgeConfigSpec/CORE]: Incorrect key server.ShulkerBox.inventorySlotCount was corrected from null to its default, 27. 
[04Oct2026 19:05:22.887] [Server thread/WARN] [net.minecraftforge.common.ForgeConfigSpec/CORE]: Incorrect key server.ShulkerBox.upgradeSlotCount was corrected from null to its default, 1. 
[04Oct2026 19:05:22.887] [Server thread/WARN] [net.minecraftforge.common.ForgeConfigSpec/CORE]: Incorrect key server.CopperShulkerBox was corrected from null to its default, SimpleCommentedConfig:{}. 
[04Oct2026 19:05:22.888] [Server thread/WARN] [net.minecraftforge.common.ForgeConfigSpec/CORE]: Incorrect key server.CopperShulkerBox.inventorySlotCount was corrected from null to its default, 45. 
[04Oct2026 19:05:22.888] [Server thread/WARN] [net.minecraftforge.common.ForgeConfigSpec/CORE]: Incorrect key server.CopperShulkerBox.upgradeSlotCount was corrected from null to its default, 1. 
[04Oct2026 19:05:22.888] [Server thread/WARN] [net.minecraftforge.common.ForgeConfigSpec/CORE]: Incorrect key server.IronShulkerBox was corrected from null to its default, SimpleCommentedConfig:{}. 
[04Oct2026 19:05:22.888] [Server thread/WARN] [net.minecraftforge.common.ForgeConfigSpec/CORE]: Incorrect key server.IronShulkerBox.inventorySlotCount was corrected from null to its default, 54. 
[04Oct2026 19:05:22.888] [Server thread/WARN] [net.minecraftforge.common.ForgeConfigSpec/CORE]: Incorrect key server.IronShulkerBox.upgradeSlotCount was corrected from null to its default, 2. 
[04Oct2026 19:05:22.888] [Server thread/WARN] [net.minecraftforge.common.ForgeConfigSpec/CORE]: Incorrect key server.GoldShulkerBox was corrected from null to its default, SimpleCommentedConfig:{}. 
[04Oct2026 19:05:22.888] [Server thread/WARN] [net.minecraftforge.common.ForgeConfigSpec/CORE]: Incorrect key server.GoldShulkerBox.inventorySlotCount was corrected from null to its default, 81. 
[04Oct2026 19:05:22.888] [Server thread/WARN] [net.minecraftforge.common.ForgeConfigSpec/CORE]: Incorrect key server.GoldShulkerBox.upgradeSlotCount was corrected from null to its default, 3. 
[04Oct2026 19:05:22.888] [Server thread/WARN] [net.minecraftforge.common.ForgeConfigSpec/CORE]: Incorrect key server.DiamondShulkerBox was corrected from null to its default, SimpleCommentedConfig:{}. 
[04Oct2026 19:05:22.888] [Server thread/WARN] [net.minecraftforge.common.ForgeConfigSpec/CORE]: Incorrect key server.DiamondShulkerBox.inventorySlotCount was corrected from null to its default, 108. 
[04Oct2026 19:05:22.888] [Server thread/WARN] [net.minecraftforge.common.ForgeConfigSpec/CORE]: Incorrect key server.DiamondShulkerBox.upgradeSlotCount was corrected from null to its default, 4. 
[04Oct2026 19:05:22.888] [Server thread/WARN] [net.minecraftforge.common.ForgeConfigSpec/CORE]: Incorrect key server.NetheriteShulkerBox was corrected from null to its default, SimpleCommentedConfig:{}. 
[04Oct2026 19:05:22.888] [Server thread/WARN] [net.minecraftforge.common.ForgeConfigSpec/CORE]: Incorrect key server.NetheriteShulkerBox.inventorySlotCount was corrected from null to its default, 132. 
[04Oct2026 19:05:22.888] [Server thread/WARN] [net.minecraftforge.common.ForgeConfigSpec/CORE]: Incorrect key server.NetheriteShulkerBox.upgradeSlotCount was corrected from null to its default, 5. 
[04Oct2026 19:05:22.888] [Server thread/WARN] [net.minecraftforge.common.ForgeConfigSpec/CORE]: Incorrect key server.shulkerBoxDisallowedItems was corrected from null to its default, SimpleCommentedConfig:{}. 
[04Oct2026 19:05:22.888] [Server thread/WARN] [net.minecraftforge.common.ForgeConfigSpec/CORE]: Incorrect key server.shulkerBoxDisallowedItems.disallowedItems was corrected from null to its default, []. 
[04Oct2026 19:05:22.888] [Server thread/WARN] [net.minecraftforge.common.ForgeConfigSpec/CORE]: Incorrect key server.shulkerBoxDisallowedItems.containerItemsDisallowed was corrected from null to its default, false. 
[04Oct2026 19:05:22.889] [Server thread/WARN] [net.minecraftforge.common.ForgeConfigSpec/CORE]: Incorrect key server.stackUpgrade was corrected from null to its default, SimpleCommentedConfig:{}. 
[04Oct2026 19:05:22.889] [Server thread/WARN] [net.minecraftforge.common.ForgeConfigSpec/CORE]: Incorrect key server.stackUpgrade.nonStackableItems was corrected from null to its default, [minecraft:bundle, minecraft:shulker_box, minecraft:white_shulker_box, minecraft:orange_shulker_box, minecraft:magenta_shulker_box, minecraft:light_blue_shulker_box, minecraft:yellow_shulker_box, minecraft:lime_shulker_box, minecraft:pink_shulker_box, minecraft:gray_shulker_box, minecraft:light_gray_shulker_box, minecraft:cyan_shulker_box, minecraft:purple_shulker_box, minecraft:blue_shulker_box, minecraft:brown_shulker_box, minecraft:green_shulker_box, minecraft:red_shulker_box, minecraft:black_shulker_box]. 
[04Oct2026 19:05:22.889] [Server thread/WARN] [net.minecraftforge.common.ForgeConfigSpec/CORE]: Incorrect key server.compactingUpgrade was corrected from null to its default, SimpleCommentedConfig:{}. 
[04Oct2026 19:05:22.889] [Server thread/WARN] [net.minecraftforge.common.ForgeConfigSpec/CORE]: Incorrect key server.compactingUpgrade.filterSlots was corrected from null to its default, 9. 
[04Oct2026 19:05:22.889] [Server thread/WARN] [net.minecraftforge.common.ForgeConfigSpec/CORE]: Incorrect key server.compactingUpgrade.slotsInRow was corrected from null to its default, 3. 
[04Oct2026 19:05:22.889] [Server thread/WARN] [net.minecraftforge.common.ForgeConfigSpec/CORE]: Incorrect key server.compactingUpgrade.additionalCompactingShapes was corrected from null to its default, [111/101/111]. 
[04Oct2026 19:05:22.889] [Server thread/WARN] [net.minecraftforge.common.ForgeConfigSpec/CORE]: Incorrect key server.compactingUpgrade.additionalCompactingShapeOverrides was corrected from null to its default, []. 
[04Oct2026 19:05:22.889] [Server thread/WARN] [net.minecraftforge.common.ForgeConfigSpec/CORE]: Incorrect key server.advancedCompactingUpgrade was corrected from null to its default, SimpleCommentedConfig:{}. 
[04Oct2026 19:05:22.889] [Server thread/WARN] [net.minecraftforge.common.ForgeConfigSpec/CORE]: Incorrect key server.advancedCompactingUpgrade.filterSlots was corrected from null to its default, 16. 
[04Oct2026 19:05:22.889] [Server thread/WARN] [net.minecraftforge.common.ForgeConfigSpec/CORE]: Incorrect key server.advancedCompactingUpgrade.slotsInRow was corrected from null to its default, 4. 
[04Oct2026 19:05:22.889] [Server thread/WARN] [net.minecraftforge.common.ForgeConfigSpec/CORE]: Incorrect key server.depositUpgrade was corrected from null to its default, SimpleCommentedConfig:{}. 
[04Oct2026 19:05:22.889] [Server thread/WARN] [net.minecraftforge.common.ForgeConfigSpec/CORE]: Incorrect key server.depositUpgrade.filterSlots was corrected from null to its default, 9. 
[04Oct2026 19:05:22.889] [Server thread/WARN] [net.minecraftforge.common.ForgeConfigSpec/CORE]: Incorrect key server.depositUpgrade.slotsInRow was corrected from null to its default, 3. 
[04Oct2026 19:05:22.889] [Server thread/WARN] [net.minecraftforge.common.ForgeConfigSpec/CORE]: Incorrect key server.advancedDepositUpgrade was corrected from null to its default, SimpleCommentedConfig:{}. 
[04Oct2026 19:05:22.889] [Server thread/WARN] [net.minecraftforge.common.ForgeConfigSpec/CORE]: Incorrect key server.advancedDepositUpgrade.filterSlots was corrected from null to its default, 16. 
[04Oct2026 19:05:22.889] [Server thread/WARN] [net.minecraftforge.common.ForgeConfigSpec/CORE]: Incorrect key server.advancedDepositUpgrade.slotsInRow was corrected from null to its default, 4. 
[04Oct2026 19:05:22.889] [Server thread/WARN] [net.minecraftforge.common.ForgeConfigSpec/CORE]: Incorrect key server.feedingUpgrade was corrected from null to its default, SimpleCommentedConfig:{}. 
[04Oct2026 19:05:22.889] [Server thread/WARN] [net.minecraftforge.common.ForgeConfigSpec/CORE]: Incorrect key server.feedingUpgrade.filterSlots was corrected from null to its default, 9. 
[04Oct2026 19:05:22.889] [Server thread/WARN] [net.minecraftforge.common.ForgeConfigSpec/CORE]: Incorrect key server.feedingUpgrade.slotsInRow was corrected from null to its default, 3. 
[04Oct2026 19:05:22.889] [Server thread/WARN] [net.minecraftforge.common.ForgeConfigSpec/CORE]: Incorrect key server.advancedFeedingUpgrade was corrected from null to its default, SimpleCommentedConfig:{}. 
[04Oct2026 19:05:22.890] [Server thread/WARN] [net.minecraftforge.common.ForgeConfigSpec/CORE]: Incorrect key server.advancedFeedingUpgrade.filterSlots was corrected from null to its default, 16. 
[04Oct2026 19:05:22.890] [Server thread/WARN] [net.minecraftforge.common.ForgeConfigSpec/CORE]: Incorrect key server.advancedFeedingUpgrade.slotsInRow was corrected from null to its default, 4. 
[04Oct2026 19:05:22.890] [Server thread/WARN] [net.minecraftforge.common.ForgeConfigSpec/CORE]: Incorrect key server.filterUpgrade was corrected from null to its default, SimpleCommentedConfig:{}. 
[04Oct2026 19:05:22.890] [Server thread/WARN] [net.minecraftforge.common.ForgeConfigSpec/CORE]: Incorrect key server.filterUpgrade.filterSlots was corrected from null to its default, 9. 
[04Oct2026 19:05:22.890] [Server thread/WARN] [net.minecraftforge.common.ForgeConfigSpec/CORE]: Incorrect key server.filterUpgrade.slotsInRow was corrected from null to its default, 3. 
[04Oct2026 19:05:22.890] [Server thread/WARN] [net.minecraftforge.common.ForgeConfigSpec/CORE]: Incorrect key server.advancedFilterUpgrade was corrected from null to its default, SimpleCommentedConfig:{}. 
[04Oct2026 19:05:22.890] [Server thread/WARN] [net.minecraftforge.common.ForgeConfigSpec/CORE]: Incorrect key server.advancedFilterUpgrade.filterSlots was corrected from null to its default, 16. 
[04Oct2026 19:05:22.890] [Server thread/WARN] [net.minecraftforge.common.ForgeConfigSpec/CORE]: Incorrect key server.advancedFilterUpgrade.slotsInRow was corrected from null to its default, 4. 
[04Oct2026 19:05:22.890] [Server thread/WARN] [net.minecraftforge.common.ForgeConfigSpec/CORE]: Incorrect key server.magnetUpgrade was corrected from null to its default, SimpleCommentedConfig:{}. 
[04Oct2026 19:05:22.890] [Server thread/WARN] [net.minecraftforge.common.ForgeConfigSpec/CORE]: Incorrect key server.magnetUpgrade.filterSlots was corrected from null to its default, 9. 
[04Oct2026 19:05:22.890] [Server thread/WARN] [net.minecraftforge.common.ForgeConfigSpec/CORE]: Incorrect key server.magnetUpgrade.slotsInRow was corrected from null to its default, 3. 
[04Oct2026 19:05:22.890] [Server thread/WARN] [net.minecraftforge.common.ForgeConfigSpec/CORE]: Incorrect key server.magnetUpgrade.magnetRange was corrected from null to its default, 3. 
[04Oct2026 19:05:22.891] [Server thread/WARN] [net.minecraftforge.common.ForgeConfigSpec/CORE]: Incorrect key server.advancedMagnetUpgrade was corrected from null to its default, SimpleCommentedConfig:{}. 
[04Oct2026 19:05:22.891] [Server thread/WARN] [net.minecraftforge.common.ForgeConfigSpec/CORE]: Incorrect key server.advancedMagnetUpgrade.filterSlots was corrected from null to its default, 16. 
[04Oct2026 19:05:22.891] [Server thread/WARN] [net.minecraftforge.common.ForgeConfigSpec/CORE]: Incorrect key server.advancedMagnetUpgrade.slotsInRow was corrected from null to its default, 4. 
[04Oct2026 19:05:22.891] [Server thread/WARN] [net.minecraftforge.common.ForgeConfigSpec/CORE]: Incorrect key server.advancedMagnetUpgrade.magnetRange was corrected from null to its default, 5. 
[04Oct2026 19:05:22.891] [Server thread/WARN] [net.minecraftforge.common.ForgeConfigSpec/CORE]: Incorrect key server.pickupUpgrade was corrected from null to its default, SimpleCommentedConfig:{}. 
[04Oct2026 19:05:22.891] [Server thread/WARN] [net.minecraftforge.common.ForgeConfigSpec/CORE]: Incorrect key server.pickupUpgrade.filterSlots was corrected from null to its default, 9. 
[04Oct2026 19:05:22.891] [Server thread/WARN] [net.minecraftforge.common.ForgeConfigSpec/CORE]: Incorrect key server.pickupUpgrade.slotsInRow was corrected from null to its default, 3. 
[04Oct2026 19:05:22.891] [Server thread/WARN] [net.minecraftforge.common.ForgeConfigSpec/CORE]: Incorrect key server.advancedPickupUpgrade was corrected from null to its default, SimpleCommentedConfig:{}. 
[04Oct2026 19:05:22.891] [Server thread/WARN] [net.minecraftforge.common.ForgeConfigSpec/CORE]: Incorrect key server.advancedPickupUpgrade.filterSlots was corrected from null to its default, 16. 
[04Oct2026 19:05:22.891] [Server thread/WARN] [net.minecraftforge.common.ForgeConfigSpec/CORE]: Incorrect key server.advancedPickupUpgrade.slotsInRow was corrected from null to its default, 4. 
[04Oct2026 19:05:22.892] [Server thread/WARN] [net.minecraftforge.common.ForgeConfigSpec/CORE]: Incorrect key server.voidUpgrade was corrected from null to its default, SimpleCommentedConfig:{}. 
[04Oct2026 19:05:22.892] [Server thread/WARN] [net.minecraftforge.common.ForgeConfigSpec/CORE]: Incorrect key server.voidUpgrade.filterSlots was corrected from null to its default, 9. 
[04Oct2026 19:05:22.892] [Server thread/WARN] [net.minecraftforge.common.ForgeConfigSpec/CORE]: Incorrect key server.voidUpgrade.slotsInRow was corrected from null to its default, 3. 
[04Oct2026 19:05:22.892] [Server thread/WARN] [net.minecraftforge.common.ForgeConfigSpec/CORE]: Incorrect key server.voidUpgrade.voidAlwaysEnabled was corrected from null to its default, true. 
[04Oct2026 19:05:22.892] [Server thread/WARN] [net.minecraftforge.common.ForgeConfigSpec/CORE]: Incorrect key server.advancedVoidUpgrade was corrected from null to its default, SimpleCommentedConfig:{}. 
[04Oct2026 19:05:22.892] [Server thread/WARN] [net.minecraftforge.common.ForgeConfigSpec/CORE]: Incorrect key server.advancedVoidUpgrade.filterSlots was corrected from null to its default, 16. 
[04Oct2026 19:05:22.892] [Server thread/WARN] [net.minecraftforge.common.ForgeConfigSpec/CORE]: Incorrect key server.advancedVoidUpgrade.slotsInRow was corrected from null to its default, 4. 
[04Oct2026 19:05:22.892] [Server thread/WARN] [net.minecraftforge.common.ForgeConfigSpec/CORE]: Incorrect key server.advancedVoidUpgrade.voidAlwaysEnabled was corrected from null to its default, true. 
[04Oct2026 19:05:22.892] [Server thread/WARN] [net.minecraftforge.common.ForgeConfigSpec/CORE]: Incorrect key server.smeltingUpgrade was corrected from null to its default, SimpleCommentedConfig:{}. 
[04Oct2026 19:05:22.893] [Server thread/WARN] [net.minecraftforge.common.ForgeConfigSpec/CORE]: Incorrect key server.smeltingUpgrade.smeltingSpeedMultiplier was corrected from null to its default, 1.0. 
[04Oct2026 19:05:22.893] [Server thread/WARN] [net.minecraftforge.common.ForgeConfigSpec/CORE]: Incorrect key server.smeltingUpgrade.fuelEfficiencyMultiplier was corrected from null to its default, 1.0. 
[04Oct2026 19:05:22.893] [Server thread/WARN] [net.minecraftforge.common.ForgeConfigSpec/CORE]: Incorrect key server.smokingUpgrade was corrected from null to its default, SimpleCommentedConfig:{}. 
[04Oct2026 19:05:22.893] [Server thread/WARN] [net.minecraftforge.common.ForgeConfigSpec/CORE]: Incorrect key server.smokingUpgrade.smeltingSpeedMultiplier was corrected from null to its default, 1.0. 
[04Oct2026 19:05:22.893] [Server thread/WARN] [net.minecraftforge.common.ForgeConfigSpec/CORE]: Incorrect key server.smokingUpgrade.fuelEfficiencyMultiplier was corrected from null to its default, 1.0. 
[04Oct2026 19:05:22.893] [Server thread/WARN] [net.minecraftforge.common.ForgeConfigSpec/CORE]: Incorrect key server.blastingUpgrade was corrected from null to its default, SimpleCommentedConfig:{}. 
[04Oct2026 19:05:22.893] [Server thread/WARN] [net.minecraftforge.common.ForgeConfigSpec/CORE]: Incorrect key server.blastingUpgrade.smeltingSpeedMultiplier was corrected from null to its default, 1.0. 
[04Oct2026 19:05:22.893] [Server thread/WARN] [net.minecraftforge.common.ForgeConfigSpec/CORE]: Incorrect key server.blastingUpgrade.fuelEfficiencyMultiplier was corrected from null to its default, 1.0. 
[04Oct2026 19:05:22.893] [Server thread/WARN] [net.minecraftforge.common.ForgeConfigSpec/CORE]: Incorrect key server.autoSmeltingUpgrade was corrected from null to its default, SimpleCommentedConfig:{}. 
[04Oct2026 19:05:22.893] [Server thread/WARN] [net.minecraftforge.common.ForgeConfigSpec/CORE]: Incorrect key server.autoSmeltingUpgrade.smeltingSpeedMultiplier was corrected from null to its default, 1.0. 
[04Oct2026 19:05:22.893] [Server thread/WARN] [net.minecraftforge.common.ForgeConfigSpec/CORE]: Incorrect key server.autoSmeltingUpgrade.fuelEfficiencyMultiplier was corrected from null to its default, 1.0. 
[04Oct2026 19:05:22.894] [Server thread/WARN] [net.minecraftforge.common.ForgeConfigSpec/CORE]: Incorrect key server.autoSmeltingUpgrade.inputFilterSlots was corrected from null to its default, 8. 
[04Oct2026 19:05:22.894] [Server thread/WARN] [net.minecraftforge.common.ForgeConfigSpec/CORE]: Incorrect key server.autoSmeltingUpgrade.inputFilterSlotsInRow was corrected from null to its default, 4. 
[04Oct2026 19:05:22.894] [Server thread/WARN] [net.minecraftforge.common.ForgeConfigSpec/CORE]: Incorrect key server.autoSmeltingUpgrade.fuelFilterSlots was corrected from null to its default, 4. 
[04Oct2026 19:05:22.894] [Server thread/WARN] [net.minecraftforge.common.ForgeConfigSpec/CORE]: Incorrect key server.autoSmeltingUpgrade.fuelFilterSlotsInRow was corrected from null to its default, 4. 
[04Oct2026 19:05:22.894] [Server thread/WARN] [net.minecraftforge.common.ForgeConfigSpec/CORE]: Incorrect key server.autoSmokingUpgrade was corrected from null to its default, SimpleCommentedConfig:{}. 
[04Oct2026 19:05:22.894] [Server thread/WARN] [net.minecraftforge.common.ForgeConfigSpec/CORE]: Incorrect key server.autoSmokingUpgrade.smeltingSpeedMultiplier was corrected from null to its default, 1.0. 
[04Oct2026 19:05:22.894] [Server thread/WARN] [net.minecraftforge.common.ForgeConfigSpec/CORE]: Incorrect key server.autoSmokingUpgrade.fuelEfficiencyMultiplier was corrected from null to its default, 1.0. 
[04Oct2026 19:05:22.894] [Server thread/WARN] [net.minecraftforge.common.ForgeConfigSpec/CORE]: Incorrect key server.autoSmokingUpgrade.inputFilterSlots was corrected from null to its default, 8. 
[04Oct2026 19:05:22.894] [Server thread/WARN] [net.minecraftforge.common.ForgeConfigSpec/CORE]: Incorrect key server.autoSmokingUpgrade.inputFilterSlotsInRow was corrected from null to its default, 4. 
[04Oct2026 19:05:22.894] [Server thread/WARN] [net.minecraftforge.common.ForgeConfigSpec/CORE]: Incorrect key server.autoSmokingUpgrade.fuelFilterSlots was corrected from null to its default, 4. 
[04Oct2026 19:05:22.894] [Server thread/WARN] [net.minecraftforge.common.ForgeConfigSpec/CORE]: Incorrect key server.autoSmokingUpgrade.fuelFilterSlotsInRow was corrected from null to its default, 4. 
[04Oct2026 19:05:22.895] [Server thread/WARN] [net.minecraftforge.common.ForgeConfigSpec/CORE]: Incorrect key server.autoBlastingUpgrade was corrected from null to its default, SimpleCommentedConfig:{}. 
[04Oct2026 19:05:22.895] [Server thread/WARN] [net.minecraftforge.common.ForgeConfigSpec/CORE]: Incorrect key server.autoBlastingUpgrade.smeltingSpeedMultiplier was corrected from null to its default, 1.0. 
[04Oct2026 19:05:22.895] [Server thread/WARN] [net.minecraftforge.common.ForgeConfigSpec/CORE]: Incorrect key server.autoBlastingUpgrade.fuelEfficiencyMultiplier was corrected from null to its default, 1.0. 
[04Oct2026 19:05:22.895] [Server thread/WARN] [net.minecraftforge.common.ForgeConfigSpec/CORE]: Incorrect key server.autoBlastingUpgrade.inputFilterSlots was corrected from null to its default, 8. 
[04Oct2026 19:05:22.895] [Server thread/WARN] [net.minecraftforge.common.ForgeConfigSpec/CORE]: Incorrect key server.autoBlastingUpgrade.inputFilterSlotsInRow was corrected from null to its default, 4. 
[04Oct2026 19:05:22.895] [Server thread/WARN] [net.minecraftforge.common.ForgeConfigSpec/CORE]: Incorrect key server.autoBlastingUpgrade.fuelFilterSlots was corrected from null to its default, 4. 
[04Oct2026 19:05:22.895] [Server thread/WARN] [net.minecraftforge.common.ForgeConfigSpec/CORE]: Incorrect key server.autoBlastingUpgrade.fuelFilterSlotsInRow was corrected from null to its default, 4. 
[04Oct2026 19:05:22.895] [Server thread/WARN] [net.minecraftforge.common.ForgeConfigSpec/CORE]: Incorrect key server.pumpUpgrade was corrected from null to its default, SimpleCommentedConfig:{}. 
[04Oct2026 19:05:22.896] [Server thread/WARN] [net.minecraftforge.common.ForgeConfigSpec/CORE]: Incorrect key server.pumpUpgrade.filterSlots was corrected from null to its default, 4. 
[04Oct2026 19:05:22.896] [Server thread/WARN] [net.minecraftforge.common.ForgeConfigSpec/CORE]: Incorrect key server.pumpUpgrade.maxInputOutput was corrected from null to its default, 20. 
[04Oct2026 19:05:22.896] [Server thread/WARN] [net.minecraftforge.common.ForgeConfigSpec/CORE]: Incorrect key server.pumpUpgrade.stackMultiplierRatio was corrected from null to its default, 1.0. 
[04Oct2026 19:05:22.896] [Server thread/WARN] [net.minecraftforge.common.ForgeConfigSpec/CORE]: Incorrect key server.xpPumpUpgrade was corrected from null to its default, SimpleCommentedConfig:{}. 
[04Oct2026 19:05:22.896] [Server thread/WARN] [net.minecraftforge.common.ForgeConfigSpec/CORE]: Incorrect key server.xpPumpUpgrade.mendingOn was corrected from null to its default, true. 
[04Oct2026 19:05:22.896] [Server thread/WARN] [net.minecraftforge.common.ForgeConfigSpec/CORE]: Incorrect key server.xpPumpUpgrade.maxXpPointsPerMending was corrected from null to its default, 5. 
[04Oct2026 19:05:22.896] [Server thread/WARN] [net.minecraftforge.common.ForgeConfigSpec/CORE]: Incorrect key server.compressionUpgrade was corrected from null to its default, SimpleCommentedConfig:{}. 
[04Oct2026 19:05:22.896] [Server thread/WARN] [net.minecraftforge.common.ForgeConfigSpec/CORE]: Incorrect key server.compressionUpgrade.maxNumberOfSlots was corrected from null to its default, 5. 
[04Oct2026 19:05:22.896] [Server thread/WARN] [net.minecraftforge.common.ForgeConfigSpec/CORE]: Incorrect key server.compressionUpgrade.additionalDecompressibleItems was corrected from null to its default, [minecraft:glowstone=4xminecraft:glowstone_dust, minecraft:quartz_block=4xminecraft:quartz, minecraft:clay=4xminecraft:clay_ball, minecraft:snow_block=4xminecraft:snowball, minecraft:bricks=4xminecraft:brick, minecraft:nether_bricks=4xminecraft:nether_brick, minecraft:nether_wart_block=9xminecraft:nether_wart, minecraft:melon=9xminecraft:melon_slice, minecraft:packed_ice=9xminecraft:ice, minecraft:blue_ice=9xminecraft:packed_ice]. 
[04Oct2026 19:05:22.896] [Server thread/WARN] [net.minecraftforge.common.ForgeConfigSpec/CORE]: Incorrect key server.hopperUpgrade was corrected from null to its default, SimpleCommentedConfig:{}. 
[04Oct2026 19:05:22.896] [Server thread/WARN] [net.minecraftforge.common.ForgeConfigSpec/CORE]: Incorrect key server.hopperUpgrade.inputFilterSlots was corrected from null to its default, 2. 
[04Oct2026 19:05:22.896] [Server thread/WARN] [net.minecraftforge.common.ForgeConfigSpec/CORE]: Incorrect key server.hopperUpgrade.inputFilterSlotsInRow was corrected from null to its default, 2. 
[04Oct2026 19:05:22.896] [Server thread/WARN] [net.minecraftforge.common.ForgeConfigSpec/CORE]: Incorrect key server.hopperUpgrade.outputFilterSlots was corrected from null to its default, 2. 
[04Oct2026 19:05:22.896] [Server thread/WARN] [net.minecraftforge.common.ForgeConfigSpec/CORE]: Incorrect key server.hopperUpgrade.outputFilterSlotsInRow was corrected from null to its default, 2. 
[04Oct2026 19:05:22.897] [Server thread/WARN] [net.minecraftforge.common.ForgeConfigSpec/CORE]: Incorrect key server.hopperUpgrade.transferSpeedTicks was corrected from null to its default, 8. 
[04Oct2026 19:05:22.897] [Server thread/WARN] [net.minecraftforge.common.ForgeConfigSpec/CORE]: Incorrect key server.hopperUpgrade.maxTransferStackSize was corrected from null to its default, 1. 
[04Oct2026 19:05:22.897] [Server thread/WARN] [net.minecraftforge.common.ForgeConfigSpec/CORE]: Incorrect key server.advancedHopperUpgrade was corrected from null to its default, SimpleCommentedConfig:{}. 
[04Oct2026 19:05:22.897] [Server thread/WARN] [net.minecraftforge.common.ForgeConfigSpec/CORE]: Incorrect key server.advancedHopperUpgrade.inputFilterSlots was corrected from null to its default, 4. 
[04Oct2026 19:05:22.897] [Server thread/WARN] [net.minecraftforge.common.ForgeConfigSpec/CORE]: Incorrect key server.advancedHopperUpgrade.inputFilterSlotsInRow was corrected from null to its default, 4. 
[04Oct2026 19:05:22.897] [Server thread/WARN] [net.minecraftforge.common.ForgeConfigSpec/CORE]: Incorrect key server.advancedHopperUpgrade.outputFilterSlots was corrected from null to its default, 4. 
[04Oct2026 19:05:22.897] [Server thread/WARN] [net.minecraftforge.common.ForgeConfigSpec/CORE]: Incorrect key server.advancedHopperUpgrade.outputFilterSlotsInRow was corrected from null to its default, 4. 
[04Oct2026 19:05:22.897] [Server thread/WARN] [net.minecraftforge.common.ForgeConfigSpec/CORE]: Incorrect key server.advancedHopperUpgrade.transferSpeedTicks was corrected from null to its default, 2. 
[04Oct2026 19:05:22.897] [Server thread/WARN] [net.minecraftforge.common.ForgeConfigSpec/CORE]: Incorrect key server.advancedHopperUpgrade.maxTransferStackSize was corrected from null to its default, 4. 
[04Oct2026 19:05:22.897] [Server thread/WARN] [net.minecraftforge.common.ForgeConfigSpec/CORE]: Incorrect key server.advancedJukeboxUpgrade was corrected from null to its default, SimpleCommentedConfig:{}. 
[04Oct2026 19:05:22.897] [Server thread/WARN] [net.minecraftforge.common.ForgeConfigSpec/CORE]: Incorrect key server.advancedJukeboxUpgrade.numberOfSlots was corrected from null to its default, 12. 
[04Oct2026 19:05:22.897] [Server thread/WARN] [net.minecraftforge.common.ForgeConfigSpec/CORE]: Incorrect key server.advancedJukeboxUpgrade.slotsInRow was corrected from null to its default, 4. 
[04Oct2026 19:05:22.897] [Server thread/WARN] [net.minecraftforge.common.ForgeConfigSpec/CORE]: Incorrect key server.alchemyUpgrade was corrected from null to its default, SimpleCommentedConfig:{}. 
[04Oct2026 19:05:22.898] [Server thread/WARN] [net.minecraftforge.common.ForgeConfigSpec/CORE]: Incorrect key server.alchemyUpgrade.filterSlots was corrected from null to its default, 4. 
[04Oct2026 19:05:22.898] [Server thread/WARN] [net.minecraftforge.common.ForgeConfigSpec/CORE]: Incorrect key server.advancedAlchemyUpgrade was corrected from null to its default, SimpleCommentedConfig:{}. 
[04Oct2026 19:05:22.898] [Server thread/WARN] [net.minecraftforge.common.ForgeConfigSpec/CORE]: Incorrect key server.advancedAlchemyUpgrade.filterSlots was corrected from null to its default, 8. 
[04Oct2026 19:05:22.898] [Server thread/WARN] [net.minecraftforge.common.ForgeConfigSpec/CORE]: Incorrect key server.maxUpgradesPerStorage was corrected from null to its default, [barrel|stack_upgrades|2, barrel|furnace_upgrades|1, barrel|jukebox_upgrades|1, shulker_box|stack_upgrades|2, shulker_box|furnace_upgrades|1, shulker_box|jukebox_upgrades|1, chest|stack_upgrades|2, chest|furnace_upgrades|1, chest|jukebox_upgrades|1, limited_barrel|jukebox_upgrades|1, limited_barrel|furnace_upgrades|1]. 
[04Oct2026 19:05:22.898] [Server thread/WARN] [net.minecraftforge.common.ForgeConfigSpec/CORE]: Incorrect key server.tooManyItemEntityDrops was corrected from null to its default, 200. 
[04Oct2026 19:05:22.898] [Server thread/WARN] [net.minecraftforge.common.ForgeConfigSpec/CORE]: Incorrect key server.limitedBarrelCountDyeingEnabled was corrected from null to its default, true. 
[04Oct2026 19:05:22.898] [Server thread/WARN] [net.minecraftforge.common.ForgeConfigSpec/CORE]: Incorrect key server.controllerRange was corrected from null to its default, 15. 
[04Oct2026 19:05:22.903] [Server thread/WARN] [net.minecraftforge.common.ForgeConfigSpec/CORE]: Configuration file /Users/caden/A.Developer/JuniorMC/SERVER/config/enchantinginfuser-server.toml is not correct. Correcting
[04Oct2026 19:05:22.903] [Server thread/WARN] [net.minecraftforge.common.ForgeConfigSpec/CORE]: Incorrect key advanced_infuser was corrected from null to its default, SimpleCommentedConfig:{}. 
[04Oct2026 19:05:22.903] [Server thread/WARN] [net.minecraftforge.common.ForgeConfigSpec/CORE]: Incorrect key advanced_infuser.allow_repairing was corrected from null to its default, TOOLS_AND_ARMOR. 
[04Oct2026 19:05:22.904] [Server thread/WARN] [net.minecraftforge.common.ForgeConfigSpec/CORE]: Incorrect key advanced_infuser.types was corrected from null to its default, SimpleCommentedConfig:{}. 
[04Oct2026 19:05:22.904] [Server thread/WARN] [net.minecraftforge.common.ForgeConfigSpec/CORE]: Incorrect key advanced_infuser.types.allow_curses_enchantments was corrected from null to its default, false. 
[04Oct2026 19:05:22.904] [Server thread/WARN] [net.minecraftforge.common.ForgeConfigSpec/CORE]: Incorrect key advanced_infuser.types.allow_treasure_enchantments was corrected from null to its default, false. 
[04Oct2026 19:05:22.904] [Server thread/WARN] [net.minecraftforge.common.ForgeConfigSpec/CORE]: Incorrect key advanced_infuser.types.allow_untradeable_enchantments was corrected from null to its default, false. 
[04Oct2026 19:05:22.904] [Server thread/WARN] [net.minecraftforge.common.ForgeConfigSpec/CORE]: Incorrect key advanced_infuser.types.allow_anvil_enchantments was corrected from null to its default, true. 
[04Oct2026 19:05:22.904] [Server thread/WARN] [net.minecraftforge.common.ForgeConfigSpec/CORE]: Incorrect key advanced_infuser.types.allow_undiscoverable_enchantments was corrected from null to its default, false. 
[04Oct2026 19:05:22.904] [Server thread/WARN] [net.minecraftforge.common.ForgeConfigSpec/CORE]: Incorrect key advanced_infuser.repair was corrected from null to its default, SimpleCommentedConfig:{}. 
[04Oct2026 19:05:22.904] [Server thread/WARN] [net.minecraftforge.common.ForgeConfigSpec/CORE]: Incorrect key advanced_infuser.repair.repair_step_multiplier was corrected from null to its default, 2.0. 
[04Oct2026 19:05:22.904] [Server thread/WARN] [net.minecraftforge.common.ForgeConfigSpec/CORE]: Incorrect key advanced_infuser.repair.repair_percentage_step was corrected from null to its default, 0.25. 
[04Oct2026 19:05:22.904] [Server thread/WARN] [net.minecraftforge.common.ForgeConfigSpec/CORE]: Incorrect key advanced_infuser.costs was corrected from null to its default, SimpleCommentedConfig:{}. 
[04Oct2026 19:05:22.904] [Server thread/WARN] [net.minecraftforge.common.ForgeConfigSpec/CORE]: Incorrect key advanced_infuser.costs.very_rare_cost_multiplier was corrected from null to its default, 5. 
[04Oct2026 19:05:22.904] [Server thread/WARN] [net.minecraftforge.common.ForgeConfigSpec/CORE]: Incorrect key advanced_infuser.costs.double_uniques was corrected from null to its default, true. 
[04Oct2026 19:05:22.904] [Server thread/WARN] [net.minecraftforge.common.ForgeConfigSpec/CORE]: Incorrect key advanced_infuser.costs.rare_cost_multiplier was corrected from null to its default, 4. 
[04Oct2026 19:05:22.904] [Server thread/WARN] [net.minecraftforge.common.ForgeConfigSpec/CORE]: Incorrect key advanced_infuser.costs.maximum_cost was corrected from null to its default, 20. 
[04Oct2026 19:05:22.904] [Server thread/WARN] [net.minecraftforge.common.ForgeConfigSpec/CORE]: Incorrect key advanced_infuser.costs.scale_costs_by_vanilla_only was corrected from null to its default, true. 
[04Oct2026 19:05:22.905] [Server thread/WARN] [net.minecraftforge.common.ForgeConfigSpec/CORE]: Incorrect key advanced_infuser.costs.uncommon_cost_multiplier was corrected from null to its default, 3. 
[04Oct2026 19:05:22.905] [Server thread/WARN] [net.minecraftforge.common.ForgeConfigSpec/CORE]: Incorrect key advanced_infuser.costs.common_cost_multiplier was corrected from null to its default, 2. 
[04Oct2026 19:05:22.905] [Server thread/WARN] [net.minecraftforge.common.ForgeConfigSpec/CORE]: Incorrect key advanced_infuser.allow_modifying_enchantments was corrected from null to its default, ALL. 
[04Oct2026 19:05:22.905] [Server thread/WARN] [net.minecraftforge.common.ForgeConfigSpec/CORE]: Incorrect key advanced_infuser.maximum_bookshelves was corrected from null to its default, 15. 
[04Oct2026 19:05:22.905] [Server thread/WARN] [net.minecraftforge.common.ForgeConfigSpec/CORE]: Incorrect key advanced_infuser.power was corrected from null to its default, SimpleCommentedConfig:{}. 
[04Oct2026 19:05:22.905] [Server thread/WARN] [net.minecraftforge.common.ForgeConfigSpec/CORE]: Incorrect key advanced_infuser.power.rare_multiplier was corrected from null to its default, 0.4. 
[04Oct2026 19:05:22.905] [Server thread/WARN] [net.minecraftforge.common.ForgeConfigSpec/CORE]: Incorrect key advanced_infuser.power.untradeable_multiplier was corrected from null to its default, 0.9. 
[04Oct2026 19:05:22.905] [Server thread/WARN] [net.minecraftforge.common.ForgeConfigSpec/CORE]: Incorrect key advanced_infuser.power.rarity_range was corrected from null to its default, 0.4. 
[04Oct2026 19:05:22.905] [Server thread/WARN] [net.minecraftforge.common.ForgeConfigSpec/CORE]: Incorrect key advanced_infuser.power.undiscoverable_multiplier was corrected from null to its default, 0.9. 
[04Oct2026 19:05:22.905] [Server thread/WARN] [net.minecraftforge.common.ForgeConfigSpec/CORE]: Incorrect key advanced_infuser.power.treasure_multiplier was corrected from null to its default, 0.95. 
[04Oct2026 19:05:22.905] [Server thread/WARN] [net.minecraftforge.common.ForgeConfigSpec/CORE]: Incorrect key advanced_infuser.power.curse_multiplier was corrected from null to its default, 1.0. 
[04Oct2026 19:05:22.905] [Server thread/WARN] [net.minecraftforge.common.ForgeConfigSpec/CORE]: Incorrect key advanced_infuser.power.common_multiplier was corrected from null to its default, -0.2. 
[04Oct2026 19:05:22.905] [Server thread/WARN] [net.minecraftforge.common.ForgeConfigSpec/CORE]: Incorrect key advanced_infuser.power.very_rare_multiplier was corrected from null to its default, 0.6. 
[04Oct2026 19:05:22.905] [Server thread/WARN] [net.minecraftforge.common.ForgeConfigSpec/CORE]: Incorrect key advanced_infuser.power.uncommon_multiplier was corrected from null to its default, 0.2. 
[04Oct2026 19:05:22.906] [Server thread/WARN] [net.minecraftforge.common.ForgeConfigSpec/CORE]: Incorrect key advanced_infuser.increase_anvil_repair_cost was corrected from null to its default, false. 
[04Oct2026 19:05:22.906] [Server thread/WARN] [net.minecraftforge.common.ForgeConfigSpec/CORE]: Incorrect key advanced_infuser.allow_books was corrected from null to its default, true. 
[04Oct2026 19:05:22.906] [Server thread/WARN] [net.minecraftforge.common.ForgeConfigSpec/CORE]: Incorrect key normal_infuser was corrected from null to its default, SimpleCommentedConfig:{}. 
[04Oct2026 19:05:22.906] [Server thread/WARN] [net.minecraftforge.common.ForgeConfigSpec/CORE]: Incorrect key normal_infuser.allow_repairing was corrected from null to its default, NOTHING. 
[04Oct2026 19:05:22.906] [Server thread/WARN] [net.minecraftforge.common.ForgeConfigSpec/CORE]: Incorrect key normal_infuser.types was corrected from null to its default, SimpleCommentedConfig:{}. 
[04Oct2026 19:05:22.906] [Server thread/WARN] [net.minecraftforge.common.ForgeConfigSpec/CORE]: Incorrect key normal_infuser.types.allow_curses_enchantments was corrected from null to its default, false. 
[04Oct2026 19:05:22.906] [Server thread/WARN] [net.minecraftforge.common.ForgeConfigSpec/CORE]: Incorrect key normal_infuser.types.allow_treasure_enchantments was corrected from null to its default, false. 
[04Oct2026 19:05:22.906] [Server thread/WARN] [net.minecraftforge.common.ForgeConfigSpec/CORE]: Incorrect key normal_infuser.types.allow_untradeable_enchantments was corrected from null to its default, false. 
[04Oct2026 19:05:22.906] [Server thread/WARN] [net.minecraftforge.common.ForgeConfigSpec/CORE]: Incorrect key normal_infuser.types.allow_anvil_enchantments was corrected from null to its default, false. 
[04Oct2026 19:05:22.906] [Server thread/WARN] [net.minecraftforge.common.ForgeConfigSpec/CORE]: Incorrect key normal_infuser.types.allow_undiscoverable_enchantments was corrected from null to its default, false. 
[04Oct2026 19:05:22.907] [Server thread/WARN] [net.minecraftforge.common.ForgeConfigSpec/CORE]: Incorrect key normal_infuser.repair was corrected from null to its default, SimpleCommentedConfig:{}. 
[04Oct2026 19:05:22.907] [Server thread/WARN] [net.minecraftforge.common.ForgeConfigSpec/CORE]: Incorrect key normal_infuser.repair.repair_step_multiplier was corrected from null to its default, 2.0. 
[04Oct2026 19:05:22.907] [Server thread/WARN] [net.minecraftforge.common.ForgeConfigSpec/CORE]: Incorrect key normal_infuser.repair.repair_percentage_step was corrected from null to its default, 0.25. 
[04Oct2026 19:05:22.907] [Server thread/WARN] [net.minecraftforge.common.ForgeConfigSpec/CORE]: Incorrect key normal_infuser.costs was corrected from null to its default, SimpleCommentedConfig:{}. 
[04Oct2026 19:05:22.907] [Server thread/WARN] [net.minecraftforge.common.ForgeConfigSpec/CORE]: Incorrect key normal_infuser.costs.very_rare_cost_multiplier was corrected from null to its default, 5. 
[04Oct2026 19:05:22.907] [Server thread/WARN] [net.minecraftforge.common.ForgeConfigSpec/CORE]: Incorrect key normal_infuser.costs.double_uniques was corrected from null to its default, true. 
[04Oct2026 19:05:22.907] [Server thread/WARN] [net.minecraftforge.common.ForgeConfigSpec/CORE]: Incorrect key normal_infuser.costs.rare_cost_multiplier was corrected from null to its default, 4. 
[04Oct2026 19:05:22.907] [Server thread/WARN] [net.minecraftforge.common.ForgeConfigSpec/CORE]: Incorrect key normal_infuser.costs.maximum_cost was corrected from null to its default, 30. 
[04Oct2026 19:05:22.907] [Server thread/WARN] [net.minecraftforge.common.ForgeConfigSpec/CORE]: Incorrect key normal_infuser.costs.scale_costs_by_vanilla_only was corrected from null to its default, true. 
[04Oct2026 19:05:22.907] [Server thread/WARN] [net.minecraftforge.common.ForgeConfigSpec/CORE]: Incorrect key normal_infuser.costs.uncommon_cost_multiplier was corrected from null to its default, 3. 
[04Oct2026 19:05:22.907] [Server thread/WARN] [net.minecraftforge.common.ForgeConfigSpec/CORE]: Incorrect key normal_infuser.costs.common_cost_multiplier was corrected from null to its default, 2. 
[04Oct2026 19:05:22.907] [Server thread/WARN] [net.minecraftforge.common.ForgeConfigSpec/CORE]: Incorrect key normal_infuser.allow_modifying_enchantments was corrected from null to its default, UNENCHANTED. 
[04Oct2026 19:05:22.907] [Server thread/WARN] [net.minecraftforge.common.ForgeConfigSpec/CORE]: Incorrect key normal_infuser.maximum_bookshelves was corrected from null to its default, 15. 
[04Oct2026 19:05:22.907] [Server thread/WARN] [net.minecraftforge.common.ForgeConfigSpec/CORE]: Incorrect key normal_infuser.power was corrected from null to its default, SimpleCommentedConfig:{}. 
[04Oct2026 19:05:22.907] [Server thread/WARN] [net.minecraftforge.common.ForgeConfigSpec/CORE]: Incorrect key normal_infuser.power.rare_multiplier was corrected from null to its default, 0.4. 
[04Oct2026 19:05:22.907] [Server thread/WARN] [net.minecraftforge.common.ForgeConfigSpec/CORE]: Incorrect key normal_infuser.power.untradeable_multiplier was corrected from null to its default, 0.9. 
[04Oct2026 19:05:22.907] [Server thread/WARN] [net.minecraftforge.common.ForgeConfigSpec/CORE]: Incorrect key normal_infuser.power.rarity_range was corrected from null to its default, 0.4. 
[04Oct2026 19:05:22.907] [Server thread/WARN] [net.minecraftforge.common.ForgeConfigSpec/CORE]: Incorrect key normal_infuser.power.undiscoverable_multiplier was corrected from null to its default, 0.9. 
[04Oct2026 19:05:22.908] [Server thread/WARN] [net.minecraftforge.common.ForgeConfigSpec/CORE]: Incorrect key normal_infuser.power.treasure_multiplier was corrected from null to its default, 0.95. 
[04Oct2026 19:05:22.908] [Server thread/WARN] [net.minecraftforge.common.ForgeConfigSpec/CORE]: Incorrect key normal_infuser.power.curse_multiplier was corrected from null to its default, 1.0. 
[04Oct2026 19:05:22.908] [Server thread/WARN] [net.minecraftforge.common.ForgeConfigSpec/CORE]: Incorrect key normal_infuser.power.common_multiplier was corrected from null to its default, -0.2. 
[04Oct2026 19:05:22.908] [Server thread/WARN] [net.minecraftforge.common.ForgeConfigSpec/CORE]: Incorrect key normal_infuser.power.very_rare_multiplier was corrected from null to its default, 0.6. 
[04Oct2026 19:05:22.908] [Server thread/WARN] [net.minecraftforge.common.ForgeConfigSpec/CORE]: Incorrect key normal_infuser.power.uncommon_multiplier was corrected from null to its default, 0.2. 
[04Oct2026 19:05:22.908] [Server thread/WARN] [net.minecraftforge.common.ForgeConfigSpec/CORE]: Incorrect key normal_infuser.increase_anvil_repair_cost was corrected from null to its default, false. 
[04Oct2026 19:05:22.908] [Server thread/WARN] [net.minecraftforge.common.ForgeConfigSpec/CORE]: Incorrect key normal_infuser.allow_books was corrected from null to its default, false. 
[04Oct2026 19:05:22.909] [Server thread/WARN] [net.minecraftforge.common.ForgeConfigSpec/CORE]: Incorrect key integration was corrected from null to its default, SimpleCommentedConfig:{}. 
[04Oct2026 19:05:22.909] [Server thread/WARN] [net.minecraftforge.common.ForgeConfigSpec/CORE]: Incorrect key integration.apotheosis_integration was corrected from null to its default, true. 
[04Oct2026 19:05:22.911] [Server thread/INFO] [Puzzles Lib/]: Loading server config for enchantinginfuser
[04Oct2026 19:05:22.913] [Server thread/WARN] [net.minecraftforge.common.ForgeConfigSpec/CORE]: Configuration file ./world/serverconfig/compactmachines-server.toml is not correct. Correcting
[04Oct2026 19:05:22.913] [Server thread/WARN] [net.minecraftforge.common.ForgeConfigSpec/CORE]: Incorrect key machines was corrected from null to its default, SimpleCommentedConfig:{}. 
[04Oct2026 19:05:22.913] [Server thread/WARN] [net.minecraftforge.common.ForgeConfigSpec/CORE]: Incorrect key machines.breakHandling was corrected from null to its default, UNBREAKABLE. 
[04Oct2026 19:05:22.913] [Server thread/WARN] [net.minecraftforge.common.ForgeConfigSpec/CORE]: Incorrect key machines.floor was corrected from null to its default, 0. 
[04Oct2026 19:05:22.913] [Server thread/WARN] [net.minecraftforge.common.ForgeConfigSpec/CORE]: Incorrect key machines.allowOutside was corrected from null to its default, false. 
[04Oct2026 19:05:22.914] [Server thread/WARN] [net.minecraftforge.common.ForgeConfigSpec/CORE]: Incorrect key commands was corrected from null to its default, SimpleCommentedConfig:{}. 
[04Oct2026 19:05:22.914] [Server thread/WARN] [net.minecraftforge.common.ForgeConfigSpec/CORE]: Incorrect key commands.permLevels was corrected from null to its default, SimpleCommentedConfig:{}. 
[04Oct2026 19:05:22.914] [Server thread/WARN] [net.minecraftforge.common.ForgeConfigSpec/CORE]: Incorrect key commands.permLevels.rebind was corrected from null to its default, 2. 
[04Oct2026 19:05:22.914] [Server thread/WARN] [net.minecraftforge.common.ForgeConfigSpec/CORE]: Incorrect key commands.permLevels.give was corrected from null to its default, 2. 
[04Oct2026 19:05:22.914] [Server thread/WARN] [net.minecraftforge.common.ForgeConfigSpec/CORE]: Incorrect key commands.permLevels.spawn was corrected from null to its default, 2. 
[04Oct2026 19:05:22.915] [Server thread/WARN] [net.minecraftforge.common.ForgeConfigSpec/CORE]: Incorrect key commands.permLevels.upgrades was corrected from null to its default, 2. 
[04Oct2026 19:05:22.917] [Server thread/WARN] [net.minecraftforge.common.ForgeConfigSpec/CORE]: Configuration file ./world/serverconfig/jei-server.toml is not correct. Correcting
[04Oct2026 19:05:22.917] [Server thread/WARN] [net.minecraftforge.common.ForgeConfigSpec/CORE]: Incorrect key cheat mode was corrected from null to its default, SimpleCommentedConfig:{}. 
[04Oct2026 19:05:22.917] [Server thread/WARN] [net.minecraftforge.common.ForgeConfigSpec/CORE]: Incorrect key cheat mode.enableCheatModeForOp was corrected from null to its default, true. 
[04Oct2026 19:05:22.917] [Server thread/WARN] [net.minecraftforge.common.ForgeConfigSpec/CORE]: Incorrect key cheat mode.enableCheatModeForCreative was corrected from null to its default, true. 
[04Oct2026 19:05:22.917] [Server thread/WARN] [net.minecraftforge.common.ForgeConfigSpec/CORE]: Incorrect key cheat mode.enableCheatModeForGive was corrected from null to its default, false. 
[04Oct2026 19:05:22.917] [Server thread/WARN] [net.minecraftforge.common.ForgeConfigSpec/CORE]: Configuration file ./world/serverconfig/easy_villagers-server.toml is not correct. Correcting
[04Oct2026 19:05:22.917] [Server thread/WARN] [net.minecraftforge.common.ForgeConfigSpec/CORE]: Incorrect key breeder was corrected from null to its default, SimpleCommentedConfig:{}. 
[04Oct2026 19:05:22.918] [Server thread/WARN] [net.minecraftforge.common.ForgeConfigSpec/CORE]: Incorrect key breeder.breeding_time was corrected from null to its default, 1200. 
[04Oct2026 19:05:22.918] [Server thread/WARN] [net.minecraftforge.common.ForgeConfigSpec/CORE]: Incorrect key converter was corrected from null to its default, SimpleCommentedConfig:{}. 
[04Oct2026 19:05:22.918] [Server thread/WARN] [net.minecraftforge.common.ForgeConfigSpec/CORE]: Incorrect key converter.converting_time was corrected from null to its default, 6000. 
[04Oct2026 19:05:22.918] [Server thread/WARN] [net.minecraftforge.common.ForgeConfigSpec/CORE]: Incorrect key farmer was corrected from null to its default, SimpleCommentedConfig:{}. 
[04Oct2026 19:05:22.918] [Server thread/WARN] [net.minecraftforge.common.ForgeConfigSpec/CORE]: Incorrect key farmer.farm_speed was corrected from null to its default, 10. 
[04Oct2026 19:05:22.919] [Server thread/WARN] [net.minecraftforge.common.ForgeConfigSpec/CORE]: Incorrect key iron_farm was corrected from null to its default, SimpleCommentedConfig:{}. 
[04Oct2026 19:05:22.919] [Server thread/WARN] [net.minecraftforge.common.ForgeConfigSpec/CORE]: Incorrect key iron_farm.spawn_time was corrected from null to its default, 4800. 
[04Oct2026 19:05:22.919] [Server thread/WARN] [net.minecraftforge.common.ForgeConfigSpec/CORE]: Incorrect key trader was corrected from null to its default, SimpleCommentedConfig:{}. 
[04Oct2026 19:05:22.919] [Server thread/WARN] [net.minecraftforge.common.ForgeConfigSpec/CORE]: Incorrect key trader.min_restock_time was corrected from null to its default, 1200. 
[04Oct2026 19:05:22.919] [Server thread/WARN] [net.minecraftforge.common.ForgeConfigSpec/CORE]: Incorrect key trader.max_restock_time was corrected from null to its default, 3600. 
[04Oct2026 19:05:22.919] [Server thread/WARN] [net.minecraftforge.common.ForgeConfigSpec/CORE]: Incorrect key auto_trader was corrected from null to its default, SimpleCommentedConfig:{}. 
[04Oct2026 19:05:22.919] [Server thread/WARN] [net.minecraftforge.common.ForgeConfigSpec/CORE]: Incorrect key auto_trader.min_restock_time was corrected from null to its default, 1200. 
[04Oct2026 19:05:22.919] [Server thread/WARN] [net.minecraftforge.common.ForgeConfigSpec/CORE]: Incorrect key auto_trader.max_restock_time was corrected from null to its default, 3600. 
[04Oct2026 19:05:22.919] [Server thread/WARN] [net.minecraftforge.common.ForgeConfigSpec/CORE]: Incorrect key auto_trader.trade_cooldown was corrected from null to its default, 20. 
[04Oct2026 19:05:22.919] [Server thread/WARN] [net.minecraftforge.common.ForgeConfigSpec/CORE]: Incorrect key villager was corrected from null to its default, SimpleCommentedConfig:{}. 
[04Oct2026 19:05:22.919] [Server thread/WARN] [net.minecraftforge.common.ForgeConfigSpec/CORE]: Incorrect key villager.inventory_sounds was corrected from null to its default, true. 
[04Oct2026 19:05:22.919] [Server thread/WARN] [net.minecraftforge.common.ForgeConfigSpec/CORE]: Incorrect key villager.sound_amount was corrected from null to its default, 20. 
[04Oct2026 19:05:22.919] [Server thread/WARN] [net.minecraftforge.common.ForgeConfigSpec/CORE]: Incorrect key villager.trade_cycling was corrected from null to its default, true. 
[04Oct2026 19:05:22.919] [Server thread/WARN] [net.minecraftforge.common.ForgeConfigSpec/CORE]: Incorrect key villager.universal_reputation was corrected from null to its default, true. 
[04Oct2026 19:05:22.919] [Server thread/WARN] [net.minecraftforge.common.ForgeConfigSpec/CORE]: Incorrect key incubator was corrected from null to its default, SimpleCommentedConfig:{}. 
[04Oct2026 19:05:22.920] [Server thread/WARN] [net.minecraftforge.common.ForgeConfigSpec/CORE]: Incorrect key incubator.speed was corrected from null to its default, 2. 
[04Oct2026 19:05:22.920] [Server thread/WARN] [net.minecraftforge.common.ForgeConfigSpec/CORE]: Configuration file /Users/caden/A.Developer/JuniorMC/SERVER/config/ProjectE/processing.toml is not correct. Correcting
[04Oct2026 19:05:22.920] [Server thread/WARN] [net.minecraftforge.common.ForgeConfigSpec/CORE]: Incorrect key processors was corrected from null to its default, SimpleCommentedConfig:{}. 
[04Oct2026 19:05:22.920] [Server thread/WARN] [net.minecraftforge.common.ForgeConfigSpec/CORE]: Incorrect key processors.DamageProcessor was corrected from null to its default, SimpleCommentedConfig:{}. 
[04Oct2026 19:05:22.920] [Server thread/WARN] [net.minecraftforge.common.ForgeConfigSpec/CORE]: Incorrect key processors.DamageProcessor.enabled was corrected from null to its default, true. 
[04Oct2026 19:05:22.920] [Server thread/WARN] [net.minecraftforge.common.ForgeConfigSpec/CORE]: Incorrect key processors.StoredEMCProcessor was corrected from null to its default, SimpleCommentedConfig:{}. 
[04Oct2026 19:05:22.920] [Server thread/WARN] [net.minecraftforge.common.ForgeConfigSpec/CORE]: Incorrect key processors.StoredEMCProcessor.enabled was corrected from null to its default, true. 
[04Oct2026 19:05:22.920] [Server thread/WARN] [net.minecraftforge.common.ForgeConfigSpec/CORE]: Incorrect key processors.EnchantmentProcessor was corrected from null to its default, SimpleCommentedConfig:{}. 
[04Oct2026 19:05:22.920] [Server thread/WARN] [net.minecraftforge.common.ForgeConfigSpec/CORE]: Incorrect key processors.EnchantmentProcessor.enabled was corrected from null to its default, false. 
[04Oct2026 19:05:22.920] [Server thread/WARN] [net.minecraftforge.common.ForgeConfigSpec/CORE]: Incorrect key processors.EnchantmentProcessor.persistent was corrected from null to its default, false. 
[04Oct2026 19:05:22.921] [Server thread/WARN] [net.minecraftforge.common.ForgeConfigSpec/CORE]: Incorrect key processors.DecoratedPotProcessor was corrected from null to its default, SimpleCommentedConfig:{}. 
[04Oct2026 19:05:22.921] [Server thread/WARN] [net.minecraftforge.common.ForgeConfigSpec/CORE]: Incorrect key processors.DecoratedPotProcessor.enabled was corrected from null to its default, true. 
[04Oct2026 19:05:22.921] [Server thread/WARN] [net.minecraftforge.common.ForgeConfigSpec/CORE]: Incorrect key processors.DecoratedPotProcessor.persistent was corrected from null to its default, true. 
[04Oct2026 19:05:22.921] [Server thread/WARN] [net.minecraftforge.common.ForgeConfigSpec/CORE]: Incorrect key processors.ArmorTrimProcessor was corrected from null to its default, SimpleCommentedConfig:{}. 
[04Oct2026 19:05:22.921] [Server thread/WARN] [net.minecraftforge.common.ForgeConfigSpec/CORE]: Incorrect key processors.ArmorTrimProcessor.enabled was corrected from null to its default, true. 
[04Oct2026 19:05:22.921] [Server thread/WARN] [net.minecraftforge.common.ForgeConfigSpec/CORE]: Incorrect key processors.ArmorTrimProcessor.persistent was corrected from null to its default, true. 
[04Oct2026 19:05:22.989] [Server thread/INFO] [net.minecraft.server.dedicated.DedicatedServer/]: Preparing level "world"
[04Oct2026 19:05:24.010] [Server thread/INFO] [net.minecraft.server.MinecraftServer/]: Preparing start region for dimension minecraft:overworld
[04Oct2026 19:05:25.403] [Server thread/INFO] [net.minecraft.server.level.progress.LoggerChunkProgressListener/]: Preparing spawn area: 0%
[04Oct2026 19:05:25.403] [Server thread/INFO] [net.minecraft.server.level.progress.LoggerChunkProgressListener/]: Preparing spawn area: 0%
[04Oct2026 19:05:25.403] [Server thread/INFO] [net.minecraft.server.level.progress.LoggerChunkProgressListener/]: Preparing spawn area: 0%
[04Oct2026 19:05:25.512] [Server thread/INFO] [net.minecraft.server.level.progress.LoggerChunkProgressListener/]: Preparing spawn area: 0%
[04Oct2026 19:05:25.658] [Server thread/INFO] [STDOUT/]: [earth.terrarium.botarium.common.energy.EnergyApi:finalizeBlockRegistration:39]: Finalizing energy block registration
[04Oct2026 19:05:25.659] [Server thread/INFO] [STDOUT/]: [earth.terrarium.botarium.common.fluid.FluidApi:finalizeBlockRegistration:42]: Finalizing fluid block registration
[04Oct2026 19:05:25.910] [Server thread/INFO] [net.minecraft.server.level.progress.LoggerChunkProgressListener/]: Time elapsed: 1900 ms
[04Oct2026 19:05:25.911] [Server thread/INFO] [net.minecraft.server.dedicated.DedicatedServer/]: Done (3.083s)! For help, type "help"
[04Oct2026 19:05:25.938] [LanServerPinger #1/WARN] [net.minecraft.client.server.LanServerPinger/]: LanServerPinger: No route to host
[04Oct2026 19:05:25.961] [Server thread/INFO] [net.minecraftforge.server.permission.PermissionAPI/]: Successfully initialized permission handler forge:default_handler
[04Oct2026 19:05:25.975] [Server thread/INFO] [com.davenonymous.bonsaitrees3.BonsaiTrees3/]: Updated soil compatibility
[04Oct2026 19:05:25.975] [Server thread/INFO] [com.davenonymous.bonsaitrees3.BonsaiTrees3/]: Updated additional upgrade items. Found 0.
[04Oct2026 19:05:26.017] [Server thread/INFO] [ModernFix/]: Instantiating Mojang DFU
[04Oct2026 19:05:29.569] [Server thread/WARN] [ModernFix/]: Dedicated server took 24.78 seconds to load
[04Oct2026 19:05:29.766] [Server thread/INFO] [STDOUT/]: [earth.terrarium.botarium.common.energy.EnergyApi:finalizeItemRegistration:54]: Finalizing energy item registration
[04Oct2026 19:05:29.766] [Server thread/INFO] [STDOUT/]: [earth.terrarium.botarium.common.fluid.FluidApi:finalizeItemRegistration:55]: Finalizing fluid item registration
[04Oct2026 19:05:30.255] [Server thread/INFO] [com.github.alexthe666.alexsmobs.AlexsMobs/]: Found Pupfish chunk at 991 ~ -672 after 23 tries
[04Oct2026 19:05:34.012] [Forge Version Check/WARN] [net.minecraftforge.fml.VersionChecker/]: Failed to process update information
java.net.http.HttpConnectTimeoutException: HTTP connect timed out
	at jdk.internal.net.http.HttpClientImpl.send(HttpClientImpl.java:894) ~[java.net.http:?]
	at jdk.internal.net.http.HttpClientFacade.send(HttpClientFacade.java:133) ~[java.net.http:?]
	at net.minecraftforge.fml.VersionChecker$1.openUrlString(VersionChecker.java:142) ~[fmlcore-1.20.1-47.4.10.jar%23272!/:?]
	at net.minecraftforge.fml.VersionChecker$1.process(VersionChecker.java:180) ~[fmlcore-1.20.1-47.4.10.jar%23272!/:?]
	at java.lang.Iterable.forEach(Iterable.java:75) ~[?:?]
	at net.minecraftforge.fml.VersionChecker$1.run(VersionChecker.java:117) ~[fmlcore-1.20.1-47.4.10.jar%23272!/:?]
Caused by: java.net.http.HttpConnectTimeoutException: HTTP connect timed out
	at jdk.internal.net.http.ResponseTimerEvent.handle(ResponseTimerEvent.java:68) ~[java.net.http:?]
	at jdk.internal.net.http.HttpClientImpl.purgeTimeoutsAndReturnNextDeadline(HttpClientImpl.java:1693) ~[java.net.http:?]
	at jdk.internal.net.http.HttpClientImpl$SelectorManager.run(HttpClientImpl.java:1311) ~[java.net.http:?]
Caused by: java.net.ConnectException: HTTP connect timed out
	at jdk.internal.net.http.ResponseTimerEvent.handle(ResponseTimerEvent.java:69) ~[java.net.http:?]
	at jdk.internal.net.http.HttpClientImpl.purgeTimeoutsAndReturnNextDeadline(HttpClientImpl.java:1693) ~[java.net.http:?]
	at jdk.internal.net.http.HttpClientImpl$SelectorManager.run(HttpClientImpl.java:1311) ~[java.net.http:?]
[04Oct2026 19:05:34.013] [Forge Version Check/INFO] [net.minecraftforge.fml.VersionChecker/]: [searchables] Starting version check at https://updates.blamejared.com/get?n=searchables&gv=1.20.1
[04Oct2026 19:05:34.181] [Forge Version Check/INFO] [net.minecraftforge.fml.VersionChecker/]: [searchables] Found status: BETA Current: 1.0.3 Target: 1.0.3
[04Oct2026 19:05:34.181] [Forge Version Check/INFO] [net.minecraftforge.fml.VersionChecker/]: [cumulus_menus] Starting version check at https://github.com/The-Aether-Team/Cumulus/raw/1.20.1-develop/update.json
[04Oct2026 19:05:34.216] [Forge Version Check/INFO] [net.minecraftforge.fml.VersionChecker/]: [cumulus_menus] Found status: UP_TO_DATE Current: 1.20.1-1.0.1-neoforge Target: null
[04Oct2026 19:05:34.217] [Forge Version Check/INFO] [net.minecraftforge.fml.VersionChecker/]: [enchantinginfuser] Starting version check at https://raw.githubusercontent.com/Fuzss/modresources/main/update/enchantinginfuser.json
[04Oct2026 19:05:34.229] [Forge Version Check/INFO] [net.minecraftforge.fml.VersionChecker/]: [enchantinginfuser] Found status: UP_TO_DATE Current: 8.0.3 Target: null
[04Oct2026 19:05:34.229] [Forge Version Check/INFO] [net.minecraftforge.fml.VersionChecker/]: [cyclic] Starting version check at https://raw.githubusercontent.com/Lothrazar/cyclic/trunk/1.20.1/update.json
[04Oct2026 19:05:34.251] [Forge Version Check/INFO] [net.minecraftforge.fml.VersionChecker/]: [cyclic] Found status: BETA Current: 1.13.7 Target: 1.13.7
[04Oct2026 19:05:34.252] [Forge Version Check/INFO] [net.minecraftforge.fml.VersionChecker/]: [cucumber] Starting version check at https://api.blakesmods.com/v2/mods/cucumber/1.20/updates
[04Oct2026 19:05:34.412] [Forge Version Check/INFO] [net.minecraftforge.fml.VersionChecker/]: [cucumber] Found status: UP_TO_DATE Current: 7.0.16 Target: null
[04Oct2026 19:05:34.412] [Forge Version Check/INFO] [net.minecraftforge.fml.VersionChecker/]: [clumps] Starting version check at https://updates.blamejared.com/get?n=clumps&gv=1.20.1
[04Oct2026 19:05:34.580] [Forge Version Check/INFO] [net.minecraftforge.fml.VersionChecker/]: [clumps] Found status: BETA Current: 12.0.0.4 Target: 12.0.0.4
[04Oct2026 19:05:34.580] [Forge Version Check/INFO] [net.minecraftforge.fml.VersionChecker/]: [puzzlesaccessapi] Starting version check at https://raw.githubusercontent.com/Fuzss/modresources/main/update/puzzlesaccessapi.json
[04Oct2026 19:05:34.595] [Forge Version Check/INFO] [net.minecraftforge.fml.VersionChecker/]: [puzzlesaccessapi] Found status: BETA Current: 20.1.1 Target: null
[04Oct2026 19:05:34.595] [Forge Version Check/INFO] [net.minecraftforge.fml.VersionChecker/]: [forge] Starting version check at https://files.minecraftforge.net/net/minecraftforge/forge/promotions_slim.json
[04Oct2026 19:05:34.755] [Forge Version Check/INFO] [net.minecraftforge.fml.VersionChecker/]: [forge] Found status: UP_TO_DATE Current: 47.4.10 Target: null
[04Oct2026 19:05:34.755] [Forge Version Check/INFO] [net.minecraftforge.fml.VersionChecker/]: [mysticalagriculture] Starting version check at https://api.blakesmods.com/v2/mods/mysticalagriculture/1.20/updates
[04Oct2026 19:05:34.850] [Forge Version Check/INFO] [net.minecraftforge.fml.VersionChecker/]: [mysticalagriculture] Found status: UP_TO_DATE Current: 7.0.24 Target: null
[04Oct2026 19:05:34.850] [Forge Version Check/INFO] [net.minecraftforge.fml.VersionChecker/]: [enchdesc] Starting version check at https://updates.blamejared.com/get?n=enchdesc&gv=1.20.1
[04Oct2026 19:05:35.040] [Forge Version Check/INFO] [net.minecraftforge.fml.VersionChecker/]: [enchdesc] Found status: BETA Current: 17.1.21 Target: 17.1.21
[04Oct2026 19:05:35.040] [Forge Version Check/INFO] [net.minecraftforge.fml.VersionChecker/]: [adlods] Starting version check at https://forge.curseupdate.com/318833/adlods
[04Oct2026 19:05:35.068] [Forge Version Check/INFO] [net.minecraftforge.fml.VersionChecker/]: [adlods] Found status: UP_TO_DATE Current: 8.1.12.0 Target: null
[04Oct2026 19:05:35.068] [Forge Version Check/INFO] [net.minecraftforge.fml.VersionChecker/]: [easy_villagers] Starting version check at https://update.maxhenkel.de/forge/easy_villagers
[04Oct2026 19:05:36.520] [Forge Version Check/INFO] [net.minecraftforge.fml.VersionChecker/]: [easy_villagers] Found status: OUTDATED Current: 1.20.1-1.1.23 Target: 1.20.1-1.1.39
[04Oct2026 19:05:36.520] [Forge Version Check/INFO] [net.minecraftforge.fml.VersionChecker/]: [iceberg] Starting version check at https://mc-update-check.anthonyhilyard.com/520110
[04Oct2026 19:05:51.523] [Forge Version Check/WARN] [net.minecraftforge.fml.VersionChecker/]: Failed to process update information
java.net.http.HttpConnectTimeoutException: HTTP connect timed out
	at jdk.internal.net.http.HttpClientImpl.send(HttpClientImpl.java:894) ~[java.net.http:?]
	at jdk.internal.net.http.HttpClientFacade.send(HttpClientFacade.java:133) ~[java.net.http:?]
	at net.minecraftforge.fml.VersionChecker$1.openUrlString(VersionChecker.java:142) ~[fmlcore-1.20.1-47.4.10.jar%23272!/:?]
	at net.minecraftforge.fml.VersionChecker$1.process(VersionChecker.java:180) ~[fmlcore-1.20.1-47.4.10.jar%23272!/:?]
	at java.lang.Iterable.forEach(Iterable.java:75) ~[?:?]
	at net.minecraftforge.fml.VersionChecker$1.run(VersionChecker.java:117) ~[fmlcore-1.20.1-47.4.10.jar%23272!/:?]
Caused by: java.net.http.HttpConnectTimeoutException: HTTP connect timed out
	at jdk.internal.net.http.ResponseTimerEvent.handle(ResponseTimerEvent.java:68) ~[java.net.http:?]
	at jdk.internal.net.http.HttpClientImpl.purgeTimeoutsAndReturnNextDeadline(HttpClientImpl.java:1693) ~[java.net.http:?]
	at jdk.internal.net.http.HttpClientImpl$SelectorManager.run(HttpClientImpl.java:1311) ~[java.net.http:?]
Caused by: java.net.ConnectException: HTTP connect timed out
	at jdk.internal.net.http.ResponseTimerEvent.handle(ResponseTimerEvent.java:69) ~[java.net.http:?]
	at jdk.internal.net.http.HttpClientImpl.purgeTimeoutsAndReturnNextDeadline(HttpClientImpl.java:1693) ~[java.net.http:?]
	at jdk.internal.net.http.HttpClientImpl$SelectorManager.run(HttpClientImpl.java:1311) ~[java.net.http:?]
[04Oct2026 19:05:51.524] [Forge Version Check/INFO] [net.minecraftforge.fml.VersionChecker/]: [puzzleslib] Starting version check at https://raw.githubusercontent.com/Fuzss/modresources/main/update/puzzleslib.json
[04Oct2026 19:05:51.544] [Forge Version Check/INFO] [net.minecraftforge.fml.VersionChecker/]: [puzzleslib] Found status: OUTDATED Current: 8.1.33 Target: 8.1.34
[04Oct2026 19:05:51.544] [Forge Version Check/INFO] [net.minecraftforge.fml.VersionChecker/]: [betterf3] Starting version check at https://api.modrinth.com/updates/betterf3/forge_updates.json
[04Oct2026 19:05:51.820] [Forge Version Check/INFO] [net.minecraftforge.fml.VersionChecker/]: [betterf3] Found status: UP_TO_DATE Current: 7.0.2 Target: null
[04Oct2026 19:05:51.821] [Forge Version Check/INFO] [net.minecraftforge.fml.VersionChecker/]: [ad_astra] Starting version check at https://api.modrinth.com/updates/3ufwT9JF/forge_updates.json
[04Oct2026 19:05:51.919] [Forge Version Check/INFO] [net.minecraftforge.fml.VersionChecker/]: [ad_astra] Found status: UP_TO_DATE Current: 1.15.21 Target: null
[04Oct2026 19:06:17.506] [User Authenticator #1/INFO] [net.minecraft.server.network.ServerLoginPacketListenerImpl/]: UUID of player I_4M_DUTCH is 4443a862-e04e-4144-ad30-b9952816bea4
[04Oct2026 19:06:17.931] [Server thread/WARN] [net.minecraft.network.syncher.SynchedEntityData/]: defineId called for: class net.minecraft.world.entity.player.Player from class tschipp.carryon.common.carry.CarryOnDataManager
[04Oct2026 19:06:17.976] [Server thread/INFO] [net.minecraft.server.players.PlayerList/]: I_4M_DUTCH[/127.0.0.1:57491] logged in with entity id 268 at (-6.5, 68.0, -8.5)
[04Oct2026 19:06:18.017] [Server thread/INFO] [ModernFix/]: Using enhanced recipe sync for player I_4M_DUTCH
[04Oct2026 19:06:18.028] [Server thread/INFO] [net.minecraft.server.MinecraftServer/]: I_4M_DUTCH joined the game
[04Oct2026 19:06:18.087] [Server thread/INFO] [sfiomn.legendarytabs.LegendaryTabs/]: Syncing data-driven tabs to newly joined player
[04Oct2026 19:06:18.114] [Server thread/INFO] [Jade/]: Syncing config to I_4M_DUTCH (4443a862-e04e-4144-ad30-b9952816bea4)
[04Oct2026 19:07:36.790] [Worker-Main-7/INFO] [citadel/]: vanilla surface rule behavior unchanged
[04Oct2026 19:07:57.751] [Server thread/INFO] [net.minecraft.server.MinecraftServer/]: Made I_4M_DUTCH a server operator
[04Oct2026 19:08:49.038] [Server thread/INFO] [net.minecraft.server.MinecraftServer/]: [I_4M_DUTCH: Set the time to 1000]
[04Oct2026 19:09:27.537] [Server thread/INFO] [net.minecraft.server.MinecraftServer/]: I_4M_DUTCH has made the advancement [Monster Hunter]
[04Oct2026 19:09:42.537] [Server thread/INFO] [net.minecraft.server.MinecraftServer/]: [I_4M_DUTCH: Gamerule keepInventory is now set to: true]
[04Oct2026 19:10:23.037] [Server thread/INFO] [net.minecraft.server.MinecraftServer/]: [I_4M_DUTCH: Made I_4M_DUTCH no longer a server operator]
[04Oct2026 19:10:42.036] [User Authenticator #2/INFO] [net.minecraft.server.network.ServerLoginPacketListenerImpl/]: UUID of player MantureYT is cb8f6e70-cb6b-4e0f-979e-6aa5b01dc9bd
[04Oct2026 19:10:46.552] [Server thread/INFO] [net.minecraft.server.players.PlayerList/]: MantureYT[/127.0.0.1:58028] logged in with entity id 1136 at (0.9774055450207019, 64.24918707874468, 12.30433879088476)
[04Oct2026 19:10:46.559] [Server thread/INFO] [ModernFix/]: Using enhanced recipe sync for player MantureYT
[04Oct2026 19:10:46.561] [Server thread/INFO] [net.minecraft.server.MinecraftServer/]: MantureYT joined the game
[04Oct2026 19:10:46.586] [Server thread/INFO] [sfiomn.legendarytabs.LegendaryTabs/]: Syncing data-driven tabs to newly joined player
[04Oct2026 19:10:46.592] [Server thread/INFO] [Jade/]: Syncing config to MantureYT (cb8f6e70-cb6b-4e0f-979e-6aa5b01dc9bd)
[04Oct2026 19:10:59.685] [Server thread/INFO] [net.minecraft.server.MinecraftServer/]: I_4M_DUTCH has made the advancement [Stone Age]
[04Oct2026 19:11:07.686] [Server thread/INFO] [net.minecraft.server.MinecraftServer/]: I_4M_DUTCH was shot by Skeleton
[04Oct2026 19:12:11.401] [Server thread/INFO] [net.minecraft.server.MinecraftServer/]: I_4M_DUTCH has made the advancement [Getting an Upgrade]
[04Oct2026 19:12:18.682] [Server thread/INFO] [net.minecraft.server.MinecraftServer/]: MantureYT has made the advancement [Stone Age]
[04Oct2026 19:12:27.911] [Server thread/INFO] [net.minecraft.server.MinecraftServer/]: MantureYT has made the advancement [Getting an Upgrade]
[04Oct2026 19:14:15.586] [Server thread/INFO] [net.minecraft.server.network.ServerGamePacketListenerImpl/]: I_4M_DUTCH lost connection: Disconnected
[04Oct2026 19:14:15.586] [Server thread/INFO] [net.minecraft.server.MinecraftServer/]: I_4M_DUTCH left the game
[04Oct2026 19:14:17.494] [Server thread/INFO] [net.minecraft.server.network.ServerGamePacketListenerImpl/]: MantureYT lost connection: Disconnected
[04Oct2026 19:14:17.494] [Server thread/INFO] [net.minecraft.server.MinecraftServer/]: MantureYT left the game
[04Oct2026 19:16:56.221] [Server thread/INFO] [net.minecraft.server.MinecraftServer/]: Stopping the server
[04Oct2026 19:16:56.281] [Server thread/INFO] [net.minecraft.server.MinecraftServer/]: Stopping server
[04Oct2026 19:16:56.282] [Server thread/INFO] [net.minecraft.server.MinecraftServer/]: Saving players
[04Oct2026 19:16:56.282] [Server thread/INFO] [net.minecraft.server.MinecraftServer/]: Saving worlds
[04Oct2026 19:16:56.309] [Server thread/INFO] [net.minecraft.server.MinecraftServer/]: Saving chunks for level 'ServerLevel[world]'/minecraft:overworld
[04Oct2026 19:16:56.361] [Server thread/INFO] [net.minecraft.server.MinecraftServer/]: Saving chunks for level 'ServerLevel[world]'/compactmachines:compact_world
[04Oct2026 19:16:56.362] [Server thread/INFO] [net.minecraft.server.MinecraftServer/]: Saving chunks for level 'ServerLevel[world]'/ad_astra:glacio_orbit
[04Oct2026 19:16:56.362] [Server thread/INFO] [net.minecraft.server.MinecraftServer/]: Saving chunks for level 'ServerLevel[world]'/minecraft:the_end
[04Oct2026 19:16:56.363] [Server thread/INFO] [net.minecraft.server.MinecraftServer/]: Saving chunks for level 'ServerLevel[world]'/ad_astra:moon_orbit
[04Oct2026 19:16:56.363] [Server thread/INFO] [net.minecraft.server.MinecraftServer/]: Saving chunks for level 'ServerLevel[world]'/minecraft:the_nether
[04Oct2026 19:16:56.363] [Server thread/INFO] [net.minecraft.server.MinecraftServer/]: Saving chunks for level 'ServerLevel[world]'/deeperdarker:otherside
[04Oct2026 19:16:56.364] [Server thread/INFO] [net.minecraft.server.MinecraftServer/]: Saving chunks for level 'ServerLevel[world]'/ad_astra:earth_orbit
[04Oct2026 19:16:56.364] [Server thread/INFO] [net.minecraft.server.MinecraftServer/]: Saving chunks for level 'ServerLevel[world]'/ad_astra:moon
[04Oct2026 19:16:56.364] [Server thread/INFO] [net.minecraft.server.MinecraftServer/]: Saving chunks for level 'ServerLevel[world]'/aether:the_aether
[04Oct2026 19:16:56.365] [Server thread/INFO] [net.minecraft.server.MinecraftServer/]: Saving chunks for level 'ServerLevel[world]'/ad_astra:mercury_orbit
[04Oct2026 19:16:56.365] [Server thread/INFO] [net.minecraft.server.MinecraftServer/]: Saving chunks for level 'ServerLevel[world]'/ad_astra:mars
[04Oct2026 19:16:56.365] [Server thread/INFO] [net.minecraft.server.MinecraftServer/]: Saving chunks for level 'ServerLevel[world]'/ad_astra:mars_orbit
[04Oct2026 19:16:56.366] [Server thread/INFO] [net.minecraft.server.MinecraftServer/]: Saving chunks for level 'ServerLevel[world]'/ad_astra:mercury
[04Oct2026 19:16:56.366] [Server thread/INFO] [net.minecraft.server.MinecraftServer/]: Saving chunks for level 'ServerLevel[world]'/ad_astra:glacio
[04Oct2026 19:16:56.366] [Server thread/INFO] [net.minecraft.server.MinecraftServer/]: Saving chunks for level 'ServerLevel[world]'/ad_astra:venus
[04Oct2026 19:16:56.367] [Server thread/INFO] [net.minecraft.server.MinecraftServer/]: Saving chunks for level 'ServerLevel[world]'/ad_astra:venus_orbit
[04Oct2026 19:16:56.393] [Server thread/INFO] [net.minecraft.server.MinecraftServer/]: ThreadedAnvilChunkStorage (world): All chunks are saved
[04Oct2026 19:16:56.393] [Server thread/INFO] [net.minecraft.server.MinecraftServer/]: ThreadedAnvilChunkStorage (compact_world): All chunks are saved
[04Oct2026 19:16:56.393] [Server thread/INFO] [net.minecraft.server.MinecraftServer/]: ThreadedAnvilChunkStorage (glacio_orbit): All chunks are saved
[04Oct2026 19:16:56.393] [Server thread/INFO] [net.minecraft.server.MinecraftServer/]: ThreadedAnvilChunkStorage (DIM1): All chunks are saved
[04Oct2026 19:16:56.393] [Server thread/INFO] [net.minecraft.server.MinecraftServer/]: ThreadedAnvilChunkStorage (moon_orbit): All chunks are saved
[04Oct2026 19:16:56.393] [Server thread/INFO] [net.minecraft.server.MinecraftServer/]: ThreadedAnvilChunkStorage (DIM-1): All chunks are saved
[04Oct2026 19:16:56.393] [Server thread/INFO] [net.minecraft.server.MinecraftServer/]: ThreadedAnvilChunkStorage (otherside): All chunks are saved
[04Oct2026 19:16:56.393] [Server thread/INFO] [net.minecraft.server.MinecraftServer/]: ThreadedAnvilChunkStorage (earth_orbit): All chunks are saved
[04Oct2026 19:16:56.393] [Server thread/INFO] [net.minecraft.server.MinecraftServer/]: ThreadedAnvilChunkStorage (moon): All chunks are saved
[04Oct2026 19:16:56.393] [Server thread/INFO] [net.minecraft.server.MinecraftServer/]: ThreadedAnvilChunkStorage (the_aether): All chunks are saved
[04Oct2026 19:16:56.393] [Server thread/INFO] [net.minecraft.server.MinecraftServer/]: ThreadedAnvilChunkStorage (mercury_orbit): All chunks are saved
[04Oct2026 19:16:56.393] [Server thread/INFO] [net.minecraft.server.MinecraftServer/]: ThreadedAnvilChunkStorage (mars): All chunks are saved
[04Oct2026 19:16:56.393] [Server thread/INFO] [net.minecraft.server.MinecraftServer/]: ThreadedAnvilChunkStorage (mars_orbit): All chunks are saved
[04Oct2026 19:16:56.393] [Server thread/INFO] [net.minecraft.server.MinecraftServer/]: ThreadedAnvilChunkStorage (mercury): All chunks are saved
[04Oct2026 19:16:56.393] [Server thread/INFO] [net.minecraft.server.MinecraftServer/]: ThreadedAnvilChunkStorage (glacio): All chunks are saved
[04Oct2026 19:16:56.393] [Server thread/INFO] [net.minecraft.server.MinecraftServer/]: ThreadedAnvilChunkStorage (venus): All chunks are saved
[04Oct2026 19:16:56.393] [Server thread/INFO] [net.minecraft.server.MinecraftServer/]: ThreadedAnvilChunkStorage (venus_orbit): All chunks are saved
[04Oct2026 19:16:56.393] [Server thread/INFO] [net.minecraft.server.MinecraftServer/]: ThreadedAnvilChunkStorage: All dimensions are saved
